Año,Version_SCIAN,SCIAN_original,Sector,Establecimientos
2010,SCIAN 2007,461110,46,4179
2010,SCIAN 2007,722212,72,1975
2010,SCIAN 2007,722219,72,1707
2010,SCIAN 2007,812110,81,1582
2010,SCIAN 2007,463211,46,1481
2010,SCIAN 2007,461130,46,1174
2010,SCIAN 2007,621211,62,913
2010,SCIAN 2007,465311,46,849
2010,SCIAN 2007,811111,81,656
2010,SCIAN 2007,561432,56,578
2010,SCIAN 2007,621113,62,499
2010,SCIAN 2007,541110,54,493
2010,SCIAN 2007,461160,46,463
2010,SCIAN 2007,465912,46,453
2010,SCIAN 2007,621111,62,441
2010,SCIAN 2007,467111,46,414
2010,SCIAN 2007,461121,46,414
2010,SCIAN 2007,463310,46,392
2010,SCIAN 2007,464111,46,389
2010,SCIAN 2007,468211,46,345
2010,SCIAN 2007,811121,81,335
2010,SCIAN 2007,813210,81,324
2010,SCIAN 2007,467115,46,309
2010,SCIAN 2007,531113,53,283
2010,SCIAN 2007,541211,54,268
2010,SCIAN 2007,466410,46,268
2010,SCIAN 2007,466212,46,246
2010,SCIAN 2007,812210,81,246
2010,SCIAN 2007,713120,71,246
2010,SCIAN 2007,466312,46,229
2010,SCIAN 2007,461122,46,227
2010,SCIAN 2007,463215,46,226
2010,SCIAN 2007,811499,81,220
2010,SCIAN 2007,611122,61,217
2010,SCIAN 2007,722110,72,217
2010,SCIAN 2007,461212,46,212
2010,SCIAN 2007,461190,46,191
2010,SCIAN 2007,466111,46,189
2010,SCIAN 2007,811112,81,176
2010,SCIAN 2007,464113,46,175
2010,SCIAN 2007,811192,81,174
2010,SCIAN 2007,811191,81,172
2010,SCIAN 2007,624191,62,164
2010,SCIAN 2007,811211,81,159
2010,SCIAN 2007,461170,46,158
2010,SCIAN 2007,467113,46,156
2010,SCIAN 2007,465112,46,156
2010,SCIAN 2007,611112,61,155
2010,SCIAN 2007,722211,72,150
2010,SCIAN 2007,465111,46,146
2010,SCIAN 2007,621511,62,143
2010,SCIAN 2007,461140,46,142
2010,SCIAN 2007,463113,46,139
2010,SCIAN 2007,811119,81,138
2010,SCIAN 2007,466211,46,136
2010,SCIAN 2007,461150,46,136
2010,SCIAN 2007,811219,81,136
2010,SCIAN 2007,812410,81,134
2010,SCIAN 2007,467114,46,134
2010,SCIAN 2007,811430,81,133
2010,SCIAN 2007,465914,46,132
2010,SCIAN 2007,624411,62,129
2010,SCIAN 2007,466114,46,129
2010,SCIAN 2007,468420,46,129
2010,SCIAN 2007,464121,46,127
2010,SCIAN 2007,561510,56,126
2010,SCIAN 2007,722412,72,124
2010,SCIAN 2007,561431,56,119
2010,SCIAN 2007,611621,61,102
2010,SCIAN 2007,811491,81,99
2010,SCIAN 2007,541920,54,99
2010,SCIAN 2007,462112,46,96
2010,SCIAN 2007,811420,81,92
2010,SCIAN 2007,531210,53,91
2010,SCIAN 2007,465212,46,90
2010,SCIAN 2007,461123,46,90
2010,SCIAN 2007,463212,46,90
2010,SCIAN 2007,464112,46,88
2010,SCIAN 2007,465313,46,86
2010,SCIAN 2007,811199,81,86
2010,SCIAN 2007,465215,46,86
2010,SCIAN 2007,465211,46,85
2010,SCIAN 2007,611111,61,85
2010,SCIAN 2007,465911,46,84
2010,SCIAN 2007,811410,81,84
2010,SCIAN 2007,465919,46,83
2010,SCIAN 2007,713943,71,79
2010,SCIAN 2007,485111,48,77
2010,SCIAN 2007,541941,54,76
2010,SCIAN 2007,463213,46,76
2010,SCIAN 2007,621331,62,76
2010,SCIAN 2007,467112,46,75
2010,SCIAN 2007,561421,56,74
2010,SCIAN 2007,466319,46,73
2010,SCIAN 2007,813230,81,73
2010,SCIAN 2007,466112,46,68
2010,SCIAN 2007,541310,54,68
2010,SCIAN 2007,811312,81,67
2010,SCIAN 2007,721112,72,64
2010,SCIAN 2007,611611,61,63
2010,SCIAN 2007,468213,46,60
2010,SCIAN 2007,532230,53,60
2010,SCIAN 2007,541890,54,59
2010,SCIAN 2007,621398,62,58
2010,SCIAN 2007,468112,46,58
2010,SCIAN 2007,811492,81,57
2010,SCIAN 2007,461213,46,55
2010,SCIAN 2007,532291,53,53
2010,SCIAN 2007,522452,52,50
2010,SCIAN 2007,468212,46,48
2010,SCIAN 2007,611121,61,48
2010,SCIAN 2007,461211,46,47
2010,SCIAN 2007,721111,72,47
2010,SCIAN 2007,468411,46,47
2010,SCIAN 2007,713991,71,46
2010,SCIAN 2007,811493,81,46
2010,SCIAN 2007,812990,81,46
2010,SCIAN 2007,624412,62,46
2010,SCIAN 2007,541430,54,44
2010,SCIAN 2007,465312,46,43
2010,SCIAN 2007,813110,81,43
2010,SCIAN 2007,463112,46,43
2010,SCIAN 2007,813120,81,42
2010,SCIAN 2007,466311,46,42
2010,SCIAN 2007,463214,46,42
2010,SCIAN 2007,517910,51,41
2010,SCIAN 2007,463216,46,40
2010,SCIAN 2007,611312,61,39
2010,SCIAN 2007,811116,81,38
2010,SCIAN 2007,524210,52,38
2010,SCIAN 2007,541120,54,37
2010,SCIAN 2007,463217,46,37
2010,SCIAN 2007,522320,52,37
2010,SCIAN 2007,541810,54,37
2010,SCIAN 2007,465913,46,36
2010,SCIAN 2007,484222,48,36
2010,SCIAN 2007,713941,71,35
2010,SCIAN 2007,611411,61,35
2010,SCIAN 2007,468111,46,34
2010,SCIAN 2007,561520,56,33
2010,SCIAN 2007,611161,61,32
2010,SCIAN 2007,532310,53,32
2010,SCIAN 2007,611132,61,32
2010,SCIAN 2007,811129,81,31
2010,SCIAN 2007,611171,61,31
2010,SCIAN 2007,611631,61,31
2010,SCIAN 2007,492110,49,30
2010,SCIAN 2007,621341,62,29
2010,SCIAN 2007,721113,72,29
2010,SCIAN 2007,622111,62,28
2010,SCIAN 2007,468419,46,28
2010,SCIAN 2007,713291,71,27
2010,SCIAN 2007,541330,54,27
2010,SCIAN 2007,623992,62,27
2010,SCIAN 2007,611311,61,26
2010,SCIAN 2007,561110,56,26
2010,SCIAN 2007,812130,81,26
2010,SCIAN 2007,523122,52,26
2010,SCIAN 2007,463111,46,25
2010,SCIAN 2007,468311,46,25
2010,SCIAN 2007,484221,48,25
2010,SCIAN 2007,812310,81,24
2010,SCIAN 2007,485210,48,23
2010,SCIAN 2007,811114,81,23
2010,SCIAN 2007,621311,62,23
2010,SCIAN 2007,811122,81,22
2010,SCIAN 2007,462111,46,22
2010,SCIAN 2007,541610,54,22
2010,SCIAN 2007,532493,53,22
2010,SCIAN 2007,561610,56,21
2010,SCIAN 2007,812910,81,21
2010,SCIAN 2007,621391,62,21
2010,SCIAN 2007,722411,72,20
2010,SCIAN 2007,462210,46,19
2010,SCIAN 2007,465216,46,19
2010,SCIAN 2007,622311,62,19
2010,SCIAN 2007,484129,48,19
2010,SCIAN 2007,484119,48,19
2010,SCIAN 2007,531311,53,19
2010,SCIAN 2007,811113,81,19
2010,SCIAN 2007,811115,81,19
2010,SCIAN 2007,611142,61,18
2010,SCIAN 2007,611511,61,18
2010,SCIAN 2007,611698,61,17
2010,SCIAN 2007,611131,61,17
2010,SCIAN 2007,541690,54,16
2010,SCIAN 2007,532411,53,16
2010,SCIAN 2007,517112,51,16
2010,SCIAN 2007,517210,51,16
2010,SCIAN 2007,611162,61,16
2010,SCIAN 2007,622112,62,16
2010,SCIAN 2007,541990,54,15
2010,SCIAN 2007,468412,46,15
2010,SCIAN 2007,493119,49,14
2010,SCIAN 2007,465213,46,14
2010,SCIAN 2007,541410,54,14
2010,SCIAN 2007,466313,46,14
2010,SCIAN 2007,469110,46,13
2010,SCIAN 2007,611431,61,13
2010,SCIAN 2007,541510,54,13
2010,SCIAN 2007,532220,53,13
2010,SCIAN 2007,464122,46,13
2010,SCIAN 2007,511112,51,12
2010,SCIAN 2007,561990,56,12
2010,SCIAN 2007,611181,61,12
2010,SCIAN 2007,531114,53,11
2010,SCIAN 2007,522490,52,11
2010,SCIAN 2007,721311,72,11
2010,SCIAN 2007,611699,61,11
2010,SCIAN 2007,611691,61,11
2010,SCIAN 2007,621112,62,11
2010,SCIAN 2007,484229,48,11
2010,SCIAN 2007,512130,51,11
2010,SCIAN 2007,532420,53,11
2010,SCIAN 2007,463218,46,11
2010,SCIAN 2007,531319,53,10
2010,SCIAN 2007,465214,46,10
2010,SCIAN 2007,484210,48,10
2010,SCIAN 2007,515110,51,10
2010,SCIAN 2007,712112,71,10
2010,SCIAN 2007,624198,62,10
2010,SCIAN 2007,713998,71,9
2010,SCIAN 2007,623991,62,9
2010,SCIAN 2007,812320,81,9
2010,SCIAN 2007,561620,56,9
2010,SCIAN 2007,541340,54,9
2010,SCIAN 2007,561440,56,9
2010,SCIAN 2007,722320,72,8
2010,SCIAN 2007,611421,61,8
2010,SCIAN 2007,611612,61,8
2010,SCIAN 2007,561710,56,8
2010,SCIAN 2007,611182,61,8
2010,SCIAN 2007,531119,53,8
2010,SCIAN 2007,531112,53,8
2010,SCIAN 2007,541380,54,8
2010,SCIAN 2007,541190,54,8
2010,SCIAN 2007,522390,52,7
2010,SCIAN 2007,813130,81,7
2010,SCIAN 2007,561720,56,7
2010,SCIAN 2007,541620,54,7
2010,SCIAN 2007,541850,54,7
2010,SCIAN 2007,561330,56,7
2010,SCIAN 2007,524110,52,6
2010,SCIAN 2007,541219,54,6
2010,SCIAN 2007,611152,61,6
2010,SCIAN 2007,611512,61,6
2010,SCIAN 2007,811313,81,6
2010,SCIAN 2007,811314,81,6
2010,SCIAN 2007,484231,48,6
2010,SCIAN 2007,611151,61,6
2010,SCIAN 2007,611172,61,6
2010,SCIAN 2007,515120,51,6
2010,SCIAN 2007,711191,71,6
2010,SCIAN 2007,711311,71,5
2010,SCIAN 2007,519122,51,5
2010,SCIAN 2007,487110,48,5
2010,SCIAN 2007,621320,62,5
2010,SCIAN 2007,621332,62,5
2010,SCIAN 2007,466314,46,5
2010,SCIAN 2007,532110,53,5
2010,SCIAN 2007,561310,56,5
2010,SCIAN 2007,624311,62,5
2010,SCIAN 2007,523121,52,5
2010,SCIAN 2007,561590,56,5
2010,SCIAN 2007,624212,62,5
2010,SCIAN 2007,467116,46,5
2010,SCIAN 2007,561920,56,5
2010,SCIAN 2007,812120,81,5
2010,SCIAN 2007,713992,71,5
2010,SCIAN 2007,488990,48,4
2010,SCIAN 2007,621491,62,4
2010,SCIAN 2007,621910,62,4
2010,SCIAN 2007,611211,61,4
2010,SCIAN 2007,517111,51,4
2010,SCIAN 2007,711510,71,4
2010,SCIAN 2007,711312,71,4
2010,SCIAN 2007,711212,71,4
2010,SCIAN 2007,522440,52,4
2010,SCIAN 2007,468413,46,4
2010,SCIAN 2007,531115,53,4
2010,SCIAN 2007,713112,71,4
2010,SCIAN 2007,624211,62,4
2010,SCIAN 2007,623311,62,4
2010,SCIAN 2007,561410,56,4
2010,SCIAN 2007,541711,54,4
2010,SCIAN 2007,621421,62,4
2010,SCIAN 2007,811311,81,4
2010,SCIAN 2007,562112,56,4
2010,SCIAN 2007,611710,61,4
2010,SCIAN 2007,541943,54,3
2010,SCIAN 2007,561790,56,3
2010,SCIAN 2007,467117,46,3
2010,SCIAN 2007,713944,71,3
2010,SCIAN 2007,511131,51,3
2010,SCIAN 2007,713111,71,3
2010,SCIAN 2007,712111,71,3
2010,SCIAN 2007,711320,71,3
2010,SCIAN 2007,522220,52,3
2010,SCIAN 2007,713113,71,3
2010,SCIAN 2007,624312,62,3
2010,SCIAN 2007,517410,51,3
2010,SCIAN 2007,511132,51,3
2010,SCIAN 2007,488410,48,3
2010,SCIAN 2007,713999,71,3
2010,SCIAN 2007,713942,71,3
2010,SCIAN 2007,712132,71,2
2010,SCIAN 2007,721210,72,2
2010,SCIAN 2007,721190,72,2
2010,SCIAN 2007,488210,48,2
2010,SCIAN 2007,512113,51,2
2010,SCIAN 2007,711211,71,2
2010,SCIAN 2007,493111,49,2
2010,SCIAN 2007,488493,48,2
2010,SCIAN 2007,485410,48,2
2010,SCIAN 2007,485510,48,2
2010,SCIAN 2007,511121,51,2
2010,SCIAN 2007,541350,54,2
2010,SCIAN 2007,713299,71,2
2010,SCIAN 2007,621991,62,2
2010,SCIAN 2007,541910,54,2
2010,SCIAN 2007,541490,54,2
2010,SCIAN 2007,541370,54,2
2010,SCIAN 2007,711111,71,2
2010,SCIAN 2007,532121,53,2
2010,SCIAN 2007,624221,62,2
2010,SCIAN 2007,532492,53,2
2010,SCIAN 2007,711131,71,2
2010,SCIAN 2007,611212,61,2
2010,SCIAN 2007,561740,56,2
2010,SCIAN 2007,561910,56,2
2010,SCIAN 2007,621399,62,2
2010,SCIAN 2007,484239,48,1
2010,SCIAN 2007,621411,62,1
2010,SCIAN 2007,621212,62,1
2010,SCIAN 2007,562111,56,1
2010,SCIAN 2007,611141,61,1
2010,SCIAN 2007,621610,62,1
2010,SCIAN 2007,621512,62,1
2010,SCIAN 2007,624199,62,1
2010,SCIAN 2007,624122,62,1
2010,SCIAN 2007,624121,62,1
2010,SCIAN 2007,624112,62,1
2010,SCIAN 2007,624111,62,1
2010,SCIAN 2007,623312,62,1
2010,SCIAN 2007,623221,62,1
2010,SCIAN 2007,561450,56,1
2010,SCIAN 2007,561422,56,1
2010,SCIAN 2007,623112,62,1
2010,SCIAN 2007,622212,62,1
2010,SCIAN 2007,711121,71,1
2010,SCIAN 2007,532299,53,1
2010,SCIAN 2007,561320,56,1
2010,SCIAN 2007,561210,56,1
2010,SCIAN 2007,541942,54,1
2010,SCIAN 2007,541830,54,1
2010,SCIAN 2007,541721,54,1
2010,SCIAN 2007,523910,52,1
2010,SCIAN 2007,522510,52,1
2010,SCIAN 2007,541360,54,1
2010,SCIAN 2007,519110,51,1
2010,SCIAN 2007,713910,71,1
2010,SCIAN 2007,711410,71,1
2010,SCIAN 2007,519121,51,1
2010,SCIAN 2007,488491,48,1
2010,SCIAN 2007,512290,51,1
2010,SCIAN 2007,512210,51,1
2010,SCIAN 2007,511210,51,1
2010,SCIAN 2007,711192,71,1
2010,SCIAN 2007,511122,51,1
2010,SCIAN 2007,511111,51,1
2010,SCIAN 2007,492210,49,1
2010,SCIAN 2007,491110,49,1
2010,SCIAN 2007,488519,48,1
2010,SCIAN 2007,721312,72,1
2010,SCIAN 2007,466113,46,1
2010,SCIAN 2007,713950,71,1
2011,SCIAN 2007,461110,46,4194
2011,SCIAN 2007,722212,72,1975
2011,SCIAN 2007,722219,72,1708
2011,SCIAN 2007,812110,81,1582
2011,SCIAN 2007,463211,46,1495
2011,SCIAN 2007,461130,46,1179
2011,SCIAN 2007,621211,62,914
2011,SCIAN 2007,465311,46,857
2011,SCIAN 2007,811111,81,657
2011,SCIAN 2007,561432,56,578
2011,SCIAN 2007,621113,62,500
2011,SCIAN 2007,541110,54,493
2011,SCIAN 2007,461160,46,461
2011,SCIAN 2007,465912,46,459
2011,SCIAN 2007,621111,62,441
2011,SCIAN 2007,467111,46,421
2011,SCIAN 2007,461121,46,415
2011,SCIAN 2007,464111,46,394
2011,SCIAN 2007,463310,46,392
2011,SCIAN 2007,468211,46,349
2011,SCIAN 2007,811121,81,336
2011,SCIAN 2007,813210,81,325
2011,SCIAN 2007,467115,46,311
2011,SCIAN 2007,531113,53,283
2011,SCIAN 2007,466410,46,279
2011,SCIAN 2007,541211,54,268
2011,SCIAN 2007,466212,46,249
2011,SCIAN 2007,713120,71,246
2011,SCIAN 2007,812210,81,246
2011,SCIAN 2007,461122,46,229
2011,SCIAN 2007,466312,46,229
2011,SCIAN 2007,463215,46,226
2011,SCIAN 2007,722110,72,222
2011,SCIAN 2007,811499,81,220
2011,SCIAN 2007,611122,61,217
2011,SCIAN 2007,461212,46,213
2011,SCIAN 2007,461190,46,194
2011,SCIAN 2007,466111,46,188
2011,SCIAN 2007,464113,46,181
2011,SCIAN 2007,811112,81,176
2011,SCIAN 2007,811192,81,174
2011,SCIAN 2007,811191,81,172
2011,SCIAN 2007,624191,62,165
2011,SCIAN 2007,522110,52,161
2011,SCIAN 2007,811211,81,159
2011,SCIAN 2007,465112,46,158
2011,SCIAN 2007,461170,46,158
2011,SCIAN 2007,467113,46,157
2011,SCIAN 2007,611112,61,155
2011,SCIAN 2007,722211,72,150
2011,SCIAN 2007,465111,46,146
2011,SCIAN 2007,466211,46,145
2011,SCIAN 2007,621511,62,143
2011,SCIAN 2007,461140,46,142
2011,SCIAN 2007,463113,46,141
2011,SCIAN 2007,811119,81,139
2011,SCIAN 2007,467114,46,137
2011,SCIAN 2007,461150,46,136
2011,SCIAN 2007,811219,81,136
2011,SCIAN 2007,812410,81,134
2011,SCIAN 2007,811430,81,133
2011,SCIAN 2007,465914,46,132
2011,SCIAN 2007,468420,46,132
2011,SCIAN 2007,466114,46,130
2011,SCIAN 2007,624411,62,130
2011,SCIAN 2007,561510,56,126
2011,SCIAN 2007,464121,46,125
2011,SCIAN 2007,722412,72,124
2011,SCIAN 2007,561431,56,119
2011,SCIAN 2007,611621,61,102
2011,SCIAN 2007,811491,81,101
2011,SCIAN 2007,541920,54,98
2011,SCIAN 2007,462112,46,98
2011,SCIAN 2007,811420,81,92
2011,SCIAN 2007,465212,46,91
2011,SCIAN 2007,531210,53,91
2011,SCIAN 2007,461123,46,90
2011,SCIAN 2007,463212,46,90
2011,SCIAN 2007,465215,46,88
2011,SCIAN 2007,465313,46,87
2011,SCIAN 2007,464112,46,87
2011,SCIAN 2007,465211,46,87
2011,SCIAN 2007,811199,81,86
2011,SCIAN 2007,611111,61,85
2011,SCIAN 2007,465919,46,85
2011,SCIAN 2007,465911,46,84
2011,SCIAN 2007,811410,81,84
2011,SCIAN 2007,713943,71,79
2011,SCIAN 2007,467112,46,79
2011,SCIAN 2007,485111,48,77
2011,SCIAN 2007,621331,62,76
2011,SCIAN 2007,463213,46,76
2011,SCIAN 2007,541941,54,76
2011,SCIAN 2007,466319,46,76
2011,SCIAN 2007,813230,81,75
2011,SCIAN 2007,561421,56,74
2011,SCIAN 2007,541310,54,68
2011,SCIAN 2007,811312,81,67
2011,SCIAN 2007,466112,46,65
2011,SCIAN 2007,611611,61,63
2011,SCIAN 2007,721112,72,63
2011,SCIAN 2007,468213,46,60
2011,SCIAN 2007,532230,53,60
2011,SCIAN 2007,541890,54,59
2011,SCIAN 2007,468112,46,59
2011,SCIAN 2007,621398,62,58
2011,SCIAN 2007,811492,81,57
2011,SCIAN 2007,461213,46,55
2011,SCIAN 2007,522452,52,54
2011,SCIAN 2007,532291,53,53
2011,SCIAN 2007,721111,72,50
2011,SCIAN 2007,468212,46,49
2011,SCIAN 2007,468411,46,49
2011,SCIAN 2007,611121,61,48
2011,SCIAN 2007,713991,71,46
2011,SCIAN 2007,812990,81,46
2011,SCIAN 2007,811493,81,46
2011,SCIAN 2007,624412,62,46
2011,SCIAN 2007,541810,54,46
2011,SCIAN 2007,461211,46,46
2011,SCIAN 2007,463112,46,46
2011,SCIAN 2007,465312,46,44
2011,SCIAN 2007,463214,46,44
2011,SCIAN 2007,541430,54,44
2011,SCIAN 2007,813110,81,43
2011,SCIAN 2007,813120,81,42
2011,SCIAN 2007,466311,46,42
2011,SCIAN 2007,517910,51,41
2011,SCIAN 2007,524210,52,41
2011,SCIAN 2007,492110,49,41
2011,SCIAN 2007,463216,46,40
2011,SCIAN 2007,522320,52,38
2011,SCIAN 2007,463217,46,38
2011,SCIAN 2007,811116,81,38
2011,SCIAN 2007,611312,61,38
2011,SCIAN 2007,541120,54,37
2011,SCIAN 2007,465913,46,37
2011,SCIAN 2007,484222,48,36
2011,SCIAN 2007,611411,61,35
2011,SCIAN 2007,713941,71,35
2011,SCIAN 2007,468111,46,35
2011,SCIAN 2007,561520,56,33
2011,SCIAN 2007,611161,61,32
2011,SCIAN 2007,611132,61,32
2011,SCIAN 2007,532310,53,32
2011,SCIAN 2007,611631,61,31
2011,SCIAN 2007,611171,61,31
2011,SCIAN 2007,811129,81,31
2011,SCIAN 2007,622111,62,31
2011,SCIAN 2007,721113,72,30
2011,SCIAN 2007,621341,62,29
2011,SCIAN 2007,561110,56,28
2011,SCIAN 2007,623992,62,28
2011,SCIAN 2007,713291,71,27
2011,SCIAN 2007,541330,54,27
2011,SCIAN 2007,611311,61,27
2011,SCIAN 2007,523122,52,27
2011,SCIAN 2007,468419,46,27
2011,SCIAN 2007,812130,81,26
2011,SCIAN 2007,484221,48,25
2011,SCIAN 2007,468311,46,24
2011,SCIAN 2007,463111,46,24
2011,SCIAN 2007,812310,81,23
2011,SCIAN 2007,621311,62,23
2011,SCIAN 2007,811114,81,23
2011,SCIAN 2007,462111,46,22
2011,SCIAN 2007,561610,56,22
2011,SCIAN 2007,485210,48,22
2011,SCIAN 2007,811122,81,22
2011,SCIAN 2007,541610,54,22
2011,SCIAN 2007,621391,62,21
2011,SCIAN 2007,531311,53,21
2011,SCIAN 2007,517210,51,20
2011,SCIAN 2007,532493,53,20
2011,SCIAN 2007,484129,48,20
2011,SCIAN 2007,462210,46,20
2011,SCIAN 2007,811115,81,19
2011,SCIAN 2007,811113,81,19
2011,SCIAN 2007,722411,72,19
2011,SCIAN 2007,465216,46,19
2011,SCIAN 2007,484119,48,19
2011,SCIAN 2007,622311,62,18
2011,SCIAN 2007,517112,51,18
2011,SCIAN 2007,611511,61,18
2011,SCIAN 2007,611142,61,18
2011,SCIAN 2007,611698,61,17
2011,SCIAN 2007,812910,81,17
2011,SCIAN 2007,611131,61,17
2011,SCIAN 2007,611162,61,16
2011,SCIAN 2007,622112,62,16
2011,SCIAN 2007,541690,54,16
2011,SCIAN 2007,532411,53,16
2011,SCIAN 2007,468412,46,15
2011,SCIAN 2007,469110,46,15
2011,SCIAN 2007,466313,46,14
2011,SCIAN 2007,541410,54,14
2011,SCIAN 2007,465213,46,14
2011,SCIAN 2007,541990,54,14
2011,SCIAN 2007,522490,52,14
2011,SCIAN 2007,493119,49,14
2011,SCIAN 2007,611431,61,14
2011,SCIAN 2007,532220,53,13
2011,SCIAN 2007,532420,53,13
2011,SCIAN 2007,541510,54,13
2011,SCIAN 2007,464122,46,13
2011,SCIAN 2007,524110,52,13
2011,SCIAN 2007,611181,61,12
2011,SCIAN 2007,511112,51,12
2011,SCIAN 2007,517111,51,12
2011,SCIAN 2007,561990,56,12
2011,SCIAN 2007,484229,48,11
2011,SCIAN 2007,531114,53,11
2011,SCIAN 2007,561440,56,11
2011,SCIAN 2007,512130,51,11
2011,SCIAN 2007,463218,46,11
2011,SCIAN 2007,491110,49,11
2011,SCIAN 2007,611691,61,11
2011,SCIAN 2007,611699,61,11
2011,SCIAN 2007,721311,72,11
2011,SCIAN 2007,621112,62,11
2011,SCIAN 2007,531319,53,10
2011,SCIAN 2007,515110,51,10
2011,SCIAN 2007,465214,46,10
2011,SCIAN 2007,712112,71,10
2011,SCIAN 2007,541340,54,10
2011,SCIAN 2007,484210,48,10
2011,SCIAN 2007,624198,62,10
2011,SCIAN 2007,561620,56,9
2011,SCIAN 2007,812320,81,9
2011,SCIAN 2007,623991,62,9
2011,SCIAN 2007,541850,54,9
2011,SCIAN 2007,522390,52,9
2011,SCIAN 2007,522430,52,9
2011,SCIAN 2007,531112,53,8
2011,SCIAN 2007,611612,61,8
2011,SCIAN 2007,611421,61,8
2011,SCIAN 2007,722320,72,8
2011,SCIAN 2007,541380,54,8
2011,SCIAN 2007,531119,53,8
2011,SCIAN 2007,523121,52,8
2011,SCIAN 2007,713998,71,8
2011,SCIAN 2007,611182,61,8
2011,SCIAN 2007,561710,56,8
2011,SCIAN 2007,541190,54,8
2011,SCIAN 2007,541620,54,7
2011,SCIAN 2007,515120,51,7
2011,SCIAN 2007,484231,48,7
2011,SCIAN 2007,561720,56,7
2011,SCIAN 2007,813130,81,7
2011,SCIAN 2007,711311,71,6
2011,SCIAN 2007,611152,61,6
2011,SCIAN 2007,611172,61,6
2011,SCIAN 2007,611512,61,6
2011,SCIAN 2007,711191,71,6
2011,SCIAN 2007,487110,48,6
2011,SCIAN 2007,811313,81,6
2011,SCIAN 2007,561310,56,6
2011,SCIAN 2007,541219,54,6
2011,SCIAN 2007,561330,56,6
2011,SCIAN 2007,811314,81,6
2011,SCIAN 2007,611151,61,6
2011,SCIAN 2007,561590,56,5
2011,SCIAN 2007,621320,62,5
2011,SCIAN 2007,623311,62,5
2011,SCIAN 2007,532110,53,5
2011,SCIAN 2007,621332,62,5
2011,SCIAN 2007,524220,52,5
2011,SCIAN 2007,519122,51,5
2011,SCIAN 2007,466314,46,5
2011,SCIAN 2007,541711,54,5
2011,SCIAN 2007,624311,62,5
2011,SCIAN 2007,624212,62,5
2011,SCIAN 2007,713992,71,5
2011,SCIAN 2007,562112,56,5
2011,SCIAN 2007,561920,56,5
2011,SCIAN 2007,812120,81,5
2011,SCIAN 2007,611211,61,4
2011,SCIAN 2007,711212,71,4
2011,SCIAN 2007,611710,61,4
2011,SCIAN 2007,711510,71,4
2011,SCIAN 2007,711312,71,4
2011,SCIAN 2007,713112,71,4
2011,SCIAN 2007,713111,71,4
2011,SCIAN 2007,561410,56,4
2011,SCIAN 2007,624211,62,4
2011,SCIAN 2007,488990,48,4
2011,SCIAN 2007,468413,46,4
2011,SCIAN 2007,522440,52,4
2011,SCIAN 2007,531115,53,4
2011,SCIAN 2007,511132,51,4
2011,SCIAN 2007,811311,81,4
2011,SCIAN 2007,621910,62,4
2011,SCIAN 2007,621421,62,4
2011,SCIAN 2007,621491,62,4
2011,SCIAN 2007,523110,52,3
2011,SCIAN 2007,517410,51,3
2011,SCIAN 2007,532492,53,3
2011,SCIAN 2007,467116,46,3
2011,SCIAN 2007,467117,46,3
2011,SCIAN 2007,488410,48,3
2011,SCIAN 2007,624312,62,3
2011,SCIAN 2007,519130,51,3
2011,SCIAN 2007,522451,52,3
2011,SCIAN 2007,522220,52,3
2011,SCIAN 2007,511121,51,3
2011,SCIAN 2007,511210,51,3
2011,SCIAN 2007,541943,54,3
2011,SCIAN 2007,541910,54,3
2011,SCIAN 2007,488519,48,3
2011,SCIAN 2007,713999,71,3
2011,SCIAN 2007,713944,71,3
2011,SCIAN 2007,713942,71,3
2011,SCIAN 2007,711320,71,3
2011,SCIAN 2007,713113,71,3
2011,SCIAN 2007,561790,56,3
2011,SCIAN 2007,712111,71,3
2011,SCIAN 2007,532121,53,2
2011,SCIAN 2007,523910,52,2
2011,SCIAN 2007,485510,48,2
2011,SCIAN 2007,485112,48,2
2011,SCIAN 2007,624221,62,2
2011,SCIAN 2007,492210,49,2
2011,SCIAN 2007,493111,49,2
2011,SCIAN 2007,488493,48,2
2011,SCIAN 2007,488210,48,2
2011,SCIAN 2007,511131,51,2
2011,SCIAN 2007,541370,54,2
2011,SCIAN 2007,541490,54,2
2011,SCIAN 2007,541350,54,2
2011,SCIAN 2007,485410,48,2
2011,SCIAN 2007,711131,71,2
2011,SCIAN 2007,711111,71,2
2011,SCIAN 2007,512113,51,2
2011,SCIAN 2007,623221,62,2
2011,SCIAN 2007,518210,51,2
2011,SCIAN 2007,621399,62,2
2011,SCIAN 2007,621991,62,2
2011,SCIAN 2007,711211,71,2
2011,SCIAN 2007,712132,71,2
2011,SCIAN 2007,713299,71,2
2011,SCIAN 2007,721190,72,2
2011,SCIAN 2007,721210,72,2
2011,SCIAN 2007,561740,56,2
2011,SCIAN 2007,561910,56,2
2011,SCIAN 2007,611212,61,2
2011,SCIAN 2007,562111,56,1
2011,SCIAN 2007,611141,61,1
2011,SCIAN 2007,561450,56,1
2011,SCIAN 2007,621212,62,1
2011,SCIAN 2007,541721,54,1
2011,SCIAN 2007,541830,54,1
2011,SCIAN 2007,541942,54,1
2011,SCIAN 2007,561210,56,1
2011,SCIAN 2007,561320,56,1
2011,SCIAN 2007,561422,56,1
2011,SCIAN 2007,541360,54,1
2011,SCIAN 2007,532299,53,1
2011,SCIAN 2007,522510,52,1
2011,SCIAN 2007,621512,62,1
2011,SCIAN 2007,621610,62,1
2011,SCIAN 2007,622212,62,1
2011,SCIAN 2007,623112,62,1
2011,SCIAN 2007,623312,62,1
2011,SCIAN 2007,519110,51,1
2011,SCIAN 2007,519121,51,1
2011,SCIAN 2007,519190,51,1
2011,SCIAN 2007,522210,52,1
2011,SCIAN 2007,522310,52,1
2011,SCIAN 2007,522420,52,1
2011,SCIAN 2007,511122,51,1
2011,SCIAN 2007,512111,51,1
2011,SCIAN 2007,512210,51,1
2011,SCIAN 2007,512290,51,1
2011,SCIAN 2007,624111,62,1
2011,SCIAN 2007,624112,62,1
2011,SCIAN 2007,624121,62,1
2011,SCIAN 2007,624122,62,1
2011,SCIAN 2007,624199,62,1
2011,SCIAN 2007,711121,71,1
2011,SCIAN 2007,485990,48,1
2011,SCIAN 2007,488491,48,1
2011,SCIAN 2007,511111,51,1
2011,SCIAN 2007,484121,48,1
2011,SCIAN 2007,484239,48,1
2011,SCIAN 2007,711192,71,1
2011,SCIAN 2007,711410,71,1
2011,SCIAN 2007,713910,71,1
2011,SCIAN 2007,713950,71,1
2011,SCIAN 2007,721312,72,1
2012,SCIAN 2007,461110,46,4199
2012,SCIAN 2007,722212,72,1977
2012,SCIAN 2007,722219,72,1718
2012,SCIAN 2007,812110,81,1583
2012,SCIAN 2007,463211,46,1500
2012,SCIAN 2007,461130,46,1180
2012,SCIAN 2007,621211,62,915
2012,SCIAN 2007,465311,46,857
2012,SCIAN 2007,811111,81,657
2012,SCIAN 2007,561432,56,580
2012,SCIAN 2007,621113,62,501
2012,SCIAN 2007,541110,54,493
2012,SCIAN 2007,461160,46,461
2012,SCIAN 2007,465912,46,459
2012,SCIAN 2007,621111,62,442
2012,SCIAN 2007,467111,46,419
2012,SCIAN 2007,461121,46,415
2012,SCIAN 2007,464111,46,404
2012,SCIAN 2007,463310,46,393
2012,SCIAN 2007,468211,46,347
2012,SCIAN 2007,811121,81,337
2012,SCIAN 2007,813210,81,325
2012,SCIAN 2007,467115,46,311
2012,SCIAN 2007,531113,53,283
2012,SCIAN 2007,466410,46,276
2012,SCIAN 2007,541211,54,271
2012,SCIAN 2007,466212,46,247
2012,SCIAN 2007,713120,71,247
2012,SCIAN 2007,812210,81,246
2012,SCIAN 2007,466312,46,229
2012,SCIAN 2007,461122,46,228
2012,SCIAN 2007,463215,46,227
2012,SCIAN 2007,722110,72,225
2012,SCIAN 2007,811499,81,220
2012,SCIAN 2007,611122,61,217
2012,SCIAN 2007,461212,46,213
2012,SCIAN 2007,461190,46,194
2012,SCIAN 2007,466111,46,188
2012,SCIAN 2007,464113,46,181
2012,SCIAN 2007,811112,81,176
2012,SCIAN 2007,811192,81,174
2012,SCIAN 2007,811191,81,172
2012,SCIAN 2007,624191,62,165
2012,SCIAN 2007,522110,52,163
2012,SCIAN 2007,811211,81,159
2012,SCIAN 2007,467113,46,158
2012,SCIAN 2007,461170,46,158
2012,SCIAN 2007,465112,46,158
2012,SCIAN 2007,611112,61,155
2012,SCIAN 2007,621511,62,151
2012,SCIAN 2007,722211,72,151
2012,SCIAN 2007,466211,46,147
2012,SCIAN 2007,465111,46,146
2012,SCIAN 2007,461140,46,142
2012,SCIAN 2007,463113,46,141
2012,SCIAN 2007,811119,81,139
2012,SCIAN 2007,461150,46,137
2012,SCIAN 2007,467114,46,137
2012,SCIAN 2007,811219,81,136
2012,SCIAN 2007,811430,81,133
2012,SCIAN 2007,812410,81,133
2012,SCIAN 2007,468420,46,132
2012,SCIAN 2007,465914,46,132
2012,SCIAN 2007,624411,62,130
2012,SCIAN 2007,466114,46,130
2012,SCIAN 2007,561510,56,127
2012,SCIAN 2007,464121,46,126
2012,SCIAN 2007,722412,72,124
2012,SCIAN 2007,561431,56,119
2012,SCIAN 2007,611621,61,102
2012,SCIAN 2007,811491,81,101
2012,SCIAN 2007,462112,46,99
2012,SCIAN 2007,541920,54,98
2012,SCIAN 2007,811420,81,92
2012,SCIAN 2007,531210,53,91
2012,SCIAN 2007,465212,46,91
2012,SCIAN 2007,464112,46,90
2012,SCIAN 2007,461123,46,90
2012,SCIAN 2007,463212,46,90
2012,SCIAN 2007,811199,81,88
2012,SCIAN 2007,465215,46,87
2012,SCIAN 2007,465211,46,87
2012,SCIAN 2007,465313,46,86
2012,SCIAN 2007,465919,46,86
2012,SCIAN 2007,611111,61,85
2012,SCIAN 2007,811410,81,84
2012,SCIAN 2007,465911,46,84
2012,SCIAN 2007,467112,46,83
2012,SCIAN 2007,713943,71,79
2012,SCIAN 2007,485111,48,78
2012,SCIAN 2007,463213,46,77
2012,SCIAN 2007,466319,46,76
2012,SCIAN 2007,621331,62,76
2012,SCIAN 2007,813230,81,76
2012,SCIAN 2007,541941,54,76
2012,SCIAN 2007,541310,54,72
2012,SCIAN 2007,811312,81,69
2012,SCIAN 2007,561421,56,69
2012,SCIAN 2007,466112,46,67
2012,SCIAN 2007,611611,61,63
2012,SCIAN 2007,721112,72,62
2012,SCIAN 2007,541890,54,60
2012,SCIAN 2007,532230,53,60
2012,SCIAN 2007,468112,46,60
2012,SCIAN 2007,468213,46,60
2012,SCIAN 2007,811492,81,58
2012,SCIAN 2007,621398,62,58
2012,SCIAN 2007,522452,52,55
2012,SCIAN 2007,461213,46,55
2012,SCIAN 2007,468411,46,53
2012,SCIAN 2007,532291,53,53
2012,SCIAN 2007,721111,72,51
2012,SCIAN 2007,541810,54,50
2012,SCIAN 2007,468212,46,49
2012,SCIAN 2007,611121,61,48
2012,SCIAN 2007,812990,81,46
2012,SCIAN 2007,463112,46,46
2012,SCIAN 2007,713991,71,46
2012,SCIAN 2007,461211,46,46
2012,SCIAN 2007,624412,62,46
2012,SCIAN 2007,811493,81,46
2012,SCIAN 2007,465312,46,44
2012,SCIAN 2007,463214,46,44
2012,SCIAN 2007,813110,81,43
2012,SCIAN 2007,541430,54,43
2012,SCIAN 2007,466311,46,42
2012,SCIAN 2007,813120,81,42
2012,SCIAN 2007,524210,52,41
2012,SCIAN 2007,517910,51,41
2012,SCIAN 2007,492110,49,41
2012,SCIAN 2007,463216,46,40
2012,SCIAN 2007,611312,61,40
2012,SCIAN 2007,463217,46,38
2012,SCIAN 2007,811116,81,38
2012,SCIAN 2007,522320,52,38
2012,SCIAN 2007,541120,54,37
2012,SCIAN 2007,541610,54,37
2012,SCIAN 2007,465913,46,37
2012,SCIAN 2007,468111,46,36
2012,SCIAN 2007,484222,48,36
2012,SCIAN 2007,713941,71,36
2012,SCIAN 2007,611411,61,35
2012,SCIAN 2007,561520,56,33
2012,SCIAN 2007,532310,53,32
2012,SCIAN 2007,622111,62,32
2012,SCIAN 2007,721113,72,32
2012,SCIAN 2007,611161,61,32
2012,SCIAN 2007,611132,61,32
2012,SCIAN 2007,611171,61,31
2012,SCIAN 2007,561110,56,31
2012,SCIAN 2007,811129,81,31
2012,SCIAN 2007,541330,54,31
2012,SCIAN 2007,611631,61,31
2012,SCIAN 2007,611311,61,29
2012,SCIAN 2007,621341,62,28
2012,SCIAN 2007,713291,71,27
2012,SCIAN 2007,623992,62,27
2012,SCIAN 2007,523122,52,27
2012,SCIAN 2007,468419,46,27
2012,SCIAN 2007,812130,81,26
2012,SCIAN 2007,484221,48,25
2012,SCIAN 2007,468311,46,24
2012,SCIAN 2007,484129,48,24
2012,SCIAN 2007,463111,46,24
2012,SCIAN 2007,517210,51,23
2012,SCIAN 2007,541990,54,23
2012,SCIAN 2007,561610,56,23
2012,SCIAN 2007,611698,61,23
2012,SCIAN 2007,812310,81,23
2012,SCIAN 2007,621311,62,23
2012,SCIAN 2007,811114,81,23
2012,SCIAN 2007,485210,48,22
2012,SCIAN 2007,811122,81,22
2012,SCIAN 2007,462111,46,22
2012,SCIAN 2007,621391,62,22
2012,SCIAN 2007,532493,53,21
2012,SCIAN 2007,541690,54,21
2012,SCIAN 2007,811113,81,20
2012,SCIAN 2007,541510,54,20
2012,SCIAN 2007,531311,53,20
2012,SCIAN 2007,462210,46,20
2012,SCIAN 2007,622311,62,19
2012,SCIAN 2007,465216,46,19
2012,SCIAN 2007,811115,81,19
2012,SCIAN 2007,722411,72,19
2012,SCIAN 2007,611511,61,19
2012,SCIAN 2007,484119,48,19
2012,SCIAN 2007,532411,53,18
2012,SCIAN 2007,611142,61,18
2012,SCIAN 2007,517112,51,18
2012,SCIAN 2007,611131,61,17
2012,SCIAN 2007,812910,81,17
2012,SCIAN 2007,622112,62,17
2012,SCIAN 2007,611162,61,16
2012,SCIAN 2007,465213,46,15
2012,SCIAN 2007,469110,46,15
2012,SCIAN 2007,468412,46,15
2012,SCIAN 2007,561990,56,14
2012,SCIAN 2007,541410,54,14
2012,SCIAN 2007,611431,61,14
2012,SCIAN 2007,493119,49,14
2012,SCIAN 2007,522490,52,14
2012,SCIAN 2007,466313,46,14
2012,SCIAN 2007,532420,53,13
2012,SCIAN 2007,532220,53,13
2012,SCIAN 2007,464122,46,13
2012,SCIAN 2007,524110,52,13
2012,SCIAN 2007,561440,56,13
2012,SCIAN 2007,484229,48,12
2012,SCIAN 2007,511112,51,12
2012,SCIAN 2007,611181,61,12
2012,SCIAN 2007,484210,48,12
2012,SCIAN 2007,531319,53,12
2012,SCIAN 2007,621112,62,11
2012,SCIAN 2007,721311,72,11
2012,SCIAN 2007,611699,61,11
2012,SCIAN 2007,611691,61,11
2012,SCIAN 2007,463218,46,11
2012,SCIAN 2007,517111,51,11
2012,SCIAN 2007,512130,51,11
2012,SCIAN 2007,491110,49,11
2012,SCIAN 2007,531114,53,11
2012,SCIAN 2007,561620,56,11
2012,SCIAN 2007,522390,52,10
2012,SCIAN 2007,515110,51,10
2012,SCIAN 2007,541340,54,10
2012,SCIAN 2007,541850,54,10
2012,SCIAN 2007,465214,46,10
2012,SCIAN 2007,712112,71,10
2012,SCIAN 2007,624198,62,10
2012,SCIAN 2007,623991,62,9
2012,SCIAN 2007,722320,72,9
2012,SCIAN 2007,541190,54,9
2012,SCIAN 2007,531119,53,9
2012,SCIAN 2007,522430,52,9
2012,SCIAN 2007,812320,81,9
2012,SCIAN 2007,561720,56,9
2012,SCIAN 2007,484231,48,9
2012,SCIAN 2007,713998,71,8
2012,SCIAN 2007,561710,56,8
2012,SCIAN 2007,561330,56,8
2012,SCIAN 2007,487110,48,8
2012,SCIAN 2007,523121,52,8
2012,SCIAN 2007,611421,61,8
2012,SCIAN 2007,611182,61,8
2012,SCIAN 2007,611612,61,8
2012,SCIAN 2007,541380,54,8
2012,SCIAN 2007,515120,51,8
2012,SCIAN 2007,531112,53,8
2012,SCIAN 2007,541620,54,8
2012,SCIAN 2007,813130,81,7
2012,SCIAN 2007,561310,56,7
2012,SCIAN 2007,611151,61,6
2012,SCIAN 2007,611152,61,6
2012,SCIAN 2007,541219,54,6
2012,SCIAN 2007,811313,81,6
2012,SCIAN 2007,811314,81,6
2012,SCIAN 2007,711311,71,6
2012,SCIAN 2007,611172,61,6
2012,SCIAN 2007,621320,62,6
2012,SCIAN 2007,611512,61,6
2012,SCIAN 2007,711191,71,6
2012,SCIAN 2007,713992,71,5
2012,SCIAN 2007,812120,81,5
2012,SCIAN 2007,623311,62,5
2012,SCIAN 2007,624212,62,5
2012,SCIAN 2007,624311,62,5
2012,SCIAN 2007,713111,71,5
2012,SCIAN 2007,466314,46,5
2012,SCIAN 2007,621332,62,5
2012,SCIAN 2007,561590,56,5
2012,SCIAN 2007,562112,56,5
2012,SCIAN 2007,561920,56,5
2012,SCIAN 2007,541711,54,5
2012,SCIAN 2007,511132,51,5
2012,SCIAN 2007,532110,53,5
2012,SCIAN 2007,519122,51,5
2012,SCIAN 2007,524220,52,5
2012,SCIAN 2007,811311,81,4
2012,SCIAN 2007,488990,48,4
2012,SCIAN 2007,531115,53,4
2012,SCIAN 2007,611211,61,4
2012,SCIAN 2007,611710,61,4
2012,SCIAN 2007,621421,62,4
2012,SCIAN 2007,621491,62,4
2012,SCIAN 2007,621910,62,4
2012,SCIAN 2007,624211,62,4
2012,SCIAN 2007,511210,51,4
2012,SCIAN 2007,522440,52,4
2012,SCIAN 2007,711131,71,4
2012,SCIAN 2007,711212,71,4
2012,SCIAN 2007,711312,71,4
2012,SCIAN 2007,711510,71,4
2012,SCIAN 2007,713112,71,4
2012,SCIAN 2007,467117,46,4
2012,SCIAN 2007,468413,46,4
2012,SCIAN 2007,561410,56,3
2012,SCIAN 2007,488519,48,3
2012,SCIAN 2007,541910,54,3
2012,SCIAN 2007,519130,51,3
2012,SCIAN 2007,518210,51,3
2012,SCIAN 2007,511121,51,3
2012,SCIAN 2007,522220,52,3
2012,SCIAN 2007,541943,54,3
2012,SCIAN 2007,522451,52,3
2012,SCIAN 2007,621991,62,3
2012,SCIAN 2007,512113,51,3
2012,SCIAN 2007,517410,51,3
2012,SCIAN 2007,561790,56,3
2012,SCIAN 2007,532492,53,3
2012,SCIAN 2007,523110,52,3
2012,SCIAN 2007,712111,71,3
2012,SCIAN 2007,713999,71,3
2012,SCIAN 2007,713113,71,3
2012,SCIAN 2007,713942,71,3
2012,SCIAN 2007,713944,71,3
2012,SCIAN 2007,467116,46,3
2012,SCIAN 2007,624312,62,3
2012,SCIAN 2007,711320,71,3
2012,SCIAN 2007,621399,62,2
2012,SCIAN 2007,511122,51,2
2012,SCIAN 2007,511131,51,2
2012,SCIAN 2007,484239,48,2
2012,SCIAN 2007,485112,48,2
2012,SCIAN 2007,485410,48,2
2012,SCIAN 2007,485510,48,2
2012,SCIAN 2007,488210,48,2
2012,SCIAN 2007,623221,62,2
2012,SCIAN 2007,492210,49,2
2012,SCIAN 2007,624221,62,2
2012,SCIAN 2007,711111,71,2
2012,SCIAN 2007,711211,71,2
2012,SCIAN 2007,523910,52,2
2012,SCIAN 2007,721210,72,2
2012,SCIAN 2007,712132,71,2
2012,SCIAN 2007,532121,53,2
2012,SCIAN 2007,713299,71,2
2012,SCIAN 2007,488410,48,2
2012,SCIAN 2007,561740,56,2
2012,SCIAN 2007,541350,54,2
2012,SCIAN 2007,561910,56,2
2012,SCIAN 2007,541370,54,2
2012,SCIAN 2007,541490,54,2
2012,SCIAN 2007,541721,54,2
2012,SCIAN 2007,721190,72,2
2012,SCIAN 2007,493111,49,2
2012,SCIAN 2007,488493,48,2
2012,SCIAN 2007,721312,72,2
2012,SCIAN 2007,611212,61,2
2012,SCIAN 2007,561320,56,2
2012,SCIAN 2007,621512,62,1
2012,SCIAN 2007,621610,62,1
2012,SCIAN 2007,493120,49,1
2012,SCIAN 2007,622212,62,1
2012,SCIAN 2007,623112,62,1
2012,SCIAN 2007,484232,48,1
2012,SCIAN 2007,532299,53,1
2012,SCIAN 2007,485990,48,1
2012,SCIAN 2007,623312,62,1
2012,SCIAN 2007,624111,62,1
2012,SCIAN 2007,624112,62,1
2012,SCIAN 2007,624121,62,1
2012,SCIAN 2007,624122,62,1
2012,SCIAN 2007,624199,62,1
2012,SCIAN 2007,541320,54,1
2012,SCIAN 2007,541360,54,1
2012,SCIAN 2007,541830,54,1
2012,SCIAN 2007,711121,71,1
2012,SCIAN 2007,541942,54,1
2012,SCIAN 2007,711192,71,1
2012,SCIAN 2007,561210,56,1
2012,SCIAN 2007,512111,51,1
2012,SCIAN 2007,512210,51,1
2012,SCIAN 2007,512290,51,1
2012,SCIAN 2007,519110,51,1
2012,SCIAN 2007,519121,51,1
2012,SCIAN 2007,519190,51,1
2012,SCIAN 2007,561422,56,1
2012,SCIAN 2007,561450,56,1
2012,SCIAN 2007,562111,56,1
2012,SCIAN 2007,611141,61,1
2012,SCIAN 2007,713910,71,1
2012,SCIAN 2007,488491,48,1
2012,SCIAN 2007,713950,71,1
2012,SCIAN 2007,511111,51,1
2012,SCIAN 2007,484121,48,1
2012,SCIAN 2007,722310,72,1
2012,SCIAN 2007,711410,71,1
2012,SCIAN 2007,522210,52,1
2012,SCIAN 2007,522310,52,1
2012,SCIAN 2007,522420,52,1
2012,SCIAN 2007,621212,62,1
2012,SCIAN 2007,522510,52,1
2013,SCIAN 2007,461110,46,4214
2013,SCIAN 2007,722212,72,1971
2013,SCIAN 2007,722219,72,1729
2013,SCIAN 2007,812110,81,1587
2013,SCIAN 2007,463211,46,1514
2013,SCIAN 2007,461130,46,1179
2013,SCIAN 2007,621211,62,914
2013,SCIAN 2007,465311,46,861
2013,SCIAN 2007,811111,81,662
2013,SCIAN 2007,561432,56,584
2013,SCIAN 2007,621113,62,502
2013,SCIAN 2007,541110,54,499
2013,SCIAN 2007,461160,46,462
2013,SCIAN 2007,465912,46,458
2013,SCIAN 2007,621111,62,447
2013,SCIAN 2007,467111,46,424
2013,SCIAN 2007,461121,46,415
2013,SCIAN 2007,464111,46,402
2013,SCIAN 2007,463310,46,402
2013,SCIAN 2007,468211,46,348
2013,SCIAN 2007,811121,81,337
2013,SCIAN 2007,813210,81,324
2013,SCIAN 2007,467115,46,315
2013,SCIAN 2007,531113,53,283
2013,SCIAN 2007,541211,54,276
2013,SCIAN 2007,466410,46,275
2013,SCIAN 2007,466212,46,269
2013,SCIAN 2007,812210,81,249
2013,SCIAN 2007,713120,71,246
2013,SCIAN 2007,463215,46,237
2013,SCIAN 2007,722110,72,233
2013,SCIAN 2007,466312,46,230
2013,SCIAN 2007,461122,46,229
2013,SCIAN 2007,811499,81,220
2013,SCIAN 2007,611122,61,217
2013,SCIAN 2007,461212,46,212
2013,SCIAN 2007,461190,46,202
2013,SCIAN 2007,466111,46,190
2013,SCIAN 2007,464113,46,180
2013,SCIAN 2007,811191,81,175
2013,SCIAN 2007,811192,81,174
2013,SCIAN 2007,811112,81,174
2013,SCIAN 2007,465112,46,171
2013,SCIAN 2007,811219,81,169
2013,SCIAN 2007,466211,46,169
2013,SCIAN 2007,624191,62,166
2013,SCIAN 2007,811211,81,164
2013,SCIAN 2007,461170,46,162
2013,SCIAN 2007,522110,52,162
2013,SCIAN 2007,467113,46,161
2013,SCIAN 2007,611112,61,155
2013,SCIAN 2007,621511,62,153
2013,SCIAN 2007,722211,72,148
2013,SCIAN 2007,463113,46,147
2013,SCIAN 2007,465111,46,145
2013,SCIAN 2007,461140,46,144
2013,SCIAN 2007,811119,81,140
2013,SCIAN 2007,461150,46,139
2013,SCIAN 2007,467114,46,136
2013,SCIAN 2007,811430,81,133
2013,SCIAN 2007,624411,62,133
2013,SCIAN 2007,812410,81,133
2013,SCIAN 2007,465914,46,132
2013,SCIAN 2007,561510,56,131
2013,SCIAN 2007,466114,46,130
2013,SCIAN 2007,468420,46,129
2013,SCIAN 2007,722412,72,128
2013,SCIAN 2007,464121,46,127
2013,SCIAN 2007,561431,56,121
2013,SCIAN 2007,462112,46,106
2013,SCIAN 2007,611621,61,102
2013,SCIAN 2007,811491,81,100
2013,SCIAN 2007,541920,54,98
2013,SCIAN 2007,463212,46,93
2013,SCIAN 2007,531210,53,92
2013,SCIAN 2007,465212,46,92
2013,SCIAN 2007,485111,48,92
2013,SCIAN 2007,811199,81,91
2013,SCIAN 2007,811420,81,91
2013,SCIAN 2007,464112,46,90
2013,SCIAN 2007,461123,46,90
2013,SCIAN 2007,465215,46,90
2013,SCIAN 2007,465211,46,89
2013,SCIAN 2007,465919,46,86
2013,SCIAN 2007,465313,46,86
2013,SCIAN 2007,611111,61,85
2013,SCIAN 2007,811410,81,84
2013,SCIAN 2007,467112,46,84
2013,SCIAN 2007,465911,46,83
2013,SCIAN 2007,713943,71,80
2013,SCIAN 2007,463213,46,79
2013,SCIAN 2007,621331,62,79
2013,SCIAN 2007,466319,46,78
2013,SCIAN 2007,813230,81,77
2013,SCIAN 2007,541310,54,77
2013,SCIAN 2007,541941,54,75
2013,SCIAN 2007,811312,81,69
2013,SCIAN 2007,466112,46,69
2013,SCIAN 2007,561421,56,66
2013,SCIAN 2007,721112,72,65
2013,SCIAN 2007,611611,61,63
2013,SCIAN 2007,468213,46,62
2013,SCIAN 2007,541890,54,62
2013,SCIAN 2007,468112,46,60
2013,SCIAN 2007,532230,53,60
2013,SCIAN 2007,811492,81,59
2013,SCIAN 2007,621398,62,57
2013,SCIAN 2007,522452,52,56
2013,SCIAN 2007,468411,46,56
2013,SCIAN 2007,461213,46,55
2013,SCIAN 2007,541810,54,53
2013,SCIAN 2007,532291,53,53
2013,SCIAN 2007,721111,72,52
2013,SCIAN 2007,492110,49,51
2013,SCIAN 2007,468212,46,49
2013,SCIAN 2007,485210,48,48
2013,SCIAN 2007,611121,61,48
2013,SCIAN 2007,461211,46,47
2013,SCIAN 2007,812990,81,47
2013,SCIAN 2007,463112,46,46
2013,SCIAN 2007,811493,81,45
2013,SCIAN 2007,624412,62,45
2013,SCIAN 2007,713991,71,45
2013,SCIAN 2007,465312,46,44
2013,SCIAN 2007,813120,81,44
2013,SCIAN 2007,541610,54,44
2013,SCIAN 2007,813110,81,44
2013,SCIAN 2007,463214,46,44
2013,SCIAN 2007,517910,51,44
2013,SCIAN 2007,541430,54,43
2013,SCIAN 2007,524210,52,42
2013,SCIAN 2007,466311,46,42
2013,SCIAN 2007,561110,56,41
2013,SCIAN 2007,463216,46,40
2013,SCIAN 2007,611312,61,40
2013,SCIAN 2007,541990,54,38
2013,SCIAN 2007,811116,81,38
2013,SCIAN 2007,522320,52,38
2013,SCIAN 2007,463217,46,38
2013,SCIAN 2007,541120,54,37
2013,SCIAN 2007,465913,46,37
2013,SCIAN 2007,484222,48,36
2013,SCIAN 2007,541330,54,36
2013,SCIAN 2007,468111,46,36
2013,SCIAN 2007,713941,71,35
2013,SCIAN 2007,611411,61,35
2013,SCIAN 2007,721113,72,33
2013,SCIAN 2007,611631,61,33
2013,SCIAN 2007,462111,46,33
2013,SCIAN 2007,611132,61,33
2013,SCIAN 2007,611161,61,33
2013,SCIAN 2007,611171,61,32
2013,SCIAN 2007,622111,62,32
2013,SCIAN 2007,561520,56,32
2013,SCIAN 2007,811129,81,31
2013,SCIAN 2007,532310,53,31
2013,SCIAN 2007,523122,52,31
2013,SCIAN 2007,611311,61,30
2013,SCIAN 2007,484129,48,29
2013,SCIAN 2007,621341,62,28
2013,SCIAN 2007,468419,46,27
2013,SCIAN 2007,623992,62,27
2013,SCIAN 2007,713291,71,27
2013,SCIAN 2007,541510,54,26
2013,SCIAN 2007,812130,81,26
2013,SCIAN 2007,517210,51,26
2013,SCIAN 2007,812310,81,25
2013,SCIAN 2007,541690,54,25
2013,SCIAN 2007,484221,48,25
2013,SCIAN 2007,485112,48,24
2013,SCIAN 2007,468311,46,24
2013,SCIAN 2007,485311,48,24
2013,SCIAN 2007,611698,61,24
2013,SCIAN 2007,621311,62,23
2013,SCIAN 2007,561610,56,23
2013,SCIAN 2007,811114,81,23
2013,SCIAN 2007,463111,46,22
2013,SCIAN 2007,811122,81,22
2013,SCIAN 2007,621391,62,22
2013,SCIAN 2007,469110,46,21
2013,SCIAN 2007,532493,53,21
2013,SCIAN 2007,531311,53,20
2013,SCIAN 2007,622311,62,20
2013,SCIAN 2007,484119,48,20
2013,SCIAN 2007,811113,81,20
2013,SCIAN 2007,611511,61,19
2013,SCIAN 2007,517112,51,19
2013,SCIAN 2007,465216,46,19
2013,SCIAN 2007,462210,46,19
2013,SCIAN 2007,722411,72,19
2013,SCIAN 2007,532411,53,19
2013,SCIAN 2007,811115,81,19
2013,SCIAN 2007,465213,46,18
2013,SCIAN 2007,611142,61,18
2013,SCIAN 2007,622112,62,17
2013,SCIAN 2007,611162,61,16
2013,SCIAN 2007,812910,81,16
2013,SCIAN 2007,561990,56,16
2013,SCIAN 2007,611131,61,16
2013,SCIAN 2007,524110,52,15
2013,SCIAN 2007,468412,46,15
2013,SCIAN 2007,466313,46,15
2013,SCIAN 2007,487110,48,15
2013,SCIAN 2007,541410,54,14
2013,SCIAN 2007,522490,52,14
2013,SCIAN 2007,531319,53,14
2013,SCIAN 2007,611431,61,14
2013,SCIAN 2007,493119,49,14
2013,SCIAN 2007,561620,56,14
2013,SCIAN 2007,464122,46,13
2013,SCIAN 2007,484210,48,13
2013,SCIAN 2007,532420,53,13
2013,SCIAN 2007,532220,53,13
2013,SCIAN 2007,484229,48,12
2013,SCIAN 2007,611181,61,12
2013,SCIAN 2007,511112,51,12
2013,SCIAN 2007,561440,56,12
2013,SCIAN 2007,465214,46,12
2013,SCIAN 2007,721311,72,11
2013,SCIAN 2007,611699,61,11
2013,SCIAN 2007,517111,51,11
2013,SCIAN 2007,621112,62,11
2013,SCIAN 2007,463218,46,11
2013,SCIAN 2007,611691,61,11
2013,SCIAN 2007,531114,53,11
2013,SCIAN 2007,522390,52,11
2013,SCIAN 2007,512130,51,11
2013,SCIAN 2007,541850,54,11
2013,SCIAN 2007,491110,49,11
2013,SCIAN 2007,722320,72,10
2013,SCIAN 2007,531112,53,10
2013,SCIAN 2007,515110,51,10
2013,SCIAN 2007,712112,71,10
2013,SCIAN 2007,624198,62,10
2013,SCIAN 2007,541340,54,10
2013,SCIAN 2007,541190,54,9
2013,SCIAN 2007,623991,62,9
2013,SCIAN 2007,561720,56,9
2013,SCIAN 2007,531119,53,9
2013,SCIAN 2007,522430,52,9
2013,SCIAN 2007,812320,81,9
2013,SCIAN 2007,484231,48,9
2013,SCIAN 2007,611612,61,8
2013,SCIAN 2007,611182,61,8
2013,SCIAN 2007,541620,54,8
2013,SCIAN 2007,523121,52,8
2013,SCIAN 2007,541380,54,8
2013,SCIAN 2007,611421,61,8
2013,SCIAN 2007,515120,51,8
2013,SCIAN 2007,713998,71,8
2013,SCIAN 2007,561330,56,8
2013,SCIAN 2007,561710,56,8
2013,SCIAN 2007,561310,56,7
2013,SCIAN 2007,811314,81,7
2013,SCIAN 2007,813130,81,7
2013,SCIAN 2007,711311,71,6
2013,SCIAN 2007,532110,53,6
2013,SCIAN 2007,621320,62,6
2013,SCIAN 2007,811313,81,6
2013,SCIAN 2007,561590,56,6
2013,SCIAN 2007,611512,61,6
2013,SCIAN 2007,611152,61,6
2013,SCIAN 2007,611172,61,6
2013,SCIAN 2007,611151,61,6
2013,SCIAN 2007,711191,71,6
2013,SCIAN 2007,562112,56,6
2013,SCIAN 2007,541219,54,6
2013,SCIAN 2007,624212,62,5
2013,SCIAN 2007,524220,52,5
2013,SCIAN 2007,713111,71,5
2013,SCIAN 2007,624311,62,5
2013,SCIAN 2007,711131,71,5
2013,SCIAN 2007,561920,56,5
2013,SCIAN 2007,519122,51,5
2013,SCIAN 2007,623311,62,5
2013,SCIAN 2007,511132,51,5
2013,SCIAN 2007,621332,62,5
2013,SCIAN 2007,713992,71,5
2013,SCIAN 2007,812120,81,5
2013,SCIAN 2007,541711,54,5
2013,SCIAN 2007,466314,46,5
2013,SCIAN 2007,488990,48,5
2013,SCIAN 2007,711510,71,4
2013,SCIAN 2007,713112,71,4
2013,SCIAN 2007,511210,51,4
2013,SCIAN 2007,611710,61,4
2013,SCIAN 2007,467117,46,4
2013,SCIAN 2007,468413,46,4
2013,SCIAN 2007,621421,62,4
2013,SCIAN 2007,811311,81,4
2013,SCIAN 2007,522440,52,4
2013,SCIAN 2007,621910,62,4
2013,SCIAN 2007,621491,62,4
2013,SCIAN 2007,611211,61,4
2013,SCIAN 2007,711312,71,4
2013,SCIAN 2007,624211,62,4
2013,SCIAN 2007,532492,53,4
2013,SCIAN 2007,541910,54,4
2013,SCIAN 2007,531115,53,4
2013,SCIAN 2007,711212,71,4
2013,SCIAN 2007,485510,48,3
2013,SCIAN 2007,561410,56,3
2013,SCIAN 2007,721190,72,3
2013,SCIAN 2007,713999,71,3
2013,SCIAN 2007,484239,48,3
2013,SCIAN 2007,561790,56,3
2013,SCIAN 2007,624312,62,3
2013,SCIAN 2007,519130,51,3
2013,SCIAN 2007,522220,52,3
2013,SCIAN 2007,522451,52,3
2013,SCIAN 2007,518210,51,3
2013,SCIAN 2007,512113,51,3
2013,SCIAN 2007,621991,62,3
2013,SCIAN 2007,493111,49,3
2013,SCIAN 2007,511121,51,3
2013,SCIAN 2007,517410,51,3
2013,SCIAN 2007,488519,48,3
2013,SCIAN 2007,523110,52,3
2013,SCIAN 2007,711320,71,3
2013,SCIAN 2007,713944,71,3
2013,SCIAN 2007,541943,54,3
2013,SCIAN 2007,712111,71,3
2013,SCIAN 2007,713113,71,3
2013,SCIAN 2007,713942,71,3
2013,SCIAN 2007,561320,56,2
2013,SCIAN 2007,541350,54,2
2013,SCIAN 2007,541721,54,2
2013,SCIAN 2007,561450,56,2
2013,SCIAN 2007,561210,56,2
2013,SCIAN 2007,511131,51,2
2013,SCIAN 2007,561910,56,2
2013,SCIAN 2007,523910,52,2
2013,SCIAN 2007,561740,56,2
2013,SCIAN 2007,532121,53,2
2013,SCIAN 2007,541490,54,2
2013,SCIAN 2007,541370,54,2
2013,SCIAN 2007,488410,48,2
2013,SCIAN 2007,488491,48,2
2013,SCIAN 2007,488493,48,2
2013,SCIAN 2007,492210,49,2
2013,SCIAN 2007,488210,48,2
2013,SCIAN 2007,611212,61,2
2013,SCIAN 2007,511122,51,2
2013,SCIAN 2007,493190,49,2
2013,SCIAN 2007,711211,71,2
2013,SCIAN 2007,711111,71,2
2013,SCIAN 2007,624221,62,2
2013,SCIAN 2007,623221,62,2
2013,SCIAN 2007,621399,62,2
2013,SCIAN 2007,467116,46,2
2013,SCIAN 2007,485410,48,2
2013,SCIAN 2007,721312,72,2
2013,SCIAN 2007,721210,72,2
2013,SCIAN 2007,713950,71,2
2013,SCIAN 2007,713299,71,2
2013,SCIAN 2007,712132,71,2
2013,SCIAN 2007,541830,54,1
2013,SCIAN 2007,561422,56,1
2013,SCIAN 2007,541942,54,1
2013,SCIAN 2007,541320,54,1
2013,SCIAN 2007,484232,48,1
2013,SCIAN 2007,511111,51,1
2013,SCIAN 2007,493120,49,1
2013,SCIAN 2007,512210,51,1
2013,SCIAN 2007,512111,51,1
2013,SCIAN 2007,522420,52,1
2013,SCIAN 2007,512290,51,1
2013,SCIAN 2007,541360,54,1
2013,SCIAN 2007,532299,53,1
2013,SCIAN 2007,562111,56,1
2013,SCIAN 2007,611141,61,1
2013,SCIAN 2007,519110,51,1
2013,SCIAN 2007,519121,51,1
2013,SCIAN 2007,519190,51,1
2013,SCIAN 2007,522210,52,1
2013,SCIAN 2007,522310,52,1
2013,SCIAN 2007,522510,52,1
2013,SCIAN 2007,622212,62,1
2013,SCIAN 2007,621512,62,1
2013,SCIAN 2007,611622,61,1
2013,SCIAN 2007,621212,62,1
2013,SCIAN 2007,484121,48,1
2013,SCIAN 2007,481111,48,1
2013,SCIAN 2007,485990,48,1
2013,SCIAN 2007,711121,71,1
2013,SCIAN 2007,711192,71,1
2013,SCIAN 2007,624122,62,1
2013,SCIAN 2007,624121,62,1
2013,SCIAN 2007,624111,62,1
2013,SCIAN 2007,623312,62,1
2013,SCIAN 2007,623112,62,1
2013,SCIAN 2007,624112,62,1
2013,SCIAN 2007,624199,62,1
2013,SCIAN 2007,621610,62,1
2013,SCIAN 2007,711410,71,1
2013,SCIAN 2007,713910,71,1
2013,SCIAN 2007,722310,72,1
2015,SCIAN 2013,461110,46,3870
2015,SCIAN 2013,812110,81,1767
2015,SCIAN 2013,463211,46,1412
2015,SCIAN 2013,722514,72,1287
2015,SCIAN 2013,621211,62,1055
2015,SCIAN 2013,722513,72,968
2015,SCIAN 2013,461130,46,894
2015,SCIAN 2013,465311,46,894
2015,SCIAN 2013,811111,81,754
2015,SCIAN 2013,722517,72,616
2015,SCIAN 2013,722515,72,594
2015,SCIAN 2013,621113,62,579
2015,SCIAN 2013,561432,56,560
2015,SCIAN 2013,722518,72,504
2015,SCIAN 2013,467115,46,498
2015,SCIAN 2013,722511,72,485
2015,SCIAN 2013,464111,46,469
2015,SCIAN 2013,467111,46,465
2015,SCIAN 2013,461121,46,450
2015,SCIAN 2013,722519,72,446
2015,SCIAN 2013,541110,54,421
2015,SCIAN 2013,461160,46,410
2015,SCIAN 2013,811499,81,406
2015,SCIAN 2013,621111,62,402
2015,SCIAN 2013,466410,46,382
2015,SCIAN 2013,813210,81,378
2015,SCIAN 2013,463310,46,366
2015,SCIAN 2013,468211,46,359
2015,SCIAN 2013,811121,81,355
2015,SCIAN 2013,461122,46,340
2015,SCIAN 2013,531113,53,317
2015,SCIAN 2013,462112,46,304
2015,SCIAN 2013,812210,81,303
2015,SCIAN 2013,466212,46,282
2015,SCIAN 2013,465912,46,270
2015,SCIAN 2013,461190,46,261
2015,SCIAN 2013,541211,54,248
2015,SCIAN 2013,611122,61,234
2015,SCIAN 2013,522110,52,231
2015,SCIAN 2013,463215,46,229
2015,SCIAN 2013,722412,72,229
2015,SCIAN 2013,811191,81,215
2015,SCIAN 2013,466312,46,212
2015,SCIAN 2013,461212,46,209
2015,SCIAN 2013,811192,81,200
2015,SCIAN 2013,464113,46,195
2015,SCIAN 2013,713943,71,193
2015,SCIAN 2013,561510,56,189
2015,SCIAN 2013,466111,46,181
2015,SCIAN 2013,624191,62,172
2015,SCIAN 2013,811112,81,171
2015,SCIAN 2013,611112,61,170
2015,SCIAN 2013,812410,81,170
2015,SCIAN 2013,621511,62,165
2015,SCIAN 2013,722512,72,165
2015,SCIAN 2013,465111,46,165
2015,SCIAN 2013,467114,46,158
2015,SCIAN 2013,713120,71,158
2015,SCIAN 2013,467113,46,153
2015,SCIAN 2013,461150,46,153
2015,SCIAN 2013,463113,46,152
2015,SCIAN 2013,461170,46,150
2015,SCIAN 2013,465915,46,149
2015,SCIAN 2013,465112,46,147
2015,SCIAN 2013,811119,81,146
2015,SCIAN 2013,461140,46,140
2015,SCIAN 2013,811211,81,137
2015,SCIAN 2013,524210,52,134
2015,SCIAN 2013,624411,62,134
2015,SCIAN 2013,464121,46,134
2015,SCIAN 2013,811219,81,134
2015,SCIAN 2013,811430,81,133
2015,SCIAN 2013,611621,61,129
2015,SCIAN 2013,466211,46,126
2015,SCIAN 2013,811491,81,121
2015,SCIAN 2013,465215,46,119
2015,SCIAN 2013,811410,81,116
2015,SCIAN 2013,561431,56,110
2015,SCIAN 2013,811420,81,109
2015,SCIAN 2013,465212,46,107
2015,SCIAN 2013,465914,46,107
2015,SCIAN 2013,621331,62,100
2015,SCIAN 2013,541941,54,100
2015,SCIAN 2013,468420,46,98
2015,SCIAN 2013,813230,81,97
2015,SCIAN 2013,463213,46,96
2015,SCIAN 2013,811312,81,93
2015,SCIAN 2013,541920,54,91
2015,SCIAN 2013,464112,46,88
2015,SCIAN 2013,465313,46,85
2015,SCIAN 2013,465919,46,84
2015,SCIAN 2013,463212,46,83
2015,SCIAN 2013,611111,61,81
2015,SCIAN 2013,465211,46,80
2015,SCIAN 2013,465911,46,80
2015,SCIAN 2013,466112,46,79
2015,SCIAN 2013,811492,81,79
2015,SCIAN 2013,621398,62,77
2015,SCIAN 2013,811199,81,75
2015,SCIAN 2013,532291,53,75
2015,SCIAN 2013,466319,46,74
2015,SCIAN 2013,461123,46,72
2015,SCIAN 2013,463216,46,71
2015,SCIAN 2013,467112,46,71
2015,SCIAN 2013,468213,46,69
2015,SCIAN 2013,531210,53,69
2015,SCIAN 2013,468411,46,66
2015,SCIAN 2013,463214,46,65
2015,SCIAN 2013,721112,72,65
2015,SCIAN 2013,522452,52,64
2015,SCIAN 2013,611171,61,64
2015,SCIAN 2013,813120,81,62
2015,SCIAN 2013,468212,46,61
2015,SCIAN 2013,721111,72,61
2015,SCIAN 2013,466114,46,60
2015,SCIAN 2013,811493,81,56
2015,SCIAN 2013,811116,81,55
2015,SCIAN 2013,611611,61,54
2015,SCIAN 2013,722516,72,53
2015,SCIAN 2013,461213,46,52
2015,SCIAN 2013,468112,46,51
2015,SCIAN 2013,812990,81,49
2015,SCIAN 2013,541310,54,48
2015,SCIAN 2013,611311,61,47
2015,SCIAN 2013,461211,46,46
2015,SCIAN 2013,462111,46,46
2015,SCIAN 2013,811114,81,44
2015,SCIAN 2013,811129,81,43
2015,SCIAN 2013,541810,54,43
2015,SCIAN 2013,624412,62,43
2015,SCIAN 2013,522320,52,41
2015,SCIAN 2013,611631,61,40
2015,SCIAN 2013,812130,81,40
2015,SCIAN 2013,611161,61,40
2015,SCIAN 2013,541430,54,40
2015,SCIAN 2013,541120,54,40
2015,SCIAN 2013,532230,53,40
2015,SCIAN 2013,485111,48,40
2015,SCIAN 2013,465312,46,40
2015,SCIAN 2013,492110,49,38
2015,SCIAN 2013,611121,61,38
2015,SCIAN 2013,541890,54,38
2015,SCIAN 2013,713991,71,38
2015,SCIAN 2013,721113,72,38
2015,SCIAN 2013,468111,46,37
2015,SCIAN 2013,522460,52,37
2015,SCIAN 2013,517910,51,36
2015,SCIAN 2013,621391,62,36
2015,SCIAN 2013,463217,46,35
2015,SCIAN 2013,485210,48,34
2015,SCIAN 2013,561421,56,34
2015,SCIAN 2013,621341,62,34
2015,SCIAN 2013,611511,61,34
2015,SCIAN 2013,611312,61,34
2015,SCIAN 2013,468311,46,34
2015,SCIAN 2013,622111,62,33
2015,SCIAN 2013,532411,53,33
2015,SCIAN 2013,561110,56,32
2015,SCIAN 2013,611698,61,32
2015,SCIAN 2013,465913,46,32
2015,SCIAN 2013,462210,46,31
2015,SCIAN 2013,463112,46,31
2015,SCIAN 2013,466311,46,31
2015,SCIAN 2013,611132,61,31
2015,SCIAN 2013,561610,56,31
2015,SCIAN 2013,484129,48,30
2015,SCIAN 2013,813110,81,29
2015,SCIAN 2013,463111,46,29
2015,SCIAN 2013,811115,81,28
2015,SCIAN 2013,468419,46,28
2015,SCIAN 2013,517110,51,27
2015,SCIAN 2013,713291,71,27
2015,SCIAN 2013,523122,52,25
2015,SCIAN 2013,811122,81,25
2015,SCIAN 2013,812310,81,24
2015,SCIAN 2013,611691,61,24
2015,SCIAN 2013,541610,54,23
2015,SCIAN 2013,611172,61,23
2015,SCIAN 2013,611512,61,23
2015,SCIAN 2013,541330,54,22
2015,SCIAN 2013,532493,53,21
2015,SCIAN 2013,469110,46,21
2015,SCIAN 2013,611142,61,20
2015,SCIAN 2013,721311,72,20
2015,SCIAN 2013,463218,46,19
2015,SCIAN 2013,611162,61,19
2015,SCIAN 2013,531311,53,18
2015,SCIAN 2013,541190,54,18
2015,SCIAN 2013,622112,62,18
2015,SCIAN 2013,465213,46,17
2015,SCIAN 2013,811113,81,17
2015,SCIAN 2013,611710,61,17
2015,SCIAN 2013,531319,53,17
2015,SCIAN 2013,532220,53,16
2015,SCIAN 2013,623991,62,16
2015,SCIAN 2013,722320,72,16
2015,SCIAN 2013,464122,46,15
2015,SCIAN 2013,611131,61,14
2015,SCIAN 2013,541510,54,14
2015,SCIAN 2013,524110,52,14
2015,SCIAN 2013,532299,53,14
2015,SCIAN 2013,465216,46,14
2015,SCIAN 2013,561440,56,14
2015,SCIAN 2013,512130,51,13
2015,SCIAN 2013,468412,46,13
2015,SCIAN 2013,511112,51,13
2015,SCIAN 2013,622311,62,13
2015,SCIAN 2013,541340,54,13
2015,SCIAN 2013,561310,56,13
2015,SCIAN 2013,561330,56,12
2015,SCIAN 2013,611182,61,12
2015,SCIAN 2013,713941,71,12
2015,SCIAN 2013,722411,72,12
2015,SCIAN 2013,515110,51,12
2015,SCIAN 2013,522390,52,12
2015,SCIAN 2013,621112,62,11
2015,SCIAN 2013,531114,53,11
2015,SCIAN 2013,561620,56,11
2015,SCIAN 2013,812910,81,11
2015,SCIAN 2013,711311,71,10
2015,SCIAN 2013,487110,48,10
2015,SCIAN 2013,713944,71,10
2015,SCIAN 2013,531112,53,10
2015,SCIAN 2013,712112,71,10
2015,SCIAN 2013,541410,54,10
2015,SCIAN 2013,519122,51,9
2015,SCIAN 2013,621115,62,9
2015,SCIAN 2013,532492,53,9
2015,SCIAN 2013,813130,81,9
2015,SCIAN 2013,561920,56,9
2015,SCIAN 2013,484210,48,9
2015,SCIAN 2013,467116,46,9
2015,SCIAN 2013,711312,71,9
2015,SCIAN 2013,541690,54,8
2015,SCIAN 2013,541850,54,8
2015,SCIAN 2013,541620,54,8
2015,SCIAN 2013,713992,71,8
2015,SCIAN 2013,485510,48,8
2015,SCIAN 2013,623311,62,8
2015,SCIAN 2013,811311,81,8
2015,SCIAN 2013,611699,61,8
2015,SCIAN 2013,541380,54,8
2015,SCIAN 2013,621311,62,8
2015,SCIAN 2013,524220,52,8
2015,SCIAN 2013,621116,62,7
2015,SCIAN 2013,624199,62,7
2015,SCIAN 2013,621320,62,7
2015,SCIAN 2013,493119,49,7
2015,SCIAN 2013,611181,61,7
2015,SCIAN 2013,467117,46,7
2015,SCIAN 2013,721190,72,7
2015,SCIAN 2013,465214,46,7
2015,SCIAN 2013,624112,62,7
2015,SCIAN 2013,621491,62,6
2015,SCIAN 2013,561520,56,6
2015,SCIAN 2013,517210,51,6
2015,SCIAN 2013,515120,51,6
2015,SCIAN 2013,562112,56,6
2015,SCIAN 2013,541990,54,6
2015,SCIAN 2013,561320,56,6
2015,SCIAN 2013,561990,56,6
2015,SCIAN 2013,711510,71,6
2015,SCIAN 2013,624312,62,6
2015,SCIAN 2013,624212,62,6
2015,SCIAN 2013,484119,48,6
2015,SCIAN 2013,466314,46,6
2015,SCIAN 2013,611211,61,5
2015,SCIAN 2013,621332,62,5
2015,SCIAN 2013,488410,48,5
2015,SCIAN 2013,611431,61,5
2015,SCIAN 2013,541910,54,5
2015,SCIAN 2013,561740,56,5
2015,SCIAN 2013,561720,56,5
2015,SCIAN 2013,541711,54,5
2015,SCIAN 2013,623992,62,5
2015,SCIAN 2013,711131,71,5
2015,SCIAN 2013,466313,46,5
2015,SCIAN 2013,713112,71,5
2015,SCIAN 2013,811313,81,5
2015,SCIAN 2013,713998,71,5
2015,SCIAN 2013,511121,51,4
2015,SCIAN 2013,531119,53,4
2015,SCIAN 2013,484222,48,4
2015,SCIAN 2013,484221,48,4
2015,SCIAN 2013,624198,62,4
2015,SCIAN 2013,512113,51,4
2015,SCIAN 2013,812322,81,4
2015,SCIAN 2013,611151,61,4
2015,SCIAN 2013,531115,53,4
2015,SCIAN 2013,522440,52,4
2015,SCIAN 2013,523110,52,4
2015,SCIAN 2013,621421,62,4
2015,SCIAN 2013,611421,61,4
2015,SCIAN 2013,624211,62,3
2015,SCIAN 2013,484229,48,3
2015,SCIAN 2013,561490,56,3
2015,SCIAN 2013,811314,81,3
2015,SCIAN 2013,713111,71,3
2015,SCIAN 2013,713942,71,3
2015,SCIAN 2013,621910,62,3
2015,SCIAN 2013,624111,62,3
2015,SCIAN 2013,624121,62,3
2015,SCIAN 2013,711212,71,3
2015,SCIAN 2013,624311,62,3
2015,SCIAN 2013,611612,61,3
2015,SCIAN 2013,611622,61,3
2015,SCIAN 2013,532310,53,3
2015,SCIAN 2013,488491,48,3
2015,SCIAN 2013,621342,62,3
2015,SCIAN 2013,488511,48,3
2015,SCIAN 2013,522210,52,3
2015,SCIAN 2013,611212,61,3
2015,SCIAN 2013,522451,52,3
2015,SCIAN 2013,532110,53,3
2015,SCIAN 2013,532420,53,3
2015,SCIAN 2013,541943,54,3
2015,SCIAN 2013,541942,54,3
2015,SCIAN 2013,561910,56,3
2015,SCIAN 2013,561790,56,3
2015,SCIAN 2013,561710,56,3
2015,SCIAN 2013,812321,81,2
2015,SCIAN 2013,541722,54,2
2015,SCIAN 2013,561210,56,2
2015,SCIAN 2013,561590,56,2
2015,SCIAN 2013,713299,71,2
2015,SCIAN 2013,713113,71,2
2015,SCIAN 2013,466113,46,2
2015,SCIAN 2013,468413,46,2
2015,SCIAN 2013,711111,71,2
2015,SCIAN 2013,624222,62,2
2015,SCIAN 2013,621610,62,2
2015,SCIAN 2013,485320,48,2
2015,SCIAN 2013,484231,48,2
2015,SCIAN 2013,481111,48,2
2015,SCIAN 2013,484239,48,2
2015,SCIAN 2013,621212,62,2
2015,SCIAN 2013,511132,51,2
2015,SCIAN 2013,511131,51,2
2015,SCIAN 2013,488990,48,2
2015,SCIAN 2013,488519,48,2
2015,SCIAN 2013,519110,51,2
2015,SCIAN 2013,522430,52,2
2015,SCIAN 2013,515210,51,2
2015,SCIAN 2013,522220,52,2
2015,SCIAN 2013,611411,61,2
2015,SCIAN 2013,721210,72,2
2015,SCIAN 2013,712132,71,2
2015,SCIAN 2013,541350,54,1
2015,SCIAN 2013,561422,56,1
2015,SCIAN 2013,541370,54,1
2015,SCIAN 2013,541870,54,1
2015,SCIAN 2013,541712,54,1
2015,SCIAN 2013,541840,54,1
2015,SCIAN 2013,561730,56,1
2015,SCIAN 2013,813140,81,1
2015,SCIAN 2013,532121,53,1
2015,SCIAN 2013,524130,52,1
2015,SCIAN 2013,523121,52,1
2015,SCIAN 2013,533110,53,1
2015,SCIAN 2013,532412,53,1
2015,SCIAN 2013,562111,56,1
2015,SCIAN 2013,519130,51,1
2015,SCIAN 2013,623111,62,1
2015,SCIAN 2013,623221,62,1
2015,SCIAN 2013,623312,62,1
2015,SCIAN 2013,491110,49,1
2015,SCIAN 2013,492210,49,1
2015,SCIAN 2013,488493,48,1
2015,SCIAN 2013,522490,52,1
2015,SCIAN 2013,512290,51,1
2015,SCIAN 2013,519121,51,1
2015,SCIAN 2013,518210,51,1
2015,SCIAN 2013,522510,52,1
2015,SCIAN 2013,521110,52,1
2015,SCIAN 2013,532210,53,1
2015,SCIAN 2013,711320,71,1
2015,SCIAN 2013,711112,71,1
2015,SCIAN 2013,711121,71,1
2015,SCIAN 2013,487990,48,1
2015,SCIAN 2013,624231,62,1
2015,SCIAN 2013,624122,62,1
2015,SCIAN 2013,622212,62,1
2015,SCIAN 2013,482110,48,1
2015,SCIAN 2013,481210,48,1
2015,SCIAN 2013,484232,48,1
2015,SCIAN 2013,485410,48,1
2015,SCIAN 2013,621992,62,1
2015,SCIAN 2013,621512,62,1
2015,SCIAN 2013,512210,51,1
2015,SCIAN 2013,713950,71,1
2015,SCIAN 2013,713910,71,1
2015,SCIAN 2013,711410,71,1
2015,SCIAN 2013,712111,71,1
2015,SCIAN 2013,461220,46,1
2015,SCIAN 2013,722310,72,1
2015,SCIAN 2013,812120,81,1
2016,SCIAN 2013,461110,46,3998
2016,SCIAN 2013,812110,81,1767
2016,SCIAN 2013,463211,46,1429
2016,SCIAN 2013,722514,72,1298
2016,SCIAN 2013,621211,62,1057
2016,SCIAN 2013,461130,46,963
2016,SCIAN 2013,722513,72,958
2016,SCIAN 2013,465311,46,900
2016,SCIAN 2013,811111,81,750
2016,SCIAN 2013,722517,72,610
2016,SCIAN 2013,722515,72,592
2016,SCIAN 2013,621113,62,586
2016,SCIAN 2013,561432,56,567
2016,SCIAN 2013,722518,72,512
2016,SCIAN 2013,467111,46,501
2016,SCIAN 2013,467115,46,499
2016,SCIAN 2013,722511,72,485
2016,SCIAN 2013,722519,72,473
2016,SCIAN 2013,464111,46,463
2016,SCIAN 2013,461121,46,456
2016,SCIAN 2013,621111,62,434
2016,SCIAN 2013,541110,54,421
2016,SCIAN 2013,461160,46,414
2016,SCIAN 2013,811499,81,402
2016,SCIAN 2013,468211,46,393
2016,SCIAN 2013,813210,81,383
2016,SCIAN 2013,463310,46,382
2016,SCIAN 2013,466410,46,376
2016,SCIAN 2013,811121,81,355
2016,SCIAN 2013,461122,46,348
2016,SCIAN 2013,531113,53,321
2016,SCIAN 2013,812210,81,303
2016,SCIAN 2013,466212,46,291
2016,SCIAN 2013,465912,46,275
2016,SCIAN 2013,461190,46,255
2016,SCIAN 2013,541211,54,250
2016,SCIAN 2013,611122,61,239
2016,SCIAN 2013,522110,52,238
2016,SCIAN 2013,722412,72,233
2016,SCIAN 2013,463215,46,231
2016,SCIAN 2013,713943,71,228
2016,SCIAN 2013,461212,46,216
2016,SCIAN 2013,811191,81,216
2016,SCIAN 2013,466312,46,216
2016,SCIAN 2013,462112,46,215
2016,SCIAN 2013,811192,81,202
2016,SCIAN 2013,464113,46,201
2016,SCIAN 2013,561510,56,191
2016,SCIAN 2013,466111,46,188
2016,SCIAN 2013,812410,81,176
2016,SCIAN 2013,811112,81,172
2016,SCIAN 2013,624191,62,172
2016,SCIAN 2013,611112,61,169
2016,SCIAN 2013,465111,46,169
2016,SCIAN 2013,621511,62,168
2016,SCIAN 2013,722512,72,166
2016,SCIAN 2013,467113,46,163
2016,SCIAN 2013,461150,46,159
2016,SCIAN 2013,713120,71,158
2016,SCIAN 2013,467114,46,153
2016,SCIAN 2013,463113,46,149
2016,SCIAN 2013,811119,81,149
2016,SCIAN 2013,465915,46,148
2016,SCIAN 2013,461170,46,148
2016,SCIAN 2013,461140,46,143
2016,SCIAN 2013,465112,46,143
2016,SCIAN 2013,464121,46,141
2016,SCIAN 2013,811219,81,140
2016,SCIAN 2013,524210,52,138
2016,SCIAN 2013,811211,81,138
2016,SCIAN 2013,624411,62,134
2016,SCIAN 2013,811430,81,134
2016,SCIAN 2013,466211,46,133
2016,SCIAN 2013,465215,46,124
2016,SCIAN 2013,811491,81,122
2016,SCIAN 2013,811410,81,116
2016,SCIAN 2013,465212,46,111
2016,SCIAN 2013,541941,54,110
2016,SCIAN 2013,561431,56,109
2016,SCIAN 2013,465914,46,108
2016,SCIAN 2013,611312,61,106
2016,SCIAN 2013,468420,46,105
2016,SCIAN 2013,611621,61,103
2016,SCIAN 2013,463213,46,101
2016,SCIAN 2013,621331,62,99
2016,SCIAN 2013,813230,81,98
2016,SCIAN 2013,811420,81,97
2016,SCIAN 2013,464112,46,92
2016,SCIAN 2013,811312,81,92
2016,SCIAN 2013,541920,54,91
2016,SCIAN 2013,465313,46,85
2016,SCIAN 2013,463212,46,82
2016,SCIAN 2013,531210,53,81
2016,SCIAN 2013,465911,46,81
2016,SCIAN 2013,466112,46,81
2016,SCIAN 2013,811492,81,80
2016,SCIAN 2013,465211,46,79
2016,SCIAN 2013,611111,61,78
2016,SCIAN 2013,621398,62,77
2016,SCIAN 2013,468213,46,76
2016,SCIAN 2013,811199,81,76
2016,SCIAN 2013,463216,46,76
2016,SCIAN 2013,466319,46,76
2016,SCIAN 2013,465919,46,76
2016,SCIAN 2013,467112,46,73
2016,SCIAN 2013,461123,46,72
2016,SCIAN 2013,532291,53,71
2016,SCIAN 2013,468411,46,70
2016,SCIAN 2013,611171,61,68
2016,SCIAN 2013,522452,52,65
2016,SCIAN 2013,813120,81,64
2016,SCIAN 2013,721111,72,64
2016,SCIAN 2013,463214,46,63
2016,SCIAN 2013,468212,46,62
2016,SCIAN 2013,466114,46,61
2016,SCIAN 2013,461213,46,59
2016,SCIAN 2013,722516,72,57
2016,SCIAN 2013,811116,81,56
2016,SCIAN 2013,811493,81,56
2016,SCIAN 2013,611611,61,53
2016,SCIAN 2013,468112,46,51
2016,SCIAN 2013,721112,72,51
2016,SCIAN 2013,462111,46,49
2016,SCIAN 2013,611311,61,48
2016,SCIAN 2013,461211,46,48
2016,SCIAN 2013,541310,54,47
2016,SCIAN 2013,517910,51,45
2016,SCIAN 2013,811114,81,45
2016,SCIAN 2013,541810,54,44
2016,SCIAN 2013,811129,81,44
2016,SCIAN 2013,624412,62,43
2016,SCIAN 2013,517110,51,43
2016,SCIAN 2013,468111,46,43
2016,SCIAN 2013,812990,81,41
2016,SCIAN 2013,492110,49,41
2016,SCIAN 2013,611631,61,41
2016,SCIAN 2013,541890,54,41
2016,SCIAN 2013,721113,72,41
2016,SCIAN 2013,541120,54,40
2016,SCIAN 2013,541430,54,40
2016,SCIAN 2013,812130,81,39
2016,SCIAN 2013,522320,52,39
2016,SCIAN 2013,611161,61,39
2016,SCIAN 2013,713991,71,38
2016,SCIAN 2013,813110,81,38
2016,SCIAN 2013,485111,48,37
2016,SCIAN 2013,468311,46,37
2016,SCIAN 2013,463217,46,37
2016,SCIAN 2013,465312,46,37
2016,SCIAN 2013,621341,62,36
2016,SCIAN 2013,621391,62,36
2016,SCIAN 2013,561110,56,36
2016,SCIAN 2013,532230,53,36
2016,SCIAN 2013,466311,46,36
2016,SCIAN 2013,611698,61,35
2016,SCIAN 2013,465913,46,35
2016,SCIAN 2013,485210,48,35
2016,SCIAN 2013,463112,46,34
2016,SCIAN 2013,611511,61,34
2016,SCIAN 2013,611121,61,34
2016,SCIAN 2013,484129,48,33
2016,SCIAN 2013,611691,61,33
2016,SCIAN 2013,532411,53,31
2016,SCIAN 2013,561610,56,31
2016,SCIAN 2013,522490,52,31
2016,SCIAN 2013,468419,46,30
2016,SCIAN 2013,611132,61,30
2016,SCIAN 2013,541610,54,29
2016,SCIAN 2013,811115,81,29
2016,SCIAN 2013,523122,52,29
2016,SCIAN 2013,469110,46,28
2016,SCIAN 2013,462210,46,27
2016,SCIAN 2013,463111,46,27
2016,SCIAN 2013,611172,61,26
2016,SCIAN 2013,623992,62,26
2016,SCIAN 2013,812310,81,26
2016,SCIAN 2013,713291,71,26
2016,SCIAN 2013,811122,81,25
2016,SCIAN 2013,611162,61,24
2016,SCIAN 2013,541330,54,24
2016,SCIAN 2013,622111,62,23
2016,SCIAN 2013,611512,61,23
2016,SCIAN 2013,532493,53,21
2016,SCIAN 2013,611142,61,20
2016,SCIAN 2013,463218,46,19
2016,SCIAN 2013,811113,81,18
2016,SCIAN 2013,531319,53,18
2016,SCIAN 2013,721311,72,18
2016,SCIAN 2013,464122,46,18
2016,SCIAN 2013,561310,56,18
2016,SCIAN 2013,541510,54,17
2016,SCIAN 2013,541190,54,17
2016,SCIAN 2013,622112,62,17
2016,SCIAN 2013,465213,46,17
2016,SCIAN 2013,623991,62,17
2016,SCIAN 2013,722320,72,16
2016,SCIAN 2013,561440,56,16
2016,SCIAN 2013,524110,52,16
2016,SCIAN 2013,561330,56,16
2016,SCIAN 2013,532220,53,15
2016,SCIAN 2013,517210,51,14
2016,SCIAN 2013,532299,53,14
2016,SCIAN 2013,485510,48,14
2016,SCIAN 2013,468412,46,13
2016,SCIAN 2013,515110,51,13
2016,SCIAN 2013,512130,51,13
2016,SCIAN 2013,713941,71,13
2016,SCIAN 2013,465216,46,13
2016,SCIAN 2013,561620,56,13
2016,SCIAN 2013,541340,54,13
2016,SCIAN 2013,622311,62,12
2016,SCIAN 2013,522460,52,12
2016,SCIAN 2013,611182,61,12
2016,SCIAN 2013,561990,56,12
2016,SCIAN 2013,722411,72,12
2016,SCIAN 2013,713944,71,12
2016,SCIAN 2013,541380,54,12
2016,SCIAN 2013,812910,81,12
2016,SCIAN 2013,511112,51,12
2016,SCIAN 2013,531114,53,12
2016,SCIAN 2013,531311,53,12
2016,SCIAN 2013,611131,61,12
2016,SCIAN 2013,712112,71,11
2016,SCIAN 2013,522390,52,11
2016,SCIAN 2013,711311,71,11
2016,SCIAN 2013,531112,53,11
2016,SCIAN 2013,621115,62,10
2016,SCIAN 2013,711312,71,10
2016,SCIAN 2013,621112,62,10
2016,SCIAN 2013,621320,62,10
2016,SCIAN 2013,519122,51,10
2016,SCIAN 2013,621311,62,10
2016,SCIAN 2013,813130,81,10
2016,SCIAN 2013,561920,56,9
2016,SCIAN 2013,532492,53,9
2016,SCIAN 2013,466314,46,9
2016,SCIAN 2013,484210,48,9
2016,SCIAN 2013,524220,52,9
2016,SCIAN 2013,621116,62,9
2016,SCIAN 2013,811311,81,8
2016,SCIAN 2013,541690,54,8
2016,SCIAN 2013,541712,54,8
2016,SCIAN 2013,487110,48,8
2016,SCIAN 2013,541850,54,8
2016,SCIAN 2013,561421,56,8
2016,SCIAN 2013,465214,46,8
2016,SCIAN 2013,713992,71,8
2016,SCIAN 2013,541620,54,8
2016,SCIAN 2013,491110,49,8
2016,SCIAN 2013,467116,46,8
2016,SCIAN 2013,623311,62,8
2016,SCIAN 2013,624112,62,7
2016,SCIAN 2013,721190,72,7
2016,SCIAN 2013,561520,56,7
2016,SCIAN 2013,467117,46,7
2016,SCIAN 2013,561720,56,7
2016,SCIAN 2013,611181,61,7
2016,SCIAN 2013,562112,56,7
2016,SCIAN 2013,515120,51,6
2016,SCIAN 2013,611421,61,6
2016,SCIAN 2013,488410,48,6
2016,SCIAN 2013,493119,49,6
2016,SCIAN 2013,541711,54,6
2016,SCIAN 2013,541410,54,6
2016,SCIAN 2013,624199,62,6
2016,SCIAN 2013,624212,62,6
2016,SCIAN 2013,522451,52,6
2016,SCIAN 2013,624312,62,6
2016,SCIAN 2013,611699,61,6
2016,SCIAN 2013,561710,56,6
2016,SCIAN 2013,611151,61,6
2016,SCIAN 2013,711510,71,6
2016,SCIAN 2013,531115,53,6
2016,SCIAN 2013,541990,54,6
2016,SCIAN 2013,713112,71,5
2016,SCIAN 2013,624198,62,5
2016,SCIAN 2013,621332,62,5
2016,SCIAN 2013,711131,71,5
2016,SCIAN 2013,484222,48,5
2016,SCIAN 2013,561320,56,5
2016,SCIAN 2013,713998,71,5
2016,SCIAN 2013,561740,56,5
2016,SCIAN 2013,611431,61,5
2016,SCIAN 2013,466313,46,5
2016,SCIAN 2013,541910,54,5
2016,SCIAN 2013,522220,52,5
2016,SCIAN 2013,531119,53,5
2016,SCIAN 2013,811314,81,4
2016,SCIAN 2013,532110,53,4
2016,SCIAN 2013,522210,52,4
2016,SCIAN 2013,532310,53,4
2016,SCIAN 2013,484239,48,4
2016,SCIAN 2013,512113,51,4
2016,SCIAN 2013,511121,51,4
2016,SCIAN 2013,493111,49,4
2016,SCIAN 2013,488511,48,4
2016,SCIAN 2013,611211,61,4
2016,SCIAN 2013,484221,48,4
2016,SCIAN 2013,624121,62,4
2016,SCIAN 2013,621421,62,4
2016,SCIAN 2013,611710,61,4
2016,SCIAN 2013,621491,62,4
2016,SCIAN 2013,811313,81,4
2016,SCIAN 2013,624111,62,3
2016,SCIAN 2013,561910,56,3
2016,SCIAN 2013,541942,54,3
2016,SCIAN 2013,484119,48,3
2016,SCIAN 2013,541943,54,3
2016,SCIAN 2013,492210,49,3
2016,SCIAN 2013,519130,51,3
2016,SCIAN 2013,484231,48,3
2016,SCIAN 2013,484229,48,3
2016,SCIAN 2013,488990,48,3
2016,SCIAN 2013,523110,52,3
2016,SCIAN 2013,488491,48,3
2016,SCIAN 2013,624311,62,3
2016,SCIAN 2013,611612,61,3
2016,SCIAN 2013,621910,62,3
2016,SCIAN 2013,812322,81,3
2016,SCIAN 2013,812321,81,3
2016,SCIAN 2013,713942,71,3
2016,SCIAN 2013,711212,71,3
2016,SCIAN 2013,713113,71,3
2016,SCIAN 2013,621342,62,3
2016,SCIAN 2013,624211,62,3
2016,SCIAN 2013,621212,62,3
2016,SCIAN 2013,624222,62,2
2016,SCIAN 2013,713299,71,2
2016,SCIAN 2013,713111,71,2
2016,SCIAN 2013,611411,61,2
2016,SCIAN 2013,562111,56,2
2016,SCIAN 2013,481111,48,2
2016,SCIAN 2013,561790,56,2
2016,SCIAN 2013,611212,61,2
2016,SCIAN 2013,468413,46,2
2016,SCIAN 2013,541722,54,2
2016,SCIAN 2013,481210,48,2
2016,SCIAN 2013,485990,48,2
2016,SCIAN 2013,512290,51,2
2016,SCIAN 2013,512112,51,2
2016,SCIAN 2013,511131,51,2
2016,SCIAN 2013,485320,48,2
2016,SCIAN 2013,511132,51,2
2016,SCIAN 2013,532420,53,2
2016,SCIAN 2013,523121,52,2
2016,SCIAN 2013,518210,51,2
2016,SCIAN 2013,524130,52,2
2016,SCIAN 2013,522430,52,2
2016,SCIAN 2013,713950,71,2
2016,SCIAN 2013,721210,72,2
2016,SCIAN 2013,712132,71,2
2016,SCIAN 2013,711111,71,2
2016,SCIAN 2013,461220,46,2
2016,SCIAN 2013,488492,48,1
2016,SCIAN 2013,488493,48,1
2016,SCIAN 2013,541870,54,1
2016,SCIAN 2013,541840,54,1
2016,SCIAN 2013,561210,56,1
2016,SCIAN 2013,466113,46,1
2016,SCIAN 2013,561590,56,1
2016,SCIAN 2013,561730,56,1
2016,SCIAN 2013,519110,51,1
2016,SCIAN 2013,515210,51,1
2016,SCIAN 2013,522510,52,1
2016,SCIAN 2013,522440,52,1
2016,SCIAN 2013,812120,81,1
2016,SCIAN 2013,533110,53,1
2016,SCIAN 2013,541350,54,1
2016,SCIAN 2013,512210,51,1
2016,SCIAN 2013,522310,52,1
2016,SCIAN 2013,521110,52,1
2016,SCIAN 2013,532210,53,1
2016,SCIAN 2013,532121,53,1
2016,SCIAN 2013,519121,51,1
2016,SCIAN 2013,541370,54,1
2016,SCIAN 2013,511210,51,1
2016,SCIAN 2013,482110,48,1
2016,SCIAN 2013,484121,48,1
2016,SCIAN 2013,561422,56,1
2016,SCIAN 2013,484232,48,1
2016,SCIAN 2013,485410,48,1
2016,SCIAN 2013,487990,48,1
2016,SCIAN 2013,611412,61,1
2016,SCIAN 2013,611422,61,1
2016,SCIAN 2013,624122,62,1
2016,SCIAN 2013,624231,62,1
2016,SCIAN 2013,622212,62,1
2016,SCIAN 2013,611622,61,1
2016,SCIAN 2013,621399,62,1
2016,SCIAN 2013,623221,62,1
2016,SCIAN 2013,623312,62,1
2016,SCIAN 2013,623111,62,1
2016,SCIAN 2013,621610,62,1
2016,SCIAN 2013,621992,62,1
2016,SCIAN 2013,621512,62,1
2016,SCIAN 2013,721312,72,1
2016,SCIAN 2013,713910,71,1
2016,SCIAN 2013,711112,71,1
2016,SCIAN 2013,712111,71,1
2016,SCIAN 2013,711410,71,1
2016,SCIAN 2013,722310,72,1
2016,SCIAN 2013,813140,81,1
2017,SCIAN 2013,461110,46,3998
2017,SCIAN 2013,812110,81,1767
2017,SCIAN 2013,463211,46,1436
2017,SCIAN 2013,722514,72,1297
2017,SCIAN 2013,621211,62,1056
2017,SCIAN 2013,461130,46,964
2017,SCIAN 2013,722513,72,958
2017,SCIAN 2013,465311,46,900
2017,SCIAN 2013,811111,81,751
2017,SCIAN 2013,722517,72,613
2017,SCIAN 2013,722515,72,594
2017,SCIAN 2013,621113,62,587
2017,SCIAN 2013,561432,56,567
2017,SCIAN 2013,722518,72,512
2017,SCIAN 2013,467111,46,500
2017,SCIAN 2013,467115,46,499
2017,SCIAN 2013,464111,46,499
2017,SCIAN 2013,722511,72,489
2017,SCIAN 2013,722519,72,473
2017,SCIAN 2013,461121,46,457
2017,SCIAN 2013,621111,62,435
2017,SCIAN 2013,541110,54,422
2017,SCIAN 2013,461160,46,415
2017,SCIAN 2013,811499,81,402
2017,SCIAN 2013,468211,46,392
2017,SCIAN 2013,463310,46,390
2017,SCIAN 2013,813210,81,383
2017,SCIAN 2013,466410,46,376
2017,SCIAN 2013,811121,81,355
2017,SCIAN 2013,461122,46,348
2017,SCIAN 2013,531113,53,321
2017,SCIAN 2013,812210,81,303
2017,SCIAN 2013,466212,46,290
2017,SCIAN 2013,465912,46,274
2017,SCIAN 2013,461190,46,255
2017,SCIAN 2013,541211,54,254
2017,SCIAN 2013,611122,61,239
2017,SCIAN 2013,522110,52,235
2017,SCIAN 2013,722412,72,233
2017,SCIAN 2013,463215,46,232
2017,SCIAN 2013,713943,71,228
2017,SCIAN 2013,462112,46,226
2017,SCIAN 2013,466312,46,217
2017,SCIAN 2013,461212,46,216
2017,SCIAN 2013,811191,81,216
2017,SCIAN 2013,464113,46,203
2017,SCIAN 2013,811192,81,202
2017,SCIAN 2013,466111,46,195
2017,SCIAN 2013,561510,56,190
2017,SCIAN 2013,812410,81,176
2017,SCIAN 2013,624191,62,172
2017,SCIAN 2013,811112,81,172
2017,SCIAN 2013,621511,62,169
2017,SCIAN 2013,611112,61,169
2017,SCIAN 2013,467113,46,169
2017,SCIAN 2013,722512,72,166
2017,SCIAN 2013,465111,46,166
2017,SCIAN 2013,461150,46,158
2017,SCIAN 2013,713120,71,158
2017,SCIAN 2013,467114,46,155
2017,SCIAN 2013,811119,81,149
2017,SCIAN 2013,463113,46,149
2017,SCIAN 2013,465915,46,148
2017,SCIAN 2013,461170,46,148
2017,SCIAN 2013,464121,46,145
2017,SCIAN 2013,461140,46,143
2017,SCIAN 2013,465112,46,143
2017,SCIAN 2013,811219,81,140
2017,SCIAN 2013,811211,81,138
2017,SCIAN 2013,524210,52,138
2017,SCIAN 2013,811430,81,134
2017,SCIAN 2013,624411,62,134
2017,SCIAN 2013,466211,46,132
2017,SCIAN 2013,465215,46,129
2017,SCIAN 2013,811491,81,122
2017,SCIAN 2013,811410,81,116
2017,SCIAN 2013,541941,54,110
2017,SCIAN 2013,465212,46,109
2017,SCIAN 2013,561431,56,109
2017,SCIAN 2013,465914,46,108
2017,SCIAN 2013,468420,46,106
2017,SCIAN 2013,611312,61,106
2017,SCIAN 2013,611621,61,103
2017,SCIAN 2013,463213,46,101
2017,SCIAN 2013,621331,62,100
2017,SCIAN 2013,464112,46,99
2017,SCIAN 2013,813230,81,98
2017,SCIAN 2013,811420,81,97
2017,SCIAN 2013,811312,81,91
2017,SCIAN 2013,541920,54,91
2017,SCIAN 2013,465313,46,85
2017,SCIAN 2013,463212,46,82
2017,SCIAN 2013,461123,46,82
2017,SCIAN 2013,531210,53,82
2017,SCIAN 2013,466112,46,82
2017,SCIAN 2013,465911,46,81
2017,SCIAN 2013,811492,81,80
2017,SCIAN 2013,611111,61,79
2017,SCIAN 2013,465211,46,79
2017,SCIAN 2013,621398,62,77
2017,SCIAN 2013,466319,46,76
2017,SCIAN 2013,465919,46,76
2017,SCIAN 2013,468213,46,76
2017,SCIAN 2013,811199,81,76
2017,SCIAN 2013,467112,46,75
2017,SCIAN 2013,463216,46,74
2017,SCIAN 2013,468411,46,73
2017,SCIAN 2013,532291,53,71
2017,SCIAN 2013,611171,61,69
2017,SCIAN 2013,813120,81,65
2017,SCIAN 2013,522452,52,65
2017,SCIAN 2013,466114,46,63
2017,SCIAN 2013,721111,72,63
2017,SCIAN 2013,463214,46,63
2017,SCIAN 2013,468212,46,62
2017,SCIAN 2013,722516,72,60
2017,SCIAN 2013,461213,46,58
2017,SCIAN 2013,811116,81,56
2017,SCIAN 2013,811493,81,56
2017,SCIAN 2013,611611,61,53
2017,SCIAN 2013,468112,46,51
2017,SCIAN 2013,721112,72,50
2017,SCIAN 2013,462111,46,50
2017,SCIAN 2013,541310,54,48
2017,SCIAN 2013,611311,61,48
2017,SCIAN 2013,461211,46,48
2017,SCIAN 2013,811114,81,45
2017,SCIAN 2013,517910,51,45
2017,SCIAN 2013,811129,81,44
2017,SCIAN 2013,541810,54,44
2017,SCIAN 2013,468111,46,43
2017,SCIAN 2013,517110,51,43
2017,SCIAN 2013,624412,62,43
2017,SCIAN 2013,611631,61,42
2017,SCIAN 2013,541430,54,42
2017,SCIAN 2013,492110,49,41
2017,SCIAN 2013,812990,81,41
2017,SCIAN 2013,541890,54,41
2017,SCIAN 2013,541120,54,40
2017,SCIAN 2013,522320,52,40
2017,SCIAN 2013,721113,72,40
2017,SCIAN 2013,812130,81,39
2017,SCIAN 2013,611161,61,38
2017,SCIAN 2013,813110,81,38
2017,SCIAN 2013,468311,46,38
2017,SCIAN 2013,463217,46,38
2017,SCIAN 2013,713991,71,38
2017,SCIAN 2013,621341,62,38
2017,SCIAN 2013,463112,46,37
2017,SCIAN 2013,561110,56,36
2017,SCIAN 2013,485111,48,36
2017,SCIAN 2013,621391,62,36
2017,SCIAN 2013,466311,46,36
2017,SCIAN 2013,465312,46,36
2017,SCIAN 2013,532230,53,36
2017,SCIAN 2013,611698,61,35
2017,SCIAN 2013,611511,61,35
2017,SCIAN 2013,485210,48,35
2017,SCIAN 2013,465913,46,35
2017,SCIAN 2013,484129,48,34
2017,SCIAN 2013,611121,61,33
2017,SCIAN 2013,611691,61,33
2017,SCIAN 2013,468419,46,31
2017,SCIAN 2013,532411,53,31
2017,SCIAN 2013,561610,56,31
2017,SCIAN 2013,541610,54,31
2017,SCIAN 2013,522490,52,31
2017,SCIAN 2013,611132,61,30
2017,SCIAN 2013,811115,81,29
2017,SCIAN 2013,523122,52,29
2017,SCIAN 2013,469110,46,29
2017,SCIAN 2013,462210,46,27
2017,SCIAN 2013,713291,71,26
2017,SCIAN 2013,611172,61,26
2017,SCIAN 2013,623992,62,26
2017,SCIAN 2013,463111,46,26
2017,SCIAN 2013,541330,54,25
2017,SCIAN 2013,812310,81,25
2017,SCIAN 2013,811122,81,25
2017,SCIAN 2013,611162,61,24
2017,SCIAN 2013,611512,61,23
2017,SCIAN 2013,622111,62,23
2017,SCIAN 2013,561310,56,21
2017,SCIAN 2013,532493,53,21
2017,SCIAN 2013,611142,61,20
2017,SCIAN 2013,464122,46,19
2017,SCIAN 2013,512130,51,19
2017,SCIAN 2013,531319,53,19
2017,SCIAN 2013,463218,46,19
2017,SCIAN 2013,721311,72,18
2017,SCIAN 2013,811113,81,18
2017,SCIAN 2013,541510,54,18
2017,SCIAN 2013,465213,46,17
2017,SCIAN 2013,623991,62,17
2017,SCIAN 2013,561330,56,17
2017,SCIAN 2013,561440,56,17
2017,SCIAN 2013,622112,62,17
2017,SCIAN 2013,541190,54,17
2017,SCIAN 2013,722320,72,16
2017,SCIAN 2013,524110,52,16
2017,SCIAN 2013,517210,51,15
2017,SCIAN 2013,532220,53,15
2017,SCIAN 2013,531114,53,14
2017,SCIAN 2013,468412,46,14
2017,SCIAN 2013,522460,52,14
2017,SCIAN 2013,485510,48,14
2017,SCIAN 2013,532299,53,14
2017,SCIAN 2013,561990,56,13
2017,SCIAN 2013,713941,71,13
2017,SCIAN 2013,465216,46,13
2017,SCIAN 2013,561620,56,13
2017,SCIAN 2013,541340,54,13
2017,SCIAN 2013,515110,51,13
2017,SCIAN 2013,522390,52,13
2017,SCIAN 2013,611182,61,12
2017,SCIAN 2013,622311,62,12
2017,SCIAN 2013,713944,71,12
2017,SCIAN 2013,541380,54,12
2017,SCIAN 2013,611131,61,12
2017,SCIAN 2013,531311,53,12
2017,SCIAN 2013,722411,72,12
2017,SCIAN 2013,531112,53,11
2017,SCIAN 2013,511112,51,11
2017,SCIAN 2013,711311,71,11
2017,SCIAN 2013,712112,71,11
2017,SCIAN 2013,621112,62,10
2017,SCIAN 2013,813130,81,10
2017,SCIAN 2013,519122,51,10
2017,SCIAN 2013,621311,62,10
2017,SCIAN 2013,812910,81,10
2017,SCIAN 2013,711312,71,10
2017,SCIAN 2013,621115,62,10
2017,SCIAN 2013,467116,46,9
2017,SCIAN 2013,484210,48,9
2017,SCIAN 2013,621116,62,9
2017,SCIAN 2013,524220,52,9
2017,SCIAN 2013,621320,62,9
2017,SCIAN 2013,466314,46,9
2017,SCIAN 2013,541690,54,9
2017,SCIAN 2013,561920,56,9
2017,SCIAN 2013,532492,53,9
2017,SCIAN 2013,713992,71,8
2017,SCIAN 2013,623311,62,8
2017,SCIAN 2013,541712,54,8
2017,SCIAN 2013,561421,56,8
2017,SCIAN 2013,541620,54,8
2017,SCIAN 2013,541850,54,8
2017,SCIAN 2013,487110,48,8
2017,SCIAN 2013,491110,49,8
2017,SCIAN 2013,811311,81,8
2017,SCIAN 2013,493119,49,7
2017,SCIAN 2013,624112,62,7
2017,SCIAN 2013,721190,72,7
2017,SCIAN 2013,465214,46,7
2017,SCIAN 2013,561520,56,7
2017,SCIAN 2013,561710,56,7
2017,SCIAN 2013,562112,56,7
2017,SCIAN 2013,561720,56,7
2017,SCIAN 2013,611181,61,7
2017,SCIAN 2013,467117,46,7
2017,SCIAN 2013,488410,48,6
2017,SCIAN 2013,611421,61,6
2017,SCIAN 2013,541990,54,6
2017,SCIAN 2013,541910,54,6
2017,SCIAN 2013,541410,54,6
2017,SCIAN 2013,531115,53,6
2017,SCIAN 2013,522451,52,6
2017,SCIAN 2013,611699,61,6
2017,SCIAN 2013,611151,61,6
2017,SCIAN 2013,541711,54,6
2017,SCIAN 2013,624199,62,6
2017,SCIAN 2013,711510,71,6
2017,SCIAN 2013,515120,51,6
2017,SCIAN 2013,624312,62,6
2017,SCIAN 2013,624212,62,6
2017,SCIAN 2013,621332,62,5
2017,SCIAN 2013,466313,46,5
2017,SCIAN 2013,561740,56,5
2017,SCIAN 2013,532110,53,5
2017,SCIAN 2013,561320,56,5
2017,SCIAN 2013,611431,61,5
2017,SCIAN 2013,522220,52,5
2017,SCIAN 2013,713112,71,5
2017,SCIAN 2013,711131,71,5
2017,SCIAN 2013,624198,62,5
2017,SCIAN 2013,484222,48,5
2017,SCIAN 2013,713998,71,5
2017,SCIAN 2013,531119,53,5
2017,SCIAN 2013,493111,49,4
2017,SCIAN 2013,484239,48,4
2017,SCIAN 2013,621491,62,4
2017,SCIAN 2013,522210,52,4
2017,SCIAN 2013,484221,48,4
2017,SCIAN 2013,621421,62,4
2017,SCIAN 2013,511121,51,4
2017,SCIAN 2013,488511,48,4
2017,SCIAN 2013,611710,61,4
2017,SCIAN 2013,522440,52,4
2017,SCIAN 2013,512113,51,4
2017,SCIAN 2013,611211,61,4
2017,SCIAN 2013,811314,81,4
2017,SCIAN 2013,532310,53,4
2017,SCIAN 2013,811313,81,4
2017,SCIAN 2013,812321,81,3
2017,SCIAN 2013,541943,54,3
2017,SCIAN 2013,541942,54,3
2017,SCIAN 2013,561910,56,3
2017,SCIAN 2013,468413,46,3
2017,SCIAN 2013,523110,52,3
2017,SCIAN 2013,812322,81,3
2017,SCIAN 2013,484119,48,3
2017,SCIAN 2013,492210,49,3
2017,SCIAN 2013,511132,51,3
2017,SCIAN 2013,488990,48,3
2017,SCIAN 2013,711212,71,3
2017,SCIAN 2013,624121,62,3
2017,SCIAN 2013,624211,62,3
2017,SCIAN 2013,624111,62,3
2017,SCIAN 2013,713113,71,3
2017,SCIAN 2013,713942,71,3
2017,SCIAN 2013,484231,48,3
2017,SCIAN 2013,484229,48,3
2017,SCIAN 2013,481210,48,3
2017,SCIAN 2013,519130,51,3
2017,SCIAN 2013,621342,62,3
2017,SCIAN 2013,624311,62,3
2017,SCIAN 2013,621910,62,3
2017,SCIAN 2013,488491,48,3
2017,SCIAN 2013,611612,61,3
2017,SCIAN 2013,621212,62,3
2017,SCIAN 2013,541722,54,2
2017,SCIAN 2013,711111,71,2
2017,SCIAN 2013,511131,51,2
2017,SCIAN 2013,721210,72,2
2017,SCIAN 2013,481111,48,2
2017,SCIAN 2013,523121,52,2
2017,SCIAN 2013,524130,52,2
2017,SCIAN 2013,561210,56,2
2017,SCIAN 2013,561790,56,2
2017,SCIAN 2013,532420,53,2
2017,SCIAN 2013,562111,56,2
2017,SCIAN 2013,713950,71,2
2017,SCIAN 2013,713299,71,2
2017,SCIAN 2013,712132,71,2
2017,SCIAN 2013,461220,46,2
2017,SCIAN 2013,611212,61,2
2017,SCIAN 2013,512112,51,2
2017,SCIAN 2013,624222,62,2
2017,SCIAN 2013,512290,51,2
2017,SCIAN 2013,518210,51,2
2017,SCIAN 2013,611411,61,2
2017,SCIAN 2013,522430,52,2
2017,SCIAN 2013,485990,48,2
2017,SCIAN 2013,485320,48,2
2017,SCIAN 2013,713111,71,2
2017,SCIAN 2013,533110,53,1
2017,SCIAN 2013,561422,56,1
2017,SCIAN 2013,561590,56,1
2017,SCIAN 2013,561730,56,1
2017,SCIAN 2013,532210,53,1
2017,SCIAN 2013,532121,53,1
2017,SCIAN 2013,541870,54,1
2017,SCIAN 2013,541840,54,1
2017,SCIAN 2013,812120,81,1
2017,SCIAN 2013,721312,72,1
2017,SCIAN 2013,541350,54,1
2017,SCIAN 2013,466113,46,1
2017,SCIAN 2013,522510,52,1
2017,SCIAN 2013,541370,54,1
2017,SCIAN 2013,624231,62,1
2017,SCIAN 2013,621512,62,1
2017,SCIAN 2013,621399,62,1
2017,SCIAN 2013,484121,48,1
2017,SCIAN 2013,519110,51,1
2017,SCIAN 2013,512210,51,1
2017,SCIAN 2013,621992,62,1
2017,SCIAN 2013,519121,51,1
2017,SCIAN 2013,515210,51,1
2017,SCIAN 2013,622212,62,1
2017,SCIAN 2013,623111,62,1
2017,SCIAN 2013,488492,48,1
2017,SCIAN 2013,487990,48,1
2017,SCIAN 2013,521110,52,1
2017,SCIAN 2013,611412,61,1
2017,SCIAN 2013,623221,62,1
2017,SCIAN 2013,611622,61,1
2017,SCIAN 2013,611422,61,1
2017,SCIAN 2013,522310,52,1
2017,SCIAN 2013,621610,62,1
2017,SCIAN 2013,713910,71,1
2017,SCIAN 2013,624122,62,1
2017,SCIAN 2013,488493,48,1
2017,SCIAN 2013,482110,48,1
2017,SCIAN 2013,511210,51,1
2017,SCIAN 2013,711112,71,1
2017,SCIAN 2013,623312,62,1
2017,SCIAN 2013,711410,71,1
2017,SCIAN 2013,484232,48,1
2017,SCIAN 2013,712111,71,1
2017,SCIAN 2013,485410,48,1
2017,SCIAN 2013,813140,81,1
2018,SCIAN 2018,461110,46,3999
2018,SCIAN 2018,812110,81,1767
2018,SCIAN 2018,463211,46,1440
2018,SCIAN 2018,722514,72,1297
2018,SCIAN 2018,621211,62,1056
2018,SCIAN 2018,461130,46,964
2018,SCIAN 2018,722513,72,958
2018,SCIAN 2018,465311,46,904
2018,SCIAN 2018,811111,81,751
2018,SCIAN 2018,722517,72,616
2018,SCIAN 2018,722515,72,589
2018,SCIAN 2018,621113,62,587
2018,SCIAN 2018,561432,56,567
2018,SCIAN 2018,722518,72,512
2018,SCIAN 2018,467111,46,504
2018,SCIAN 2018,467115,46,499
2018,SCIAN 2018,464111,46,499
2018,SCIAN 2018,722511,72,494
2018,SCIAN 2018,722519,72,473
2018,SCIAN 2018,461121,46,457
2018,SCIAN 2018,621111,62,433
2018,SCIAN 2018,541110,54,422
2018,SCIAN 2018,461160,46,415
2018,SCIAN 2018,811499,81,402
2018,SCIAN 2018,522110,52,402
2018,SCIAN 2018,468211,46,394
2018,SCIAN 2018,463310,46,387
2018,SCIAN 2018,813210,81,383
2018,SCIAN 2018,466410,46,376
2018,SCIAN 2018,811121,81,355
2018,SCIAN 2018,461122,46,348
2018,SCIAN 2018,531113,53,321
2018,SCIAN 2018,812210,81,303
2018,SCIAN 2018,466212,46,290
2018,SCIAN 2018,465912,46,274
2018,SCIAN 2018,461190,46,255
2018,SCIAN 2018,541211,54,254
2018,SCIAN 2018,462112,46,245
2018,SCIAN 2018,611122,61,239
2018,SCIAN 2018,722412,72,233
2018,SCIAN 2018,463215,46,232
2018,SCIAN 2018,713943,71,228
2018,SCIAN 2018,466312,46,217
2018,SCIAN 2018,461212,46,216
2018,SCIAN 2018,811191,81,216
2018,SCIAN 2018,811192,81,202
2018,SCIAN 2018,464113,46,200
2018,SCIAN 2018,466111,46,195
2018,SCIAN 2018,561510,56,190
2018,SCIAN 2018,812410,81,176
2018,SCIAN 2018,811112,81,172
2018,SCIAN 2018,624191,62,172
2018,SCIAN 2018,621511,62,169
2018,SCIAN 2018,611112,61,169
2018,SCIAN 2018,467113,46,169
2018,SCIAN 2018,722512,72,166
2018,SCIAN 2018,465111,46,162
2018,SCIAN 2018,461150,46,158
2018,SCIAN 2018,713120,71,158
2018,SCIAN 2018,467114,46,155
2018,SCIAN 2018,811119,81,149
2018,SCIAN 2018,465915,46,148
2018,SCIAN 2018,461170,46,148
2018,SCIAN 2018,463113,46,148
2018,SCIAN 2018,464121,46,145
2018,SCIAN 2018,461140,46,143
2018,SCIAN 2018,465112,46,142
2018,SCIAN 2018,811219,81,140
2018,SCIAN 2018,524210,52,138
2018,SCIAN 2018,811211,81,138
2018,SCIAN 2018,811430,81,134
2018,SCIAN 2018,624411,62,134
2018,SCIAN 2018,466211,46,133
2018,SCIAN 2018,465215,46,127
2018,SCIAN 2018,811491,81,122
2018,SCIAN 2018,811410,81,116
2018,SCIAN 2018,541941,54,110
2018,SCIAN 2018,465212,46,110
2018,SCIAN 2018,561431,56,109
2018,SCIAN 2018,465914,46,108
2018,SCIAN 2018,611312,61,106
2018,SCIAN 2018,468420,46,106
2018,SCIAN 2018,611621,61,103
2018,SCIAN 2018,463213,46,101
2018,SCIAN 2018,621331,62,100
2018,SCIAN 2018,464112,46,100
2018,SCIAN 2018,813230,81,98
2018,SCIAN 2018,811420,81,97
2018,SCIAN 2018,811312,81,91
2018,SCIAN 2018,541920,54,91
2018,SCIAN 2018,465313,46,85
2018,SCIAN 2018,463212,46,82
2018,SCIAN 2018,461123,46,82
2018,SCIAN 2018,531210,53,82
2018,SCIAN 2018,465911,46,81
2018,SCIAN 2018,466112,46,80
2018,SCIAN 2018,811492,81,80
2018,SCIAN 2018,611111,61,79
2018,SCIAN 2018,465211,46,79
2018,SCIAN 2018,621398,62,77
2018,SCIAN 2018,811199,81,76
2018,SCIAN 2018,466319,46,76
2018,SCIAN 2018,465919,46,75
2018,SCIAN 2018,467112,46,75
2018,SCIAN 2018,468213,46,75
2018,SCIAN 2018,463216,46,74
2018,SCIAN 2018,468411,46,73
2018,SCIAN 2018,532282,53,71
2018,SCIAN 2018,611171,61,69
2018,SCIAN 2018,522452,52,65
2018,SCIAN 2018,813120,81,65
2018,SCIAN 2018,463214,46,63
2018,SCIAN 2018,721111,72,63
2018,SCIAN 2018,466114,46,62
2018,SCIAN 2018,468212,46,62
2018,SCIAN 2018,722516,72,60
2018,SCIAN 2018,461213,46,58
2018,SCIAN 2018,811116,81,56
2018,SCIAN 2018,811493,81,56
2018,SCIAN 2018,611611,61,53
2018,SCIAN 2018,468112,46,51
2018,SCIAN 2018,721112,72,50
2018,SCIAN 2018,462111,46,50
2018,SCIAN 2018,532289,53,49
2018,SCIAN 2018,611311,61,48
2018,SCIAN 2018,461211,46,48
2018,SCIAN 2018,541310,54,48
2018,SCIAN 2018,811114,81,45
2018,SCIAN 2018,517910,51,45
2018,SCIAN 2018,468111,46,44
2018,SCIAN 2018,811129,81,44
2018,SCIAN 2018,517311,51,43
2018,SCIAN 2018,541810,54,43
2018,SCIAN 2018,624412,62,43
2018,SCIAN 2018,541430,54,42
2018,SCIAN 2018,611631,61,42
2018,SCIAN 2018,541890,54,42
2018,SCIAN 2018,492110,49,41
2018,SCIAN 2018,812990,81,41
2018,SCIAN 2018,721113,72,40
2018,SCIAN 2018,522320,52,40
2018,SCIAN 2018,541120,54,40
2018,SCIAN 2018,812130,81,39
2018,SCIAN 2018,468311,46,38
2018,SCIAN 2018,463217,46,38
2018,SCIAN 2018,813110,81,38
2018,SCIAN 2018,713991,71,38
2018,SCIAN 2018,621341,62,38
2018,SCIAN 2018,611161,61,38
2018,SCIAN 2018,465312,46,37
2018,SCIAN 2018,463112,46,37
2018,SCIAN 2018,621391,62,36
2018,SCIAN 2018,561110,56,36
2018,SCIAN 2018,485111,48,36
2018,SCIAN 2018,466311,46,36
2018,SCIAN 2018,611698,61,35
2018,SCIAN 2018,485210,48,35
2018,SCIAN 2018,611511,61,35
2018,SCIAN 2018,465913,46,35
2018,SCIAN 2018,484129,48,34
2018,SCIAN 2018,611121,61,33
2018,SCIAN 2018,611691,61,33
2018,SCIAN 2018,561610,56,32
2018,SCIAN 2018,532411,53,32
2018,SCIAN 2018,522490,52,31
2018,SCIAN 2018,541610,54,31
2018,SCIAN 2018,468419,46,31
2018,SCIAN 2018,611132,61,30
2018,SCIAN 2018,523122,52,29
2018,SCIAN 2018,811115,81,29
2018,SCIAN 2018,463111,46,29
2018,SCIAN 2018,469110,46,29
2018,SCIAN 2018,462210,46,28
2018,SCIAN 2018,713291,71,26
2018,SCIAN 2018,623992,62,26
2018,SCIAN 2018,611172,61,26
2018,SCIAN 2018,811122,81,25
2018,SCIAN 2018,541330,54,25
2018,SCIAN 2018,812310,81,25
2018,SCIAN 2018,611162,61,24
2018,SCIAN 2018,611512,61,23
2018,SCIAN 2018,622111,62,23
2018,SCIAN 2018,561310,56,21
2018,SCIAN 2018,532493,53,21
2018,SCIAN 2018,611142,61,20
2018,SCIAN 2018,531319,53,19
2018,SCIAN 2018,512130,51,19
2018,SCIAN 2018,463218,46,19
2018,SCIAN 2018,464122,46,19
2018,SCIAN 2018,811113,81,18
2018,SCIAN 2018,541510,54,18
2018,SCIAN 2018,721311,72,18
2018,SCIAN 2018,465213,46,17
2018,SCIAN 2018,541190,54,17
2018,SCIAN 2018,622112,62,17
2018,SCIAN 2018,561440,56,17
2018,SCIAN 2018,623991,62,17
2018,SCIAN 2018,722320,72,16
2018,SCIAN 2018,561330,56,16
2018,SCIAN 2018,522460,52,16
2018,SCIAN 2018,524110,52,16
2018,SCIAN 2018,517312,51,15
2018,SCIAN 2018,532281,53,15
2018,SCIAN 2018,465216,46,14
2018,SCIAN 2018,485510,48,14
2018,SCIAN 2018,468412,46,14
2018,SCIAN 2018,531114,53,14
2018,SCIAN 2018,541340,54,13
2018,SCIAN 2018,713941,71,13
2018,SCIAN 2018,561620,56,13
2018,SCIAN 2018,522390,52,13
2018,SCIAN 2018,515110,51,13
2018,SCIAN 2018,611182,61,12
2018,SCIAN 2018,531311,53,12
2018,SCIAN 2018,541380,54,12
2018,SCIAN 2018,611131,61,12
2018,SCIAN 2018,622311,62,12
2018,SCIAN 2018,561990,56,12
2018,SCIAN 2018,722411,72,12
2018,SCIAN 2018,713944,71,12
2018,SCIAN 2018,711311,71,11
2018,SCIAN 2018,531112,53,11
2018,SCIAN 2018,511112,51,11
2018,SCIAN 2018,712112,71,11
2018,SCIAN 2018,711312,71,10
2018,SCIAN 2018,621311,62,10
2018,SCIAN 2018,621112,62,10
2018,SCIAN 2018,519122,51,10
2018,SCIAN 2018,621115,62,10
2018,SCIAN 2018,812910,81,10
2018,SCIAN 2018,813130,81,10
2018,SCIAN 2018,524220,52,9
2018,SCIAN 2018,532492,53,9
2018,SCIAN 2018,541690,54,9
2018,SCIAN 2018,561920,56,9
2018,SCIAN 2018,466314,46,9
2018,SCIAN 2018,621320,62,9
2018,SCIAN 2018,467116,46,9
2018,SCIAN 2018,484210,48,9
2018,SCIAN 2018,621116,62,9
2018,SCIAN 2018,623311,62,8
2018,SCIAN 2018,541850,54,8
2018,SCIAN 2018,541712,54,8
2018,SCIAN 2018,811311,81,8
2018,SCIAN 2018,541620,54,8
2018,SCIAN 2018,487110,48,8
2018,SCIAN 2018,491110,49,8
2018,SCIAN 2018,713992,71,8
2018,SCIAN 2018,561421,56,8
2018,SCIAN 2018,467117,46,7
2018,SCIAN 2018,493119,49,7
2018,SCIAN 2018,561710,56,7
2018,SCIAN 2018,561520,56,7
2018,SCIAN 2018,465214,46,7
2018,SCIAN 2018,624112,62,7
2018,SCIAN 2018,721190,72,7
2018,SCIAN 2018,561720,56,7
2018,SCIAN 2018,562112,56,7
2018,SCIAN 2018,611181,61,7
2018,SCIAN 2018,624312,62,6
2018,SCIAN 2018,541990,54,6
2018,SCIAN 2018,522451,52,6
2018,SCIAN 2018,541910,54,6
2018,SCIAN 2018,541410,54,6
2018,SCIAN 2018,541711,54,6
2018,SCIAN 2018,488410,48,6
2018,SCIAN 2018,531115,53,6
2018,SCIAN 2018,611421,61,6
2018,SCIAN 2018,611699,61,6
2018,SCIAN 2018,611151,61,6
2018,SCIAN 2018,515120,51,6
2018,SCIAN 2018,711510,71,6
2018,SCIAN 2018,624199,62,6
2018,SCIAN 2018,624212,62,6
2018,SCIAN 2018,711131,71,5
2018,SCIAN 2018,466313,46,5
2018,SCIAN 2018,532110,53,5
2018,SCIAN 2018,531119,53,5
2018,SCIAN 2018,561320,56,5
2018,SCIAN 2018,522220,52,5
2018,SCIAN 2018,611431,61,5
2018,SCIAN 2018,713112,71,5
2018,SCIAN 2018,624198,62,5
2018,SCIAN 2018,713998,71,5
2018,SCIAN 2018,621332,62,5
2018,SCIAN 2018,484222,48,5
2018,SCIAN 2018,561740,56,5
2018,SCIAN 2018,621421,62,4
2018,SCIAN 2018,621491,62,4
2018,SCIAN 2018,611710,61,4
2018,SCIAN 2018,511121,51,4
2018,SCIAN 2018,484221,48,4
2018,SCIAN 2018,611211,61,4
2018,SCIAN 2018,512113,51,4
2018,SCIAN 2018,493111,49,4
2018,SCIAN 2018,488511,48,4
2018,SCIAN 2018,484239,48,4
2018,SCIAN 2018,522440,52,4
2018,SCIAN 2018,522210,52,4
2018,SCIAN 2018,532310,53,4
2018,SCIAN 2018,811314,81,4
2018,SCIAN 2018,811313,81,4
2018,SCIAN 2018,812321,81,3
2018,SCIAN 2018,812322,81,3
2018,SCIAN 2018,511132,51,3
2018,SCIAN 2018,561910,56,3
2018,SCIAN 2018,492210,49,3
2018,SCIAN 2018,488491,48,3
2018,SCIAN 2018,488990,48,3
2018,SCIAN 2018,523110,52,3
2018,SCIAN 2018,519130,51,3
2018,SCIAN 2018,541943,54,3
2018,SCIAN 2018,541942,54,3
2018,SCIAN 2018,481210,48,3
2018,SCIAN 2018,611612,61,3
2018,SCIAN 2018,711212,71,3
2018,SCIAN 2018,713113,71,3
2018,SCIAN 2018,621910,62,3
2018,SCIAN 2018,713942,71,3
2018,SCIAN 2018,621212,62,3
2018,SCIAN 2018,621342,62,3
2018,SCIAN 2018,468413,46,3
2018,SCIAN 2018,624311,62,3
2018,SCIAN 2018,624211,62,3
2018,SCIAN 2018,624121,62,3
2018,SCIAN 2018,624111,62,3
2018,SCIAN 2018,484119,48,3
2018,SCIAN 2018,484229,48,3
2018,SCIAN 2018,484231,48,3
2018,SCIAN 2018,518210,51,2
2018,SCIAN 2018,512112,51,2
2018,SCIAN 2018,512290,51,2
2018,SCIAN 2018,713111,71,2
2018,SCIAN 2018,485320,48,2
2018,SCIAN 2018,511131,51,2
2018,SCIAN 2018,561790,56,2
2018,SCIAN 2018,485990,48,2
2018,SCIAN 2018,562111,56,2
2018,SCIAN 2018,561210,56,2
2018,SCIAN 2018,523121,52,2
2018,SCIAN 2018,524130,52,2
2018,SCIAN 2018,541722,54,2
2018,SCIAN 2018,611411,61,2
2018,SCIAN 2018,532420,53,2
2018,SCIAN 2018,611212,61,2
2018,SCIAN 2018,721210,72,2
2018,SCIAN 2018,461220,46,2
2018,SCIAN 2018,712132,71,2
2018,SCIAN 2018,713299,71,2
2018,SCIAN 2018,711111,71,2
2018,SCIAN 2018,624222,62,2
2018,SCIAN 2018,481111,48,2
2018,SCIAN 2018,713950,71,2
2018,SCIAN 2018,488493,48,1
2018,SCIAN 2018,488492,48,1
2018,SCIAN 2018,487990,48,1
2018,SCIAN 2018,519110,51,1
2018,SCIAN 2018,519121,51,1
2018,SCIAN 2018,561590,56,1
2018,SCIAN 2018,561422,56,1
2018,SCIAN 2018,561730,56,1
2018,SCIAN 2018,511210,51,1
2018,SCIAN 2018,512250,51,1
2018,SCIAN 2018,515210,51,1
2018,SCIAN 2018,541840,54,1
2018,SCIAN 2018,522510,52,1
2018,SCIAN 2018,812120,81,1
2018,SCIAN 2018,813140,81,1
2018,SCIAN 2018,541870,54,1
2018,SCIAN 2018,533110,53,1
2018,SCIAN 2018,532121,53,1
2018,SCIAN 2018,532210,53,1
2018,SCIAN 2018,541370,54,1
2018,SCIAN 2018,541350,54,1
2018,SCIAN 2018,522310,52,1
2018,SCIAN 2018,521110,52,1
2018,SCIAN 2018,485410,48,1
2018,SCIAN 2018,624231,62,1
2018,SCIAN 2018,466113,46,1
2018,SCIAN 2018,624122,62,1
2018,SCIAN 2018,621992,62,1
2018,SCIAN 2018,623111,62,1
2018,SCIAN 2018,622212,62,1
2018,SCIAN 2018,623312,62,1
2018,SCIAN 2018,623221,62,1
2018,SCIAN 2018,484232,48,1
2018,SCIAN 2018,484121,48,1
2018,SCIAN 2018,611412,61,1
2018,SCIAN 2018,611622,61,1
2018,SCIAN 2018,611422,61,1
2018,SCIAN 2018,621399,62,1
2018,SCIAN 2018,621512,62,1
2018,SCIAN 2018,621610,62,1
2018,SCIAN 2018,482110,48,1
2018,SCIAN 2018,711112,71,1
2018,SCIAN 2018,711410,71,1
2018,SCIAN 2018,713910,71,1
2018,SCIAN 2018,712111,71,1
2018,SCIAN 2018,721312,72,1
2019,SCIAN 2018,461110,46,3880
2019,SCIAN 2018,812110,81,2328
2019,SCIAN 2018,463211,46,1512
2019,SCIAN 2018,722514,72,1409
2019,SCIAN 2018,621211,62,1159
2019,SCIAN 2018,722513,72,1064
2019,SCIAN 2018,465311,46,946
2019,SCIAN 2018,461130,46,838
2019,SCIAN 2018,811111,81,789
2019,SCIAN 2018,722515,72,752
2019,SCIAN 2018,722518,72,713
2019,SCIAN 2018,722517,72,616
2019,SCIAN 2018,621113,62,566
2019,SCIAN 2018,467111,46,549
2019,SCIAN 2018,467115,46,534
2019,SCIAN 2018,464111,46,526
2019,SCIAN 2018,722511,72,477
2019,SCIAN 2018,461121,46,476
2019,SCIAN 2018,722519,72,468
2019,SCIAN 2018,813210,81,439
2019,SCIAN 2018,522110,52,439
2019,SCIAN 2018,461122,46,427
2019,SCIAN 2018,621111,62,401
2019,SCIAN 2018,461160,46,395
2019,SCIAN 2018,468211,46,392
2019,SCIAN 2018,466410,46,381
2019,SCIAN 2018,811121,81,374
2019,SCIAN 2018,463310,46,374
2019,SCIAN 2018,531113,53,374
2019,SCIAN 2018,812210,81,363
2019,SCIAN 2018,541110,54,362
2019,SCIAN 2018,466212,46,327
2019,SCIAN 2018,811499,81,315
2019,SCIAN 2018,465111,46,302
2019,SCIAN 2018,561432,56,291
2019,SCIAN 2018,561510,56,286
2019,SCIAN 2018,713943,71,280
2019,SCIAN 2018,466312,46,265
2019,SCIAN 2018,611122,61,258
2019,SCIAN 2018,722412,72,256
2019,SCIAN 2018,465912,46,251
2019,SCIAN 2018,541211,54,241
2019,SCIAN 2018,461190,46,241
2019,SCIAN 2018,462112,46,226
2019,SCIAN 2018,811219,81,222
2019,SCIAN 2018,811192,81,216
2019,SCIAN 2018,811191,81,214
2019,SCIAN 2018,722516,72,210
2019,SCIAN 2018,465215,46,206
2019,SCIAN 2018,463215,46,200
2019,SCIAN 2018,464113,46,199
2019,SCIAN 2018,811112,81,193
2019,SCIAN 2018,621511,62,190
2019,SCIAN 2018,461170,46,185
2019,SCIAN 2018,812410,81,185
2019,SCIAN 2018,461150,46,183
2019,SCIAN 2018,467113,46,179
2019,SCIAN 2018,611112,61,178
2019,SCIAN 2018,722512,72,170
2019,SCIAN 2018,466111,46,169
2019,SCIAN 2018,467114,46,168
2019,SCIAN 2018,541941,54,162
2019,SCIAN 2018,464121,46,159
2019,SCIAN 2018,461212,46,156
2019,SCIAN 2018,465915,46,155
2019,SCIAN 2018,624191,62,153
2019,SCIAN 2018,465112,46,147
2019,SCIAN 2018,461140,46,144
2019,SCIAN 2018,713120,71,142
2019,SCIAN 2018,811491,81,135
2019,SCIAN 2018,463213,46,134
2019,SCIAN 2018,621331,62,129
2019,SCIAN 2018,811119,81,123
2019,SCIAN 2018,624411,62,122
2019,SCIAN 2018,813230,81,114
2019,SCIAN 2018,463113,46,113
2019,SCIAN 2018,811211,81,110
2019,SCIAN 2018,561431,56,109
2019,SCIAN 2018,811410,81,109
2019,SCIAN 2018,811430,81,108
2019,SCIAN 2018,463216,46,107
2019,SCIAN 2018,465914,46,107
2019,SCIAN 2018,621398,62,107
2019,SCIAN 2018,464112,46,105
2019,SCIAN 2018,465212,46,102
2019,SCIAN 2018,811420,81,102
2019,SCIAN 2018,463214,46,101
2019,SCIAN 2018,811492,81,99
2019,SCIAN 2018,611621,61,99
2019,SCIAN 2018,811312,81,92
2019,SCIAN 2018,541920,54,91
2019,SCIAN 2018,466211,46,86
2019,SCIAN 2018,611171,61,86
2019,SCIAN 2018,468420,46,84
2019,SCIAN 2018,461123,46,84
2019,SCIAN 2018,468411,46,82
2019,SCIAN 2018,611111,61,79
2019,SCIAN 2018,465911,46,79
2019,SCIAN 2018,466112,46,78
2019,SCIAN 2018,522452,52,77
2019,SCIAN 2018,465313,46,74
2019,SCIAN 2018,466114,46,71
2019,SCIAN 2018,468112,46,71
2019,SCIAN 2018,811199,81,70
2019,SCIAN 2018,721111,72,70
2019,SCIAN 2018,532282,53,70
2019,SCIAN 2018,621391,62,69
2019,SCIAN 2018,466319,46,66
2019,SCIAN 2018,467112,46,63
2019,SCIAN 2018,463212,46,63
2019,SCIAN 2018,813120,81,61
2019,SCIAN 2018,531210,53,61
2019,SCIAN 2018,461213,46,60
2019,SCIAN 2018,812990,81,59
2019,SCIAN 2018,468213,46,59
2019,SCIAN 2018,811493,81,59
2019,SCIAN 2018,611611,61,59
2019,SCIAN 2018,541810,54,59
2019,SCIAN 2018,611311,61,57
2019,SCIAN 2018,468212,46,55
2019,SCIAN 2018,621320,62,54
2019,SCIAN 2018,611312,61,53
2019,SCIAN 2018,721112,72,53
2019,SCIAN 2018,811129,81,52
2019,SCIAN 2018,541430,54,52
2019,SCIAN 2018,621341,62,51
2019,SCIAN 2018,465919,46,51
2019,SCIAN 2018,465211,46,50
2019,SCIAN 2018,461211,46,50
2019,SCIAN 2018,541120,54,49
2019,SCIAN 2018,524210,52,46
2019,SCIAN 2018,811116,81,46
2019,SCIAN 2018,811114,81,46
2019,SCIAN 2018,541610,54,45
2019,SCIAN 2018,812130,81,44
2019,SCIAN 2018,462111,46,44
2019,SCIAN 2018,811115,81,43
2019,SCIAN 2018,522460,52,42
2019,SCIAN 2018,485111,48,41
2019,SCIAN 2018,466311,46,41
2019,SCIAN 2018,468111,46,41
2019,SCIAN 2018,517311,51,41
2019,SCIAN 2018,611161,61,40
2019,SCIAN 2018,611691,61,40
2019,SCIAN 2018,611121,61,39
2019,SCIAN 2018,532411,53,39
2019,SCIAN 2018,468311,46,39
2019,SCIAN 2018,611172,61,38
2019,SCIAN 2018,541310,54,38
2019,SCIAN 2018,492110,49,38
2019,SCIAN 2018,522320,52,38
2019,SCIAN 2018,813110,81,38
2019,SCIAN 2018,713991,71,36
2019,SCIAN 2018,465312,46,36
2019,SCIAN 2018,611511,61,35
2019,SCIAN 2018,611132,61,35
2019,SCIAN 2018,463112,46,35
2019,SCIAN 2018,611631,61,34
2019,SCIAN 2018,465913,46,34
2019,SCIAN 2018,541890,54,31
2019,SCIAN 2018,485112,48,31
2019,SCIAN 2018,463111,46,30
2019,SCIAN 2018,721113,72,30
2019,SCIAN 2018,463217,46,29
2019,SCIAN 2018,523122,52,29
2019,SCIAN 2018,623992,62,28
2019,SCIAN 2018,624412,62,28
2019,SCIAN 2018,561610,56,28
2019,SCIAN 2018,611698,61,27
2019,SCIAN 2018,812310,81,27
2019,SCIAN 2018,611162,61,27
2019,SCIAN 2018,485210,48,26
2019,SCIAN 2018,465216,46,24
2019,SCIAN 2018,811113,81,24
2019,SCIAN 2018,622111,62,24
2019,SCIAN 2018,531319,53,24
2019,SCIAN 2018,541510,54,24
2019,SCIAN 2018,484129,48,24
2019,SCIAN 2018,465213,46,24
2019,SCIAN 2018,621115,62,23
2019,SCIAN 2018,611142,61,23
2019,SCIAN 2018,463218,46,23
2019,SCIAN 2018,541190,54,23
2019,SCIAN 2018,462210,46,22
2019,SCIAN 2018,468419,46,22
2019,SCIAN 2018,621311,62,22
2019,SCIAN 2018,517910,51,22
2019,SCIAN 2018,464122,46,21
2019,SCIAN 2018,541330,54,21
2019,SCIAN 2018,611512,61,21
2019,SCIAN 2018,811122,81,21
2019,SCIAN 2018,532281,53,20
2019,SCIAN 2018,468412,46,20
2019,SCIAN 2018,561330,56,19
2019,SCIAN 2018,713291,71,19
2019,SCIAN 2018,531311,53,19
2019,SCIAN 2018,811314,81,18
2019,SCIAN 2018,485311,48,18
2019,SCIAN 2018,532310,53,18
2019,SCIAN 2018,713944,71,17
2019,SCIAN 2018,713998,71,17
2019,SCIAN 2018,721311,72,17
2019,SCIAN 2018,722320,72,16
2019,SCIAN 2018,722411,72,16
2019,SCIAN 2018,561620,56,16
2019,SCIAN 2018,621116,62,16
2019,SCIAN 2018,541340,54,16
2019,SCIAN 2018,713941,71,15
2019,SCIAN 2018,711312,71,15
2019,SCIAN 2018,711311,71,15
2019,SCIAN 2018,621421,62,15
2019,SCIAN 2018,531114,53,15
2019,SCIAN 2018,561110,56,15
2019,SCIAN 2018,541690,54,15
2019,SCIAN 2018,522390,52,15
2019,SCIAN 2018,469110,46,15
2019,SCIAN 2018,519122,51,14
2019,SCIAN 2018,623991,62,14
2019,SCIAN 2018,611131,61,13
2019,SCIAN 2018,532493,53,13
2019,SCIAN 2018,622112,62,13
2019,SCIAN 2018,621112,62,13
2019,SCIAN 2018,712112,71,13
2019,SCIAN 2018,461220,46,12
2019,SCIAN 2018,467117,46,12
2019,SCIAN 2018,611182,61,11
2019,SCIAN 2018,522490,52,11
2019,SCIAN 2018,624212,62,11
2019,SCIAN 2018,485510,48,11
2019,SCIAN 2018,623221,62,11
2019,SCIAN 2018,624199,62,10
2019,SCIAN 2018,813130,81,10
2019,SCIAN 2018,532492,53,10
2019,SCIAN 2018,517312,51,10
2019,SCIAN 2018,623311,62,10
2019,SCIAN 2018,524110,52,10
2019,SCIAN 2018,622311,62,9
2019,SCIAN 2018,541380,54,9
2019,SCIAN 2018,532110,53,9
2019,SCIAN 2018,713992,71,9
2019,SCIAN 2018,624111,62,9
2019,SCIAN 2018,512130,51,9
2019,SCIAN 2018,811313,81,8
2019,SCIAN 2018,811311,81,8
2019,SCIAN 2018,515110,51,8
2019,SCIAN 2018,484210,48,8
2019,SCIAN 2018,466314,46,8
2019,SCIAN 2018,467116,46,8
2019,SCIAN 2018,711510,71,8
2019,SCIAN 2018,532289,53,8
2019,SCIAN 2018,561920,56,8
2019,SCIAN 2018,722310,72,7
2019,SCIAN 2018,531115,53,7
2019,SCIAN 2018,541620,54,7
2019,SCIAN 2018,561440,56,7
2019,SCIAN 2018,561720,56,7
2019,SCIAN 2018,611181,61,7
2019,SCIAN 2018,491110,49,7
2019,SCIAN 2018,561310,56,7
2019,SCIAN 2018,541850,54,7
2019,SCIAN 2018,493111,49,7
2019,SCIAN 2018,488519,48,6
2019,SCIAN 2018,488410,48,6
2019,SCIAN 2018,531112,53,6
2019,SCIAN 2018,621910,62,6
2019,SCIAN 2018,713111,71,6
2019,SCIAN 2018,722330,72,6
2019,SCIAN 2018,611151,61,6
2019,SCIAN 2018,515120,51,6
2019,SCIAN 2018,511112,51,6
2019,SCIAN 2018,611421,61,6
2019,SCIAN 2018,621491,62,6
2019,SCIAN 2018,713112,71,6
2019,SCIAN 2018,484221,48,5
2019,SCIAN 2018,487110,48,5
2019,SCIAN 2018,484239,48,5
2019,SCIAN 2018,624112,62,5
2019,SCIAN 2018,611211,61,5
2019,SCIAN 2018,465214,46,5
2019,SCIAN 2018,561710,56,5
2019,SCIAN 2018,561520,56,5
2019,SCIAN 2018,522220,52,5
2019,SCIAN 2018,621342,62,5
2019,SCIAN 2018,541410,54,5
2019,SCIAN 2018,812322,81,5
2019,SCIAN 2018,812910,81,5
2019,SCIAN 2018,484222,48,4
2019,SCIAN 2018,611431,61,4
2019,SCIAN 2018,466313,46,4
2019,SCIAN 2018,624312,62,4
2019,SCIAN 2018,624198,62,4
2019,SCIAN 2018,711121,71,4
2019,SCIAN 2018,711131,71,4
2019,SCIAN 2018,621332,62,4
2019,SCIAN 2018,541711,54,4
2019,SCIAN 2018,541350,54,4
2019,SCIAN 2018,541219,54,4
2019,SCIAN 2018,561990,56,4
2019,SCIAN 2018,519110,51,4
2019,SCIAN 2018,621411,62,4
2019,SCIAN 2018,623111,62,4
2019,SCIAN 2018,524220,52,4
2019,SCIAN 2018,561320,56,4
2019,SCIAN 2018,541910,54,3
2019,SCIAN 2018,611612,61,3
2019,SCIAN 2018,541990,54,3
2019,SCIAN 2018,721312,72,3
2019,SCIAN 2018,611411,61,3
2019,SCIAN 2018,624121,62,3
2019,SCIAN 2018,713113,71,3
2019,SCIAN 2018,712132,71,3
2019,SCIAN 2018,488990,48,3
2019,SCIAN 2018,468413,46,3
2019,SCIAN 2018,812120,81,3
2019,SCIAN 2018,481210,48,3
2019,SCIAN 2018,711212,71,3
2019,SCIAN 2018,484229,48,3
2019,SCIAN 2018,713950,71,3
2019,SCIAN 2018,623211,62,3
2019,SCIAN 2018,561421,56,3
2019,SCIAN 2018,611710,61,3
2019,SCIAN 2018,562911,56,2
2019,SCIAN 2018,562998,56,2
2019,SCIAN 2018,511121,51,2
2019,SCIAN 2018,493119,49,2
2019,SCIAN 2018,512112,51,2
2019,SCIAN 2018,511210,51,2
2019,SCIAN 2018,511132,51,2
2019,SCIAN 2018,511131,51,2
2019,SCIAN 2018,512113,51,2
2019,SCIAN 2018,712111,71,2
2019,SCIAN 2018,711111,71,2
2019,SCIAN 2018,712131,71,2
2019,SCIAN 2018,624122,62,2
2019,SCIAN 2018,713942,71,2
2019,SCIAN 2018,713299,71,2
2019,SCIAN 2018,484119,48,2
2019,SCIAN 2018,485990,48,2
2019,SCIAN 2018,485320,48,2
2019,SCIAN 2018,466113,46,2
2019,SCIAN 2018,522210,52,2
2019,SCIAN 2018,531111,53,2
2019,SCIAN 2018,523121,52,2
2019,SCIAN 2018,622211,62,2
2019,SCIAN 2018,621610,62,2
2019,SCIAN 2018,621512,62,2
2019,SCIAN 2018,721210,72,2
2019,SCIAN 2018,621212,62,2
2019,SCIAN 2018,721190,72,2
2019,SCIAN 2018,541860,54,2
2019,SCIAN 2018,541370,54,2
2019,SCIAN 2018,541943,54,2
2019,SCIAN 2018,541942,54,2
2019,SCIAN 2018,611432,61,2
2019,SCIAN 2018,561422,56,2
2019,SCIAN 2018,611632,61,2
2019,SCIAN 2018,561790,56,2
2019,SCIAN 2018,562121,56,2
2019,SCIAN 2018,562221,56,2
2019,SCIAN 2018,611152,61,2
2019,SCIAN 2018,812321,81,2
2019,SCIAN 2018,811123,81,1
2019,SCIAN 2018,611212,61,1
2019,SCIAN 2018,611412,61,1
2019,SCIAN 2018,611699,61,1
2019,SCIAN 2018,561450,56,1
2019,SCIAN 2018,561590,56,1
2019,SCIAN 2018,561730,56,1
2019,SCIAN 2018,561740,56,1
2019,SCIAN 2018,562112,56,1
2019,SCIAN 2018,541870,54,1
2019,SCIAN 2018,561210,56,1
2019,SCIAN 2018,621114,62,1
2019,SCIAN 2018,621312,62,1
2019,SCIAN 2018,541490,54,1
2019,SCIAN 2018,541712,54,1
2019,SCIAN 2018,541820,54,1
2019,SCIAN 2018,541830,54,1
2019,SCIAN 2018,541840,54,1
2019,SCIAN 2018,531119,53,1
2019,SCIAN 2018,532121,53,1
2019,SCIAN 2018,532122,53,1
2019,SCIAN 2018,532210,53,1
2019,SCIAN 2018,532420,53,1
2019,SCIAN 2018,621392,62,1
2019,SCIAN 2018,621991,62,1
2019,SCIAN 2018,621992,62,1
2019,SCIAN 2018,622212,62,1
2019,SCIAN 2018,622312,62,1
2019,SCIAN 2018,519121,51,1
2019,SCIAN 2018,522440,52,1
2019,SCIAN 2018,522451,52,1
2019,SCIAN 2018,524130,52,1
2019,SCIAN 2018,518210,51,1
2019,SCIAN 2018,511111,51,1
2019,SCIAN 2018,511192,51,1
2019,SCIAN 2018,623312,62,1
2019,SCIAN 2018,624221,62,1
2019,SCIAN 2018,624222,62,1
2019,SCIAN 2018,711112,71,1
2019,SCIAN 2018,488190,48,1
2019,SCIAN 2018,488491,48,1
2019,SCIAN 2018,488492,48,1
2019,SCIAN 2018,488493,48,1
2019,SCIAN 2018,488511,48,1
2019,SCIAN 2018,711211,71,1
2019,SCIAN 2018,484121,48,1
2019,SCIAN 2018,484231,48,1
2019,SCIAN 2018,484232,48,1
2019,SCIAN 2018,485410,48,1
2019,SCIAN 2018,487990,48,1
2019,SCIAN 2018,468414,46,1
2019,SCIAN 2018,481111,48,1
2019,SCIAN 2018,711410,71,1
2019,SCIAN 2018,813140,81,1
2020,SCIAN 2018,461110,46,3755
2020,SCIAN 2018,812110,81,2350
2020,SCIAN 2018,463211,46,1503
2020,SCIAN 2018,722514,72,1394
2020,SCIAN 2018,621211,62,1185
2020,SCIAN 2018,722513,72,1076
2020,SCIAN 2018,465311,46,952
2020,SCIAN 2018,461130,46,847
2020,SCIAN 2018,811111,81,798
2020,SCIAN 2018,722518,72,730
2020,SCIAN 2018,722515,72,725
2020,SCIAN 2018,722517,72,686
2020,SCIAN 2018,621113,62,576
2020,SCIAN 2018,522110,52,568
2020,SCIAN 2018,467111,46,564
2020,SCIAN 2018,467115,46,543
2020,SCIAN 2018,722519,72,536
2020,SCIAN 2018,722511,72,536
2020,SCIAN 2018,464111,46,522
2020,SCIAN 2018,461121,46,484
2020,SCIAN 2018,813210,81,442
2020,SCIAN 2018,461122,46,429
2020,SCIAN 2018,621111,62,414
2020,SCIAN 2018,461160,46,406
2020,SCIAN 2018,466410,46,397
2020,SCIAN 2018,468211,46,397
2020,SCIAN 2018,531113,53,383
2020,SCIAN 2018,463310,46,379
2020,SCIAN 2018,811121,81,378
2020,SCIAN 2018,812210,81,367
2020,SCIAN 2018,541110,54,362
2020,SCIAN 2018,466212,46,340
2020,SCIAN 2018,811499,81,315
2020,SCIAN 2018,462112,46,312
2020,SCIAN 2018,561510,56,297
2020,SCIAN 2018,561432,56,296
2020,SCIAN 2018,465111,46,289
2020,SCIAN 2018,465912,46,267
2020,SCIAN 2018,466312,46,267
2020,SCIAN 2018,713943,71,261
2020,SCIAN 2018,722412,72,258
2020,SCIAN 2018,461190,46,256
2020,SCIAN 2018,611122,61,251
2020,SCIAN 2018,541211,54,248
2020,SCIAN 2018,465215,46,222
2020,SCIAN 2018,464113,46,222
2020,SCIAN 2018,811219,81,220
2020,SCIAN 2018,461212,46,220
2020,SCIAN 2018,463215,46,219
2020,SCIAN 2018,811192,81,217
2020,SCIAN 2018,811191,81,214
2020,SCIAN 2018,467114,46,198
2020,SCIAN 2018,621511,62,197
2020,SCIAN 2018,811112,81,194
2020,SCIAN 2018,461150,46,191
2020,SCIAN 2018,812410,81,188
2020,SCIAN 2018,461170,46,188
2020,SCIAN 2018,467113,46,183
2020,SCIAN 2018,611112,61,181
2020,SCIAN 2018,722512,72,176
2020,SCIAN 2018,466111,46,174
2020,SCIAN 2018,464121,46,159
2020,SCIAN 2018,465915,46,159
2020,SCIAN 2018,541941,54,158
2020,SCIAN 2018,624191,62,157
2020,SCIAN 2018,465112,46,149
2020,SCIAN 2018,461140,46,146
2020,SCIAN 2018,713120,71,137
2020,SCIAN 2018,811491,81,136
2020,SCIAN 2018,463213,46,134
2020,SCIAN 2018,621331,62,133
2020,SCIAN 2018,811119,81,125
2020,SCIAN 2018,611621,61,124
2020,SCIAN 2018,813230,81,116
2020,SCIAN 2018,464112,46,116
2020,SCIAN 2018,463113,46,114
2020,SCIAN 2018,811410,81,114
2020,SCIAN 2018,621398,62,112
2020,SCIAN 2018,561431,56,112
2020,SCIAN 2018,811211,81,110
2020,SCIAN 2018,722516,72,108
2020,SCIAN 2018,465914,46,108
2020,SCIAN 2018,811430,81,108
2020,SCIAN 2018,463216,46,108
2020,SCIAN 2018,611111,61,107
2020,SCIAN 2018,463214,46,107
2020,SCIAN 2018,465212,46,105
2020,SCIAN 2018,811420,81,103
2020,SCIAN 2018,811492,81,100
2020,SCIAN 2018,611171,61,96
2020,SCIAN 2018,541920,54,93
2020,SCIAN 2018,624411,62,93
2020,SCIAN 2018,811312,81,91
2020,SCIAN 2018,468420,46,89
2020,SCIAN 2018,466211,46,87
2020,SCIAN 2018,465919,46,86
2020,SCIAN 2018,461123,46,84
2020,SCIAN 2018,465911,46,82
2020,SCIAN 2018,466112,46,82
2020,SCIAN 2018,468411,46,81
2020,SCIAN 2018,611611,61,79
2020,SCIAN 2018,522452,52,79
2020,SCIAN 2018,531210,53,79
2020,SCIAN 2018,465313,46,75
2020,SCIAN 2018,466114,46,73
2020,SCIAN 2018,811199,81,72
2020,SCIAN 2018,468112,46,71
2020,SCIAN 2018,721111,72,71
2020,SCIAN 2018,621391,62,69
2020,SCIAN 2018,812990,81,69
2020,SCIAN 2018,532282,53,68
2020,SCIAN 2018,466319,46,65
2020,SCIAN 2018,467112,46,65
2020,SCIAN 2018,522460,52,63
2020,SCIAN 2018,463212,46,63
2020,SCIAN 2018,461213,46,62
2020,SCIAN 2018,611311,61,61
2020,SCIAN 2018,468213,46,60
2020,SCIAN 2018,813120,81,60
2020,SCIAN 2018,811493,81,59
2020,SCIAN 2018,492110,49,58
2020,SCIAN 2018,611312,61,58
2020,SCIAN 2018,541810,54,56
2020,SCIAN 2018,462111,46,56
2020,SCIAN 2018,621320,62,55
2020,SCIAN 2018,721112,72,55
2020,SCIAN 2018,468212,46,55
2020,SCIAN 2018,485111,48,55
2020,SCIAN 2018,461211,46,53
2020,SCIAN 2018,541430,54,52
2020,SCIAN 2018,517311,51,52
2020,SCIAN 2018,811129,81,52
2020,SCIAN 2018,621341,62,51
2020,SCIAN 2018,541610,54,51
2020,SCIAN 2018,541120,54,50
2020,SCIAN 2018,465211,46,49
2020,SCIAN 2018,524210,52,47
2020,SCIAN 2018,811116,81,46
2020,SCIAN 2018,811114,81,46
2020,SCIAN 2018,468111,46,45
2020,SCIAN 2018,621115,62,44
2020,SCIAN 2018,812130,81,43
2020,SCIAN 2018,811115,81,43
2020,SCIAN 2018,468311,46,43
2020,SCIAN 2018,813110,81,42
2020,SCIAN 2018,522320,52,41
2020,SCIAN 2018,611511,61,41
2020,SCIAN 2018,466311,46,40
2020,SCIAN 2018,611691,61,40
2020,SCIAN 2018,611161,61,40
2020,SCIAN 2018,463112,46,39
2020,SCIAN 2018,611172,61,39
2020,SCIAN 2018,517910,51,39
2020,SCIAN 2018,541310,54,38
2020,SCIAN 2018,532411,53,38
2020,SCIAN 2018,485210,48,36
2020,SCIAN 2018,713991,71,36
2020,SCIAN 2018,611132,61,36
2020,SCIAN 2018,611121,61,36
2020,SCIAN 2018,465312,46,35
2020,SCIAN 2018,465913,46,34
2020,SCIAN 2018,611631,61,33
2020,SCIAN 2018,541890,54,33
2020,SCIAN 2018,721113,72,33
2020,SCIAN 2018,611698,61,33
2020,SCIAN 2018,523122,52,31
2020,SCIAN 2018,561110,56,30
2020,SCIAN 2018,561610,56,30
2020,SCIAN 2018,463111,46,30
2020,SCIAN 2018,541190,54,29
2020,SCIAN 2018,812310,81,29
2020,SCIAN 2018,463217,46,28
2020,SCIAN 2018,623992,62,28
2020,SCIAN 2018,484129,48,27
2020,SCIAN 2018,531311,53,27
2020,SCIAN 2018,624412,62,26
2020,SCIAN 2018,541330,54,26
2020,SCIAN 2018,517312,51,26
2020,SCIAN 2018,462210,46,25
2020,SCIAN 2018,465216,46,25
2020,SCIAN 2018,622111,62,25
2020,SCIAN 2018,531319,53,24
2020,SCIAN 2018,465213,46,24
2020,SCIAN 2018,811113,81,24
2020,SCIAN 2018,611162,61,23
2020,SCIAN 2018,541510,54,23
2020,SCIAN 2018,611142,61,23
2020,SCIAN 2018,463218,46,23
2020,SCIAN 2018,468419,46,22
2020,SCIAN 2018,621311,62,22
2020,SCIAN 2018,811122,81,21
2020,SCIAN 2018,532310,53,21
2020,SCIAN 2018,464122,46,21
2020,SCIAN 2018,524110,52,20
2020,SCIAN 2018,532281,53,20
2020,SCIAN 2018,611512,61,20
2020,SCIAN 2018,468412,46,20
2020,SCIAN 2018,561330,56,18
2020,SCIAN 2018,713291,71,18
2020,SCIAN 2018,713944,71,18
2020,SCIAN 2018,711311,71,18
2020,SCIAN 2018,722411,72,17
2020,SCIAN 2018,722320,72,16
2020,SCIAN 2018,621112,62,16
2020,SCIAN 2018,621116,62,16
2020,SCIAN 2018,811314,81,16
2020,SCIAN 2018,561620,56,16
2020,SCIAN 2018,541690,54,15
2020,SCIAN 2018,711312,71,15
2020,SCIAN 2018,713998,71,15
2020,SCIAN 2018,721311,72,15
2020,SCIAN 2018,621421,62,15
2020,SCIAN 2018,622112,62,15
2020,SCIAN 2018,467117,46,14
2020,SCIAN 2018,623991,62,14
2020,SCIAN 2018,531114,53,14
2020,SCIAN 2018,522490,52,14
2020,SCIAN 2018,611131,61,13
2020,SCIAN 2018,519122,51,13
2020,SCIAN 2018,512130,51,12
2020,SCIAN 2018,515110,51,12
2020,SCIAN 2018,532493,53,12
2020,SCIAN 2018,461220,46,12
2020,SCIAN 2018,623221,62,11
2020,SCIAN 2018,624112,62,11
2020,SCIAN 2018,624199,62,11
2020,SCIAN 2018,712112,71,11
2020,SCIAN 2018,624212,62,11
2020,SCIAN 2018,611182,61,11
2020,SCIAN 2018,623311,62,11
2020,SCIAN 2018,624111,62,10
2020,SCIAN 2018,561440,56,10
2020,SCIAN 2018,532492,53,10
2020,SCIAN 2018,485510,48,10
2020,SCIAN 2018,522390,52,10
2020,SCIAN 2018,524220,52,10
2020,SCIAN 2018,811311,81,9
2020,SCIAN 2018,532110,53,9
2020,SCIAN 2018,622311,62,9
2020,SCIAN 2018,469110,46,9
2020,SCIAN 2018,713992,71,9
2020,SCIAN 2018,813130,81,9
2020,SCIAN 2018,541340,54,9
2020,SCIAN 2018,488519,48,9
2020,SCIAN 2018,491110,49,9
2020,SCIAN 2018,466314,46,8
2020,SCIAN 2018,541620,54,8
2020,SCIAN 2018,541380,54,8
2020,SCIAN 2018,561710,56,8
2020,SCIAN 2018,522451,52,8
2020,SCIAN 2018,532289,53,7
2020,SCIAN 2018,522220,52,7
2020,SCIAN 2018,811313,81,7
2020,SCIAN 2018,721190,72,7
2020,SCIAN 2018,487110,48,7
2020,SCIAN 2018,488410,48,7
2020,SCIAN 2018,611181,61,7
2020,SCIAN 2018,561990,56,7
2020,SCIAN 2018,541850,54,7
2020,SCIAN 2018,713941,71,6
2020,SCIAN 2018,713111,71,6
2020,SCIAN 2018,611421,61,6
2020,SCIAN 2018,621910,62,6
2020,SCIAN 2018,621491,62,6
2020,SCIAN 2018,484210,48,6
2020,SCIAN 2018,611211,61,6
2020,SCIAN 2018,561720,56,6
2020,SCIAN 2018,561310,56,6
2020,SCIAN 2018,541410,54,6
2020,SCIAN 2018,531112,53,6
2020,SCIAN 2018,511112,51,6
2020,SCIAN 2018,515120,51,6
2020,SCIAN 2018,522440,52,6
2020,SCIAN 2018,812910,81,5
2020,SCIAN 2018,519121,51,5
2020,SCIAN 2018,722310,72,5
2020,SCIAN 2018,484239,48,5
2020,SCIAN 2018,713112,71,5
2020,SCIAN 2018,484229,48,5
2020,SCIAN 2018,484221,48,5
2020,SCIAN 2018,611151,61,5
2020,SCIAN 2018,611612,61,5
2020,SCIAN 2018,561520,56,5
2020,SCIAN 2018,624198,62,5
2020,SCIAN 2018,522210,52,5
2020,SCIAN 2018,812322,81,5
2020,SCIAN 2018,621342,62,5
2020,SCIAN 2018,467116,46,5
2020,SCIAN 2018,711510,71,5
2020,SCIAN 2018,541370,54,4
2020,SCIAN 2018,561421,56,4
2020,SCIAN 2018,484222,48,4
2020,SCIAN 2018,624312,62,4
2020,SCIAN 2018,561320,56,4
2020,SCIAN 2018,466313,46,4
2020,SCIAN 2018,623111,62,4
2020,SCIAN 2018,468413,46,4
2020,SCIAN 2018,621332,62,4
2020,SCIAN 2018,812120,81,4
2020,SCIAN 2018,611431,61,4
2020,SCIAN 2018,561920,56,4
2020,SCIAN 2018,711131,71,4
2020,SCIAN 2018,488990,48,4
2020,SCIAN 2018,541711,54,4
2020,SCIAN 2018,561450,56,3
2020,SCIAN 2018,624121,62,3
2020,SCIAN 2018,561790,56,3
2020,SCIAN 2018,531115,53,3
2020,SCIAN 2018,512112,51,3
2020,SCIAN 2018,519110,51,3
2020,SCIAN 2018,621411,62,3
2020,SCIAN 2018,484119,48,3
2020,SCIAN 2018,624122,62,3
2020,SCIAN 2018,711212,71,3
2020,SCIAN 2018,541910,54,3
2020,SCIAN 2018,711121,71,3
2020,SCIAN 2018,623211,62,3
2020,SCIAN 2018,465214,46,3
2020,SCIAN 2018,541350,54,3
2020,SCIAN 2018,541219,54,3
2020,SCIAN 2018,713950,71,3
2020,SCIAN 2018,712132,71,3
2020,SCIAN 2018,485990,48,3
2020,SCIAN 2018,713113,71,3
2020,SCIAN 2018,721312,72,2
2020,SCIAN 2018,813140,81,2
2020,SCIAN 2018,511121,51,2
2020,SCIAN 2018,532420,53,2
2020,SCIAN 2018,531111,53,2
2020,SCIAN 2018,524130,52,2
2020,SCIAN 2018,523110,52,2
2020,SCIAN 2018,721210,72,2
2020,SCIAN 2018,512113,51,2
2020,SCIAN 2018,511210,51,2
2020,SCIAN 2018,511132,51,2
2020,SCIAN 2018,511131,51,2
2020,SCIAN 2018,541712,54,2
2020,SCIAN 2018,541860,54,2
2020,SCIAN 2018,713299,71,2
2020,SCIAN 2018,713942,71,2
2020,SCIAN 2018,712131,71,2
2020,SCIAN 2018,712111,71,2
2020,SCIAN 2018,541942,54,2
2020,SCIAN 2018,541943,54,2
2020,SCIAN 2018,485320,48,2
2020,SCIAN 2018,493119,49,2
2020,SCIAN 2018,541490,54,2
2020,SCIAN 2018,562998,56,2
2020,SCIAN 2018,562911,56,2
2020,SCIAN 2018,562221,56,2
2020,SCIAN 2018,562121,56,2
2020,SCIAN 2018,711111,71,2
2020,SCIAN 2018,624211,62,2
2020,SCIAN 2018,484231,48,2
2020,SCIAN 2018,484121,48,2
2020,SCIAN 2018,561422,56,2
2020,SCIAN 2018,561210,56,2
2020,SCIAN 2018,611411,61,2
2020,SCIAN 2018,611632,61,2
2020,SCIAN 2018,481210,48,2
2020,SCIAN 2018,481111,48,2
2020,SCIAN 2018,622211,62,2
2020,SCIAN 2018,621212,62,2
2020,SCIAN 2018,621610,62,2
2020,SCIAN 2018,621512,62,2
2020,SCIAN 2018,812321,81,1
2020,SCIAN 2018,811123,81,1
2020,SCIAN 2018,621114,62,1
2020,SCIAN 2018,621312,62,1
2020,SCIAN 2018,621392,62,1
2020,SCIAN 2018,621492,62,1
2020,SCIAN 2018,621991,62,1
2020,SCIAN 2018,621992,62,1
2020,SCIAN 2018,622212,62,1
2020,SCIAN 2018,622312,62,1
2020,SCIAN 2018,623312,62,1
2020,SCIAN 2018,466113,46,1
2020,SCIAN 2018,611622,61,1
2020,SCIAN 2018,611699,61,1
2020,SCIAN 2018,611152,61,1
2020,SCIAN 2018,468414,46,1
2020,SCIAN 2018,482110,48,1
2020,SCIAN 2018,484232,48,1
2020,SCIAN 2018,561590,56,1
2020,SCIAN 2018,561740,56,1
2020,SCIAN 2018,562111,56,1
2020,SCIAN 2018,624221,62,1
2020,SCIAN 2018,624222,62,1
2020,SCIAN 2018,711112,71,1
2020,SCIAN 2018,711410,71,1
2020,SCIAN 2018,541990,54,1
2020,SCIAN 2018,511111,51,1
2020,SCIAN 2018,541820,54,1
2020,SCIAN 2018,541830,54,1
2020,SCIAN 2018,541840,54,1
2020,SCIAN 2018,541870,54,1
2020,SCIAN 2018,485410,48,1
2020,SCIAN 2018,488190,48,1
2020,SCIAN 2018,488491,48,1
2020,SCIAN 2018,488492,48,1
2020,SCIAN 2018,488493,48,1
2020,SCIAN 2018,519130,51,1
2020,SCIAN 2018,523121,52,1
2020,SCIAN 2018,531119,53,1
2020,SCIAN 2018,532121,53,1
2020,SCIAN 2018,532122,53,1
2020,SCIAN 2018,532210,53,1
2020,SCIAN 2018,532491,53,1
2020,SCIAN 2018,511192,51,1
2020,SCIAN 2018,518210,51,1
2021,SCIAN 2018,461110,46,3759
2021,SCIAN 2018,812110,81,2336
2021,SCIAN 2018,463211,46,1501
2021,SCIAN 2018,722514,72,1390
2021,SCIAN 2018,621211,62,1170
2021,SCIAN 2018,722513,72,1073
2021,SCIAN 2018,465311,46,951
2021,SCIAN 2018,461130,46,850
2021,SCIAN 2018,811111,81,795
2021,SCIAN 2018,722518,72,715
2021,SCIAN 2018,722515,72,713
2021,SCIAN 2018,722517,72,682
2021,SCIAN 2018,621113,62,568
2021,SCIAN 2018,467111,46,566
2021,SCIAN 2018,522110,52,564
2021,SCIAN 2018,467115,46,541
2021,SCIAN 2018,722511,72,540
2021,SCIAN 2018,722519,72,528
2021,SCIAN 2018,464111,46,524
2021,SCIAN 2018,461121,46,482
2021,SCIAN 2018,813210,81,441
2021,SCIAN 2018,461122,46,433
2021,SCIAN 2018,621111,62,408
2021,SCIAN 2018,461160,46,404
2021,SCIAN 2018,466410,46,401
2021,SCIAN 2018,468211,46,398
2021,SCIAN 2018,463310,46,380
2021,SCIAN 2018,811121,81,377
2021,SCIAN 2018,531113,53,377
2021,SCIAN 2018,812210,81,366
2021,SCIAN 2018,541110,54,362
2021,SCIAN 2018,466212,46,341
2021,SCIAN 2018,811499,81,315
2021,SCIAN 2018,462112,46,311
2021,SCIAN 2018,561432,56,295
2021,SCIAN 2018,465111,46,291
2021,SCIAN 2018,561510,56,290
2021,SCIAN 2018,466312,46,267
2021,SCIAN 2018,465912,46,264
2021,SCIAN 2018,713943,71,261
2021,SCIAN 2018,722412,72,258
2021,SCIAN 2018,461190,46,253
2021,SCIAN 2018,611122,61,249
2021,SCIAN 2018,541211,54,247
2021,SCIAN 2018,465215,46,222
2021,SCIAN 2018,461212,46,220
2021,SCIAN 2018,463215,46,220
2021,SCIAN 2018,464113,46,219
2021,SCIAN 2018,811192,81,217
2021,SCIAN 2018,811219,81,215
2021,SCIAN 2018,811191,81,214
2021,SCIAN 2018,621511,62,201
2021,SCIAN 2018,467114,46,199
2021,SCIAN 2018,811112,81,194
2021,SCIAN 2018,461150,46,192
2021,SCIAN 2018,461170,46,189
2021,SCIAN 2018,812410,81,185
2021,SCIAN 2018,467113,46,184
2021,SCIAN 2018,611112,61,180
2021,SCIAN 2018,722512,72,174
2021,SCIAN 2018,466111,46,172
2021,SCIAN 2018,465915,46,161
2021,SCIAN 2018,541941,54,159
2021,SCIAN 2018,464121,46,159
2021,SCIAN 2018,624191,62,155
2021,SCIAN 2018,465112,46,148
2021,SCIAN 2018,461140,46,147
2021,SCIAN 2018,713120,71,135
2021,SCIAN 2018,811491,81,135
2021,SCIAN 2018,463213,46,134
2021,SCIAN 2018,621331,62,129
2021,SCIAN 2018,811119,81,125
2021,SCIAN 2018,611621,61,122
2021,SCIAN 2018,813230,81,115
2021,SCIAN 2018,464112,46,115
2021,SCIAN 2018,621398,62,113
2021,SCIAN 2018,463113,46,113
2021,SCIAN 2018,811410,81,112
2021,SCIAN 2018,811211,81,110
2021,SCIAN 2018,561431,56,109
2021,SCIAN 2018,811430,81,108
2021,SCIAN 2018,463216,46,108
2021,SCIAN 2018,465914,46,107
2021,SCIAN 2018,722516,72,107
2021,SCIAN 2018,611111,61,106
2021,SCIAN 2018,463214,46,104
2021,SCIAN 2018,811420,81,104
2021,SCIAN 2018,465212,46,103
2021,SCIAN 2018,811492,81,99
2021,SCIAN 2018,611171,61,94
2021,SCIAN 2018,541920,54,93
2021,SCIAN 2018,468420,46,89
2021,SCIAN 2018,811312,81,89
2021,SCIAN 2018,624411,62,89
2021,SCIAN 2018,461123,46,88
2021,SCIAN 2018,466211,46,86
2021,SCIAN 2018,465919,46,85
2021,SCIAN 2018,465911,46,82
2021,SCIAN 2018,466112,46,82
2021,SCIAN 2018,468411,46,82
2021,SCIAN 2018,531210,53,79
2021,SCIAN 2018,611611,61,78
2021,SCIAN 2018,466114,46,78
2021,SCIAN 2018,522452,52,77
2021,SCIAN 2018,465313,46,75
2021,SCIAN 2018,811199,81,72
2021,SCIAN 2018,468112,46,72
2021,SCIAN 2018,721111,72,70
2021,SCIAN 2018,812990,81,69
2021,SCIAN 2018,621391,62,67
2021,SCIAN 2018,532282,53,66
2021,SCIAN 2018,467112,46,65
2021,SCIAN 2018,466319,46,64
2021,SCIAN 2018,463212,46,64
2021,SCIAN 2018,461213,46,62
2021,SCIAN 2018,522460,52,61
2021,SCIAN 2018,811493,81,60
2021,SCIAN 2018,813120,81,60
2021,SCIAN 2018,468213,46,60
2021,SCIAN 2018,611311,61,60
2021,SCIAN 2018,492110,49,58
2021,SCIAN 2018,621320,62,58
2021,SCIAN 2018,611312,61,58
2021,SCIAN 2018,468212,46,56
2021,SCIAN 2018,462111,46,56
2021,SCIAN 2018,721112,72,55
2021,SCIAN 2018,485111,48,55
2021,SCIAN 2018,811129,81,53
2021,SCIAN 2018,621341,62,53
2021,SCIAN 2018,541810,54,53
2021,SCIAN 2018,517311,51,53
2021,SCIAN 2018,461211,46,53
2021,SCIAN 2018,541430,54,52
2021,SCIAN 2018,541610,54,51
2021,SCIAN 2018,541120,54,49
2021,SCIAN 2018,465211,46,49
2021,SCIAN 2018,524210,52,47
2021,SCIAN 2018,811114,81,46
2021,SCIAN 2018,811116,81,46
2021,SCIAN 2018,621115,62,44
2021,SCIAN 2018,468311,46,44
2021,SCIAN 2018,811115,81,43
2021,SCIAN 2018,611511,61,42
2021,SCIAN 2018,541310,54,42
2021,SCIAN 2018,813110,81,42
2021,SCIAN 2018,468111,46,41
2021,SCIAN 2018,522320,52,41
2021,SCIAN 2018,517910,51,40
2021,SCIAN 2018,812130,81,40
2021,SCIAN 2018,611691,61,39
2021,SCIAN 2018,466311,46,39
2021,SCIAN 2018,611161,61,39
2021,SCIAN 2018,463112,46,39
2021,SCIAN 2018,532411,53,38
2021,SCIAN 2018,611172,61,38
2021,SCIAN 2018,611121,61,37
2021,SCIAN 2018,611132,61,36
2021,SCIAN 2018,485210,48,35
2021,SCIAN 2018,465913,46,35
2021,SCIAN 2018,721113,72,34
2021,SCIAN 2018,541890,54,34
2021,SCIAN 2018,713991,71,34
2021,SCIAN 2018,611698,61,32
2021,SCIAN 2018,465312,46,32
2021,SCIAN 2018,463111,46,31
2021,SCIAN 2018,523122,52,31
2021,SCIAN 2018,611631,61,30
2021,SCIAN 2018,561110,56,30
2021,SCIAN 2018,812310,81,29
2021,SCIAN 2018,541190,54,29
2021,SCIAN 2018,561610,56,29
2021,SCIAN 2018,463217,46,28
2021,SCIAN 2018,623992,62,28
2021,SCIAN 2018,531311,53,27
2021,SCIAN 2018,484129,48,27
2021,SCIAN 2018,622111,62,25
2021,SCIAN 2018,541330,54,25
2021,SCIAN 2018,462210,46,25
2021,SCIAN 2018,517312,51,25
2021,SCIAN 2018,465216,46,25
2021,SCIAN 2018,624412,62,25
2021,SCIAN 2018,811113,81,24
2021,SCIAN 2018,611162,61,23
2021,SCIAN 2018,465213,46,23
2021,SCIAN 2018,463218,46,23
2021,SCIAN 2018,541510,54,23
2021,SCIAN 2018,611142,61,23
2021,SCIAN 2018,468419,46,22
2021,SCIAN 2018,531319,53,22
2021,SCIAN 2018,811122,81,21
2021,SCIAN 2018,464122,46,21
2021,SCIAN 2018,532310,53,21
2021,SCIAN 2018,621311,62,20
2021,SCIAN 2018,532281,53,20
2021,SCIAN 2018,524110,52,20
2021,SCIAN 2018,468412,46,20
2021,SCIAN 2018,611512,61,20
2021,SCIAN 2018,561330,56,18
2021,SCIAN 2018,713291,71,18
2021,SCIAN 2018,711311,71,18
2021,SCIAN 2018,713944,71,18
2021,SCIAN 2018,722411,72,17
2021,SCIAN 2018,722320,72,16
2021,SCIAN 2018,811314,81,16
2021,SCIAN 2018,621421,62,16
2021,SCIAN 2018,561620,56,16
2021,SCIAN 2018,621116,62,16
2021,SCIAN 2018,621112,62,16
2021,SCIAN 2018,711312,71,15
2021,SCIAN 2018,541690,54,15
2021,SCIAN 2018,721311,72,15
2021,SCIAN 2018,713998,71,15
2021,SCIAN 2018,522490,52,14
2021,SCIAN 2018,531114,53,14
2021,SCIAN 2018,622112,62,14
2021,SCIAN 2018,519122,51,13
2021,SCIAN 2018,467117,46,13
2021,SCIAN 2018,623991,62,13
2021,SCIAN 2018,611131,61,13
2021,SCIAN 2018,515110,51,12
2021,SCIAN 2018,469110,46,12
2021,SCIAN 2018,623221,62,12
2021,SCIAN 2018,512130,51,12
2021,SCIAN 2018,461220,46,12
2021,SCIAN 2018,623311,62,11
2021,SCIAN 2018,624212,62,11
2021,SCIAN 2018,712112,71,11
2021,SCIAN 2018,624111,62,11
2021,SCIAN 2018,624112,62,11
2021,SCIAN 2018,611182,61,11
2021,SCIAN 2018,624199,62,11
2021,SCIAN 2018,532493,53,11
2021,SCIAN 2018,532492,53,10
2021,SCIAN 2018,485510,48,10
2021,SCIAN 2018,522390,52,10
2021,SCIAN 2018,524220,52,10
2021,SCIAN 2018,811311,81,9
2021,SCIAN 2018,713992,71,9
2021,SCIAN 2018,532110,53,9
2021,SCIAN 2018,491110,49,9
2021,SCIAN 2018,488519,48,9
2021,SCIAN 2018,541340,54,9
2021,SCIAN 2018,813130,81,9
2021,SCIAN 2018,561440,56,9
2021,SCIAN 2018,622311,62,9
2021,SCIAN 2018,466314,46,8
2021,SCIAN 2018,561710,56,8
2021,SCIAN 2018,522451,52,8
2021,SCIAN 2018,541380,54,8
2021,SCIAN 2018,722310,72,8
2021,SCIAN 2018,541620,54,8
2021,SCIAN 2018,487110,48,7
2021,SCIAN 2018,488410,48,7
2021,SCIAN 2018,611181,61,7
2021,SCIAN 2018,561990,56,7
2021,SCIAN 2018,532289,53,7
2021,SCIAN 2018,522220,52,7
2021,SCIAN 2018,511112,51,7
2021,SCIAN 2018,721190,72,7
2021,SCIAN 2018,541850,54,7
2021,SCIAN 2018,515120,51,6
2021,SCIAN 2018,541410,54,6
2021,SCIAN 2018,522440,52,6
2021,SCIAN 2018,611421,61,6
2021,SCIAN 2018,611211,61,6
2021,SCIAN 2018,561720,56,6
2021,SCIAN 2018,621910,62,6
2021,SCIAN 2018,531112,53,6
2021,SCIAN 2018,484229,48,6
2021,SCIAN 2018,811313,81,6
2021,SCIAN 2018,484210,48,6
2021,SCIAN 2018,713941,71,6
2021,SCIAN 2018,561310,56,5
2021,SCIAN 2018,812910,81,5
2021,SCIAN 2018,561520,56,5
2021,SCIAN 2018,611612,61,5
2021,SCIAN 2018,519121,51,5
2021,SCIAN 2018,611151,61,5
2021,SCIAN 2018,467116,46,5
2021,SCIAN 2018,484221,48,5
2021,SCIAN 2018,812322,81,5
2021,SCIAN 2018,484239,48,5
2021,SCIAN 2018,621491,62,5
2021,SCIAN 2018,621342,62,5
2021,SCIAN 2018,711510,71,5
2021,SCIAN 2018,522210,52,5
2021,SCIAN 2018,624198,62,5
2021,SCIAN 2018,713111,71,5
2021,SCIAN 2018,713112,71,5
2021,SCIAN 2018,484119,48,4
2021,SCIAN 2018,468413,46,4
2021,SCIAN 2018,561421,56,4
2021,SCIAN 2018,711131,71,4
2021,SCIAN 2018,812120,81,4
2021,SCIAN 2018,484222,48,4
2021,SCIAN 2018,611431,61,4
2021,SCIAN 2018,561320,56,4
2021,SCIAN 2018,541711,54,4
2021,SCIAN 2018,466313,46,4
2021,SCIAN 2018,623111,62,4
2021,SCIAN 2018,488990,48,4
2021,SCIAN 2018,624312,62,4
2021,SCIAN 2018,621332,62,4
2021,SCIAN 2018,541370,54,4
2021,SCIAN 2018,713950,71,3
2021,SCIAN 2018,485990,48,3
2021,SCIAN 2018,621411,62,3
2021,SCIAN 2018,623211,62,3
2021,SCIAN 2018,624121,62,3
2021,SCIAN 2018,519110,51,3
2021,SCIAN 2018,713113,71,3
2021,SCIAN 2018,624122,62,3
2021,SCIAN 2018,711121,71,3
2021,SCIAN 2018,711212,71,3
2021,SCIAN 2018,712132,71,3
2021,SCIAN 2018,512112,51,3
2021,SCIAN 2018,465214,46,3
2021,SCIAN 2018,531115,53,3
2021,SCIAN 2018,561920,56,3
2021,SCIAN 2018,541219,54,3
2021,SCIAN 2018,561790,56,3
2021,SCIAN 2018,541350,54,3
2021,SCIAN 2018,813140,81,2
2021,SCIAN 2018,541910,54,2
2021,SCIAN 2018,541990,54,2
2021,SCIAN 2018,561450,56,2
2021,SCIAN 2018,561422,56,2
2021,SCIAN 2018,561210,56,2
2021,SCIAN 2018,541860,54,2
2021,SCIAN 2018,541943,54,2
2021,SCIAN 2018,541942,54,2
2021,SCIAN 2018,562121,56,2
2021,SCIAN 2018,611411,61,2
2021,SCIAN 2018,541490,54,2
2021,SCIAN 2018,562998,56,2
2021,SCIAN 2018,562911,56,2
2021,SCIAN 2018,562221,56,2
2021,SCIAN 2018,541712,54,2
2021,SCIAN 2018,721312,72,2
2021,SCIAN 2018,485320,48,2
2021,SCIAN 2018,481111,48,2
2021,SCIAN 2018,511210,51,2
2021,SCIAN 2018,511132,51,2
2021,SCIAN 2018,511131,51,2
2021,SCIAN 2018,712131,71,2
2021,SCIAN 2018,712111,71,2
2021,SCIAN 2018,624211,62,2
2021,SCIAN 2018,711111,71,2
2021,SCIAN 2018,511121,51,2
2021,SCIAN 2018,493119,49,2
2021,SCIAN 2018,713299,71,2
2021,SCIAN 2018,713942,71,2
2021,SCIAN 2018,621610,62,2
2021,SCIAN 2018,621512,62,2
2021,SCIAN 2018,524130,52,2
2021,SCIAN 2018,622211,62,2
2021,SCIAN 2018,523110,52,2
2021,SCIAN 2018,512113,51,2
2021,SCIAN 2018,621212,62,2
2021,SCIAN 2018,611632,61,2
2021,SCIAN 2018,481210,48,2
2021,SCIAN 2018,721210,72,2
2021,SCIAN 2018,484121,48,2
2021,SCIAN 2018,484231,48,2
2021,SCIAN 2018,561740,56,1
2021,SCIAN 2018,561590,56,1
2021,SCIAN 2018,541870,54,1
2021,SCIAN 2018,541840,54,1
2021,SCIAN 2018,541830,54,1
2021,SCIAN 2018,541820,54,1
2021,SCIAN 2018,562111,56,1
2021,SCIAN 2018,611152,61,1
2021,SCIAN 2018,611622,61,1
2021,SCIAN 2018,532420,53,1
2021,SCIAN 2018,621114,62,1
2021,SCIAN 2018,611699,61,1
2021,SCIAN 2018,532491,53,1
2021,SCIAN 2018,518210,51,1
2021,SCIAN 2018,519130,51,1
2021,SCIAN 2018,621992,62,1
2021,SCIAN 2018,621991,62,1
2021,SCIAN 2018,622212,62,1
2021,SCIAN 2018,623312,62,1
2021,SCIAN 2018,622312,62,1
2021,SCIAN 2018,531111,53,1
2021,SCIAN 2018,523121,52,1
2021,SCIAN 2018,621392,62,1
2021,SCIAN 2018,621312,62,1
2021,SCIAN 2018,531119,53,1
2021,SCIAN 2018,532121,53,1
2021,SCIAN 2018,621492,62,1
2021,SCIAN 2018,532122,53,1
2021,SCIAN 2018,532210,53,1
2021,SCIAN 2018,466113,46,1
2021,SCIAN 2018,485410,48,1
2021,SCIAN 2018,488190,48,1
2021,SCIAN 2018,488491,48,1
2021,SCIAN 2018,488492,48,1
2021,SCIAN 2018,488493,48,1
2021,SCIAN 2018,511111,51,1
2021,SCIAN 2018,711112,71,1
2021,SCIAN 2018,511192,51,1
2021,SCIAN 2018,711410,71,1
2021,SCIAN 2018,624221,62,1
2021,SCIAN 2018,624222,62,1
2021,SCIAN 2018,468414,46,1
2021,SCIAN 2018,482110,48,1
2021,SCIAN 2018,484232,48,1
2021,SCIAN 2018,812321,81,1
2021,SCIAN 2018,811123,81,1
2022,SCIAN 2018,461110,46,3759
2022,SCIAN 2018,812110,81,2336
2022,SCIAN 2018,463211,46,1500
2022,SCIAN 2018,722514,72,1391
2022,SCIAN 2018,621211,62,1170
2022,SCIAN 2018,722513,72,1073
2022,SCIAN 2018,465311,46,950
2022,SCIAN 2018,461130,46,851
2022,SCIAN 2018,811111,81,795
2022,SCIAN 2018,722518,72,715
2022,SCIAN 2018,722515,72,713
2022,SCIAN 2018,722517,72,681
2022,SCIAN 2018,621113,62,568
2022,SCIAN 2018,467111,46,565
2022,SCIAN 2018,522110,52,564
2022,SCIAN 2018,467115,46,541
2022,SCIAN 2018,722511,72,540
2022,SCIAN 2018,722519,72,528
2022,SCIAN 2018,464111,46,524
2022,SCIAN 2018,461121,46,483
2022,SCIAN 2018,813210,81,441
2022,SCIAN 2018,461122,46,433
2022,SCIAN 2018,621111,62,408
2022,SCIAN 2018,461160,46,404
2022,SCIAN 2018,466410,46,400
2022,SCIAN 2018,468211,46,397
2022,SCIAN 2018,463310,46,381
2022,SCIAN 2018,811121,81,377
2022,SCIAN 2018,531113,53,377
2022,SCIAN 2018,812210,81,366
2022,SCIAN 2018,541110,54,361
2022,SCIAN 2018,466212,46,341
2022,SCIAN 2018,811499,81,315
2022,SCIAN 2018,462112,46,311
2022,SCIAN 2018,561432,56,295
2022,SCIAN 2018,465111,46,291
2022,SCIAN 2018,561510,56,290
2022,SCIAN 2018,466312,46,267
2022,SCIAN 2018,465912,46,263
2022,SCIAN 2018,713943,71,261
2022,SCIAN 2018,722412,72,258
2022,SCIAN 2018,461190,46,253
2022,SCIAN 2018,611122,61,249
2022,SCIAN 2018,541211,54,246
2022,SCIAN 2018,465215,46,222
2022,SCIAN 2018,461212,46,220
2022,SCIAN 2018,463215,46,220
2022,SCIAN 2018,464113,46,219
2022,SCIAN 2018,811192,81,217
2022,SCIAN 2018,811219,81,214
2022,SCIAN 2018,811191,81,214
2022,SCIAN 2018,621511,62,202
2022,SCIAN 2018,467114,46,200
2022,SCIAN 2018,811112,81,194
2022,SCIAN 2018,461150,46,192
2022,SCIAN 2018,461170,46,189
2022,SCIAN 2018,812410,81,186
2022,SCIAN 2018,467113,46,184
2022,SCIAN 2018,611112,61,180
2022,SCIAN 2018,722512,72,174
2022,SCIAN 2018,466111,46,172
2022,SCIAN 2018,465915,46,161
2022,SCIAN 2018,541941,54,159
2022,SCIAN 2018,464121,46,159
2022,SCIAN 2018,624191,62,155
2022,SCIAN 2018,465112,46,148
2022,SCIAN 2018,461140,46,147
2022,SCIAN 2018,713120,71,135
2022,SCIAN 2018,811491,81,135
2022,SCIAN 2018,463213,46,134
2022,SCIAN 2018,621331,62,128
2022,SCIAN 2018,811119,81,125
2022,SCIAN 2018,611621,61,122
2022,SCIAN 2018,813230,81,115
2022,SCIAN 2018,464112,46,115
2022,SCIAN 2018,621398,62,113
2022,SCIAN 2018,463113,46,113
2022,SCIAN 2018,811410,81,112
2022,SCIAN 2018,811211,81,110
2022,SCIAN 2018,561431,56,109
2022,SCIAN 2018,811430,81,108
2022,SCIAN 2018,463216,46,108
2022,SCIAN 2018,465914,46,107
2022,SCIAN 2018,722516,72,107
2022,SCIAN 2018,611111,61,106
2022,SCIAN 2018,463214,46,104
2022,SCIAN 2018,811420,81,104
2022,SCIAN 2018,465212,46,103
2022,SCIAN 2018,811492,81,99
2022,SCIAN 2018,611171,61,97
2022,SCIAN 2018,541920,54,93
2022,SCIAN 2018,461123,46,92
2022,SCIAN 2018,811312,81,90
2022,SCIAN 2018,468420,46,89
2022,SCIAN 2018,624411,62,88
2022,SCIAN 2018,466211,46,85
2022,SCIAN 2018,465919,46,85
2022,SCIAN 2018,468411,46,83
2022,SCIAN 2018,466112,46,82
2022,SCIAN 2018,465911,46,82
2022,SCIAN 2018,531210,53,79
2022,SCIAN 2018,466114,46,78
2022,SCIAN 2018,522452,52,77
2022,SCIAN 2018,611611,61,77
2022,SCIAN 2018,465313,46,75
2022,SCIAN 2018,811199,81,72
2022,SCIAN 2018,468112,46,72
2022,SCIAN 2018,812990,81,69
2022,SCIAN 2018,721111,72,69
2022,SCIAN 2018,621391,62,67
2022,SCIAN 2018,467112,46,66
2022,SCIAN 2018,532282,53,66
2022,SCIAN 2018,466319,46,64
2022,SCIAN 2018,463212,46,64
2022,SCIAN 2018,522460,52,63
2022,SCIAN 2018,461213,46,62
2022,SCIAN 2018,611311,61,61
2022,SCIAN 2018,813120,81,60
2022,SCIAN 2018,468213,46,60
2022,SCIAN 2018,517311,51,60
2022,SCIAN 2018,811493,81,60
2022,SCIAN 2018,492110,49,58
2022,SCIAN 2018,611312,61,58
2022,SCIAN 2018,621320,62,58
2022,SCIAN 2018,462111,46,56
2022,SCIAN 2018,468212,46,56
2022,SCIAN 2018,721112,72,55
2022,SCIAN 2018,485111,48,54
2022,SCIAN 2018,811129,81,53
2022,SCIAN 2018,541810,54,53
2022,SCIAN 2018,461211,46,53
2022,SCIAN 2018,621341,62,53
2022,SCIAN 2018,541430,54,52
2022,SCIAN 2018,541610,54,52
2022,SCIAN 2018,541120,54,49
2022,SCIAN 2018,465211,46,49
2022,SCIAN 2018,524210,52,47
2022,SCIAN 2018,811114,81,46
2022,SCIAN 2018,811116,81,46
2022,SCIAN 2018,621115,62,44
2022,SCIAN 2018,468311,46,44
2022,SCIAN 2018,811115,81,43
2022,SCIAN 2018,611511,61,42
2022,SCIAN 2018,468111,46,42
2022,SCIAN 2018,541310,54,42
2022,SCIAN 2018,813110,81,42
2022,SCIAN 2018,522320,52,41
2022,SCIAN 2018,517910,51,40
2022,SCIAN 2018,812130,81,40
2022,SCIAN 2018,611691,61,39
2022,SCIAN 2018,466311,46,39
2022,SCIAN 2018,611161,61,39
2022,SCIAN 2018,463112,46,39
2022,SCIAN 2018,532411,53,38
2022,SCIAN 2018,611172,61,38
2022,SCIAN 2018,611121,61,37
2022,SCIAN 2018,611132,61,36
2022,SCIAN 2018,465913,46,35
2022,SCIAN 2018,485210,48,35
2022,SCIAN 2018,541890,54,34
2022,SCIAN 2018,721113,72,34
2022,SCIAN 2018,713991,71,34
2022,SCIAN 2018,465312,46,32
2022,SCIAN 2018,611698,61,32
2022,SCIAN 2018,523122,52,31
2022,SCIAN 2018,463111,46,31
2022,SCIAN 2018,611631,61,30
2022,SCIAN 2018,812310,81,29
2022,SCIAN 2018,561610,56,29
2022,SCIAN 2018,541190,54,29
2022,SCIAN 2018,463217,46,28
2022,SCIAN 2018,623992,62,28
2022,SCIAN 2018,531311,53,27
2022,SCIAN 2018,484129,48,27
2022,SCIAN 2018,561110,56,27
2022,SCIAN 2018,622111,62,26
2022,SCIAN 2018,517312,51,26
2022,SCIAN 2018,465216,46,25
2022,SCIAN 2018,541330,54,25
2022,SCIAN 2018,624412,62,25
2022,SCIAN 2018,462210,46,25
2022,SCIAN 2018,811113,81,24
2022,SCIAN 2018,611162,61,23
2022,SCIAN 2018,611142,61,23
2022,SCIAN 2018,541510,54,23
2022,SCIAN 2018,463218,46,23
2022,SCIAN 2018,465213,46,23
2022,SCIAN 2018,468419,46,22
2022,SCIAN 2018,531319,53,22
2022,SCIAN 2018,811122,81,21
2022,SCIAN 2018,524110,52,21
2022,SCIAN 2018,532310,53,21
2022,SCIAN 2018,464122,46,21
2022,SCIAN 2018,532281,53,20
2022,SCIAN 2018,468412,46,20
2022,SCIAN 2018,621311,62,20
2022,SCIAN 2018,611512,61,20
2022,SCIAN 2018,711311,71,18
2022,SCIAN 2018,713291,71,18
2022,SCIAN 2018,713944,71,18
2022,SCIAN 2018,722411,72,17
2022,SCIAN 2018,722320,72,16
2022,SCIAN 2018,621112,62,16
2022,SCIAN 2018,621421,62,16
2022,SCIAN 2018,621116,62,16
2022,SCIAN 2018,811314,81,16
2022,SCIAN 2018,561620,56,16
2022,SCIAN 2018,713998,71,15
2022,SCIAN 2018,541690,54,15
2022,SCIAN 2018,721311,72,15
2022,SCIAN 2018,711312,71,15
2022,SCIAN 2018,531114,53,15
2022,SCIAN 2018,622112,62,14
2022,SCIAN 2018,522490,52,14
2022,SCIAN 2018,561330,56,14
2022,SCIAN 2018,519122,51,13
2022,SCIAN 2018,467117,46,13
2022,SCIAN 2018,611131,61,13
2022,SCIAN 2018,623991,62,13
2022,SCIAN 2018,461220,46,12
2022,SCIAN 2018,469110,46,12
2022,SCIAN 2018,512130,51,12
2022,SCIAN 2018,515110,51,12
2022,SCIAN 2018,623221,62,12
2022,SCIAN 2018,532493,53,11
2022,SCIAN 2018,611182,61,11
2022,SCIAN 2018,624212,62,11
2022,SCIAN 2018,624112,62,11
2022,SCIAN 2018,623311,62,11
2022,SCIAN 2018,624199,62,11
2022,SCIAN 2018,712112,71,11
2022,SCIAN 2018,524220,52,10
2022,SCIAN 2018,522390,52,10
2022,SCIAN 2018,485510,48,10
2022,SCIAN 2018,624111,62,10
2022,SCIAN 2018,561440,56,10
2022,SCIAN 2018,532492,53,10
2022,SCIAN 2018,622311,62,9
2022,SCIAN 2018,713992,71,9
2022,SCIAN 2018,532110,53,9
2022,SCIAN 2018,541340,54,9
2022,SCIAN 2018,491110,49,9
2022,SCIAN 2018,488519,48,9
2022,SCIAN 2018,813130,81,9
2022,SCIAN 2018,811311,81,9
2022,SCIAN 2018,522220,52,8
2022,SCIAN 2018,522451,52,8
2022,SCIAN 2018,466314,46,8
2022,SCIAN 2018,561710,56,8
2022,SCIAN 2018,722310,72,8
2022,SCIAN 2018,541620,54,8
2022,SCIAN 2018,541380,54,8
2022,SCIAN 2018,541850,54,7
2022,SCIAN 2018,532289,53,7
2022,SCIAN 2018,721190,72,7
2022,SCIAN 2018,487110,48,7
2022,SCIAN 2018,488410,48,7
2022,SCIAN 2018,511112,51,7
2022,SCIAN 2018,611181,61,7
2022,SCIAN 2018,561990,56,7
2022,SCIAN 2018,611211,61,6
2022,SCIAN 2018,561720,56,6
2022,SCIAN 2018,811313,81,6
2022,SCIAN 2018,621910,62,6
2022,SCIAN 2018,541410,54,6
2022,SCIAN 2018,621491,62,6
2022,SCIAN 2018,611421,61,6
2022,SCIAN 2018,484229,48,6
2022,SCIAN 2018,515120,51,6
2022,SCIAN 2018,484210,48,6
2022,SCIAN 2018,531112,53,6
2022,SCIAN 2018,522440,52,6
2022,SCIAN 2018,713941,71,6
2022,SCIAN 2018,561310,56,5
2022,SCIAN 2018,561520,56,5
2022,SCIAN 2018,488990,48,5
2022,SCIAN 2018,484239,48,5
2022,SCIAN 2018,467116,46,5
2022,SCIAN 2018,519121,51,5
2022,SCIAN 2018,484221,48,5
2022,SCIAN 2018,624198,62,5
2022,SCIAN 2018,711510,71,5
2022,SCIAN 2018,468413,46,5
2022,SCIAN 2018,611612,61,5
2022,SCIAN 2018,713111,71,5
2022,SCIAN 2018,812322,81,5
2022,SCIAN 2018,812910,81,5
2022,SCIAN 2018,522210,52,5
2022,SCIAN 2018,713112,71,5
2022,SCIAN 2018,621342,62,5
2022,SCIAN 2018,624312,62,4
2022,SCIAN 2018,484119,48,4
2022,SCIAN 2018,711131,71,4
2022,SCIAN 2018,621332,62,4
2022,SCIAN 2018,611151,61,4
2022,SCIAN 2018,623111,62,4
2022,SCIAN 2018,541370,54,4
2022,SCIAN 2018,466313,46,4
2022,SCIAN 2018,812120,81,4
2022,SCIAN 2018,561320,56,4
2022,SCIAN 2018,561421,56,4
2022,SCIAN 2018,611431,61,4
2022,SCIAN 2018,541711,54,4
2022,SCIAN 2018,561790,56,3
2022,SCIAN 2018,561920,56,3
2022,SCIAN 2018,621411,62,3
2022,SCIAN 2018,519110,51,3
2022,SCIAN 2018,713113,71,3
2022,SCIAN 2018,713950,71,3
2022,SCIAN 2018,484222,48,3
2022,SCIAN 2018,531115,53,3
2022,SCIAN 2018,711212,71,3
2022,SCIAN 2018,512112,51,3
2022,SCIAN 2018,485990,48,3
2022,SCIAN 2018,624122,62,3
2022,SCIAN 2018,624121,62,3
2022,SCIAN 2018,465214,46,3
2022,SCIAN 2018,712132,71,3
2022,SCIAN 2018,711121,71,3
2022,SCIAN 2018,541219,54,3
2022,SCIAN 2018,541350,54,3
2022,SCIAN 2018,623211,62,3
2022,SCIAN 2018,813140,81,2
2022,SCIAN 2018,713942,71,2
2022,SCIAN 2018,713299,71,2
2022,SCIAN 2018,712131,71,2
2022,SCIAN 2018,712111,71,2
2022,SCIAN 2018,624211,62,2
2022,SCIAN 2018,711111,71,2
2022,SCIAN 2018,523110,52,2
2022,SCIAN 2018,524130,52,2
2022,SCIAN 2018,511131,51,2
2022,SCIAN 2018,511132,51,2
2022,SCIAN 2018,511210,51,2
2022,SCIAN 2018,512113,51,2
2022,SCIAN 2018,493119,49,2
2022,SCIAN 2018,511121,51,2
2022,SCIAN 2018,481210,48,2
2022,SCIAN 2018,481111,48,2
2022,SCIAN 2018,484231,48,2
2022,SCIAN 2018,484121,48,2
2022,SCIAN 2018,485320,48,2
2022,SCIAN 2018,541490,54,2
2022,SCIAN 2018,541712,54,2
2022,SCIAN 2018,541860,54,2
2022,SCIAN 2018,721210,72,2
2022,SCIAN 2018,541942,54,2
2022,SCIAN 2018,541910,54,2
2022,SCIAN 2018,541990,54,2
2022,SCIAN 2018,541943,54,2
2022,SCIAN 2018,561210,56,2
2022,SCIAN 2018,561422,56,2
2022,SCIAN 2018,561450,56,2
2022,SCIAN 2018,622211,62,2
2022,SCIAN 2018,721312,72,2
2022,SCIAN 2018,611632,61,2
2022,SCIAN 2018,562121,56,2
2022,SCIAN 2018,562911,56,2
2022,SCIAN 2018,562221,56,2
2022,SCIAN 2018,562998,56,2
2022,SCIAN 2018,611411,61,2
2022,SCIAN 2018,621212,62,2
2022,SCIAN 2018,621610,62,2
2022,SCIAN 2018,621512,62,2
2022,SCIAN 2018,812321,81,1
2022,SCIAN 2018,621114,62,1
2022,SCIAN 2018,621312,62,1
2022,SCIAN 2018,621392,62,1
2022,SCIAN 2018,621492,62,1
2022,SCIAN 2018,621991,62,1
2022,SCIAN 2018,611152,61,1
2022,SCIAN 2018,611622,61,1
2022,SCIAN 2018,611699,61,1
2022,SCIAN 2018,561740,56,1
2022,SCIAN 2018,562111,56,1
2022,SCIAN 2018,561590,56,1
2022,SCIAN 2018,621992,62,1
2022,SCIAN 2018,622212,62,1
2022,SCIAN 2018,622312,62,1
2022,SCIAN 2018,623312,62,1
2022,SCIAN 2018,541820,54,1
2022,SCIAN 2018,541830,54,1
2022,SCIAN 2018,541840,54,1
2022,SCIAN 2018,541870,54,1
2022,SCIAN 2018,532122,53,1
2022,SCIAN 2018,532210,53,1
2022,SCIAN 2018,532420,53,1
2022,SCIAN 2018,532491,53,1
2022,SCIAN 2018,531119,53,1
2022,SCIAN 2018,532121,53,1
2022,SCIAN 2018,624221,62,1
2022,SCIAN 2018,624222,62,1
2022,SCIAN 2018,711112,71,1
2022,SCIAN 2018,523121,52,1
2022,SCIAN 2018,531111,53,1
2022,SCIAN 2018,531116,53,1
2022,SCIAN 2018,511192,51,1
2022,SCIAN 2018,518210,51,1
2022,SCIAN 2018,519130,51,1
2022,SCIAN 2018,485410,48,1
2022,SCIAN 2018,488190,48,1
2022,SCIAN 2018,488491,48,1
2022,SCIAN 2018,488492,48,1
2022,SCIAN 2018,488493,48,1
2022,SCIAN 2018,511111,51,1
2022,SCIAN 2018,482110,48,1
2022,SCIAN 2018,484232,48,1
2022,SCIAN 2018,711410,71,1
2022,SCIAN 2018,468414,46,1
2022,SCIAN 2018,466113,46,1
2022,SCIAN 2018,811123,81,1
2023,SCIAN 2018,461110,46,3765
2023,SCIAN 2018,812110,81,2334
2023,SCIAN 2018,463211,46,1490
2023,SCIAN 2018,722514,72,1396
2023,SCIAN 2018,621211,62,1171
2023,SCIAN 2018,722513,72,1075
2023,SCIAN 2018,465311,46,951
2023,SCIAN 2018,461130,46,854
2023,SCIAN 2018,811111,81,797
2023,SCIAN 2018,722515,72,717
2023,SCIAN 2018,722518,72,713
2023,SCIAN 2018,722517,72,680
2023,SCIAN 2018,621113,62,569
2023,SCIAN 2018,467111,46,569
2023,SCIAN 2018,722511,72,547
2023,SCIAN 2018,522110,52,546
2023,SCIAN 2018,467115,46,540
2023,SCIAN 2018,722519,72,529
2023,SCIAN 2018,464111,46,527
2023,SCIAN 2018,461121,46,486
2023,SCIAN 2018,813210,81,441
2023,SCIAN 2018,461122,46,433
2023,SCIAN 2018,461160,46,402
2023,SCIAN 2018,621111,62,400
2023,SCIAN 2018,466410,46,400
2023,SCIAN 2018,468211,46,395
2023,SCIAN 2018,811121,81,379
2023,SCIAN 2018,531113,53,373
2023,SCIAN 2018,463310,46,369
2023,SCIAN 2018,812210,81,365
2023,SCIAN 2018,541110,54,363
2023,SCIAN 2018,466212,46,339
2023,SCIAN 2018,462112,46,317
2023,SCIAN 2018,811499,81,315
2023,SCIAN 2018,561432,56,293
2023,SCIAN 2018,561510,56,292
2023,SCIAN 2018,465111,46,288
2023,SCIAN 2018,713943,71,268
2023,SCIAN 2018,466312,46,266
2023,SCIAN 2018,722412,72,262
2023,SCIAN 2018,465912,46,261
2023,SCIAN 2018,461190,46,251
2023,SCIAN 2018,611122,61,249
2023,SCIAN 2018,541211,54,248
2023,SCIAN 2018,464113,46,221
2023,SCIAN 2018,463215,46,221
2023,SCIAN 2018,465215,46,221
2023,SCIAN 2018,461212,46,219
2023,SCIAN 2018,811192,81,217
2023,SCIAN 2018,811191,81,215
2023,SCIAN 2018,811219,81,213
2023,SCIAN 2018,621511,62,206
2023,SCIAN 2018,467114,46,200
2023,SCIAN 2018,461150,46,195
2023,SCIAN 2018,811112,81,194
2023,SCIAN 2018,467113,46,191
2023,SCIAN 2018,461170,46,187
2023,SCIAN 2018,812410,81,186
2023,SCIAN 2018,611112,61,180
2023,SCIAN 2018,722512,72,174
2023,SCIAN 2018,466111,46,168
2023,SCIAN 2018,465915,46,161
2023,SCIAN 2018,541941,54,158
2023,SCIAN 2018,464121,46,157
2023,SCIAN 2018,624191,62,155
2023,SCIAN 2018,465112,46,149
2023,SCIAN 2018,461140,46,149
2023,SCIAN 2018,811491,81,135
2023,SCIAN 2018,713120,71,135
2023,SCIAN 2018,463213,46,132
2023,SCIAN 2018,621331,62,128
2023,SCIAN 2018,811119,81,125
2023,SCIAN 2018,611621,61,122
2023,SCIAN 2018,621398,62,114
2023,SCIAN 2018,813230,81,114
2023,SCIAN 2018,811410,81,111
2023,SCIAN 2018,464112,46,111
2023,SCIAN 2018,463113,46,111
2023,SCIAN 2018,811211,81,110
2023,SCIAN 2018,561431,56,109
2023,SCIAN 2018,811430,81,108
2023,SCIAN 2018,463216,46,108
2023,SCIAN 2018,611111,61,107
2023,SCIAN 2018,722516,72,107
2023,SCIAN 2018,465914,46,106
2023,SCIAN 2018,463214,46,105
2023,SCIAN 2018,811420,81,104
2023,SCIAN 2018,465212,46,103
2023,SCIAN 2018,811492,81,98
2023,SCIAN 2018,611171,61,95
2023,SCIAN 2018,461123,46,93
2023,SCIAN 2018,541920,54,92
2023,SCIAN 2018,811312,81,90
2023,SCIAN 2018,624411,62,88
2023,SCIAN 2018,468420,46,88
2023,SCIAN 2018,531210,53,87
2023,SCIAN 2018,468411,46,86
2023,SCIAN 2018,465919,46,85
2023,SCIAN 2018,465911,46,82
2023,SCIAN 2018,466112,46,81
2023,SCIAN 2018,466211,46,78
2023,SCIAN 2018,466114,46,78
2023,SCIAN 2018,611611,61,77
2023,SCIAN 2018,465313,46,75
2023,SCIAN 2018,522452,52,75
2023,SCIAN 2018,467112,46,73
2023,SCIAN 2018,811199,81,72
2023,SCIAN 2018,468112,46,72
2023,SCIAN 2018,611311,61,69
2023,SCIAN 2018,812990,81,69
2023,SCIAN 2018,532282,53,66
2023,SCIAN 2018,463212,46,65
2023,SCIAN 2018,621391,62,65
2023,SCIAN 2018,721111,72,65
2023,SCIAN 2018,466319,46,64
2023,SCIAN 2018,813120,81,64
2023,SCIAN 2018,461213,46,62
2023,SCIAN 2018,522460,52,61
2023,SCIAN 2018,492110,49,61
2023,SCIAN 2018,811493,81,60
2023,SCIAN 2018,468213,46,59
2023,SCIAN 2018,621320,62,58
2023,SCIAN 2018,611312,61,58
2023,SCIAN 2018,517311,51,56
2023,SCIAN 2018,462111,46,56
2023,SCIAN 2018,461211,46,55
2023,SCIAN 2018,485111,48,55
2023,SCIAN 2018,468212,46,55
2023,SCIAN 2018,721112,72,54
2023,SCIAN 2018,621341,62,54
2023,SCIAN 2018,811129,81,53
2023,SCIAN 2018,541430,54,52
2023,SCIAN 2018,541610,54,52
2023,SCIAN 2018,541810,54,51
2023,SCIAN 2018,541120,54,49
2023,SCIAN 2018,465211,46,49
2023,SCIAN 2018,524210,52,48
2023,SCIAN 2018,468311,46,47
2023,SCIAN 2018,811114,81,46
2023,SCIAN 2018,811116,81,46
2023,SCIAN 2018,621115,62,44
2023,SCIAN 2018,468111,46,44
2023,SCIAN 2018,811115,81,43
2023,SCIAN 2018,611161,61,43
2023,SCIAN 2018,813110,81,42
2023,SCIAN 2018,611511,61,42
2023,SCIAN 2018,522320,52,42
2023,SCIAN 2018,812130,81,40
2023,SCIAN 2018,541310,54,40
2023,SCIAN 2018,517910,51,39
2023,SCIAN 2018,463112,46,39
2023,SCIAN 2018,611691,61,39
2023,SCIAN 2018,466311,46,38
2023,SCIAN 2018,611172,61,38
2023,SCIAN 2018,611121,61,37
2023,SCIAN 2018,532411,53,37
2023,SCIAN 2018,485210,48,37
2023,SCIAN 2018,721113,72,37
2023,SCIAN 2018,611132,61,36
2023,SCIAN 2018,465913,46,35
2023,SCIAN 2018,541890,54,34
2023,SCIAN 2018,465312,46,33
2023,SCIAN 2018,713991,71,33
2023,SCIAN 2018,611698,61,32
2023,SCIAN 2018,523122,52,31
2023,SCIAN 2018,611631,61,30
2023,SCIAN 2018,463111,46,30
2023,SCIAN 2018,465216,46,30
2023,SCIAN 2018,541190,54,29
2023,SCIAN 2018,812310,81,28
2023,SCIAN 2018,561110,56,28
2023,SCIAN 2018,561610,56,28
2023,SCIAN 2018,623992,62,28
2023,SCIAN 2018,463217,46,28
2023,SCIAN 2018,484129,48,27
2023,SCIAN 2018,531311,53,27
2023,SCIAN 2018,622111,62,26
2023,SCIAN 2018,624412,62,25
2023,SCIAN 2018,541330,54,24
2023,SCIAN 2018,462210,46,24
2023,SCIAN 2018,811113,81,24
2023,SCIAN 2018,611142,61,23
2023,SCIAN 2018,524110,52,23
2023,SCIAN 2018,611162,61,23
2023,SCIAN 2018,541510,54,23
2023,SCIAN 2018,465213,46,23
2023,SCIAN 2018,463218,46,23
2023,SCIAN 2018,468419,46,22
2023,SCIAN 2018,531319,53,22
2023,SCIAN 2018,532310,53,21
2023,SCIAN 2018,811122,81,21
2023,SCIAN 2018,517312,51,21
2023,SCIAN 2018,621311,62,20
2023,SCIAN 2018,611512,61,20
2023,SCIAN 2018,532281,53,20
2023,SCIAN 2018,468412,46,20
2023,SCIAN 2018,464122,46,20
2023,SCIAN 2018,531114,53,19
2023,SCIAN 2018,713944,71,18
2023,SCIAN 2018,522451,52,18
2023,SCIAN 2018,713291,71,18
2023,SCIAN 2018,711311,71,18
2023,SCIAN 2018,722411,72,17
2023,SCIAN 2018,561620,56,17
2023,SCIAN 2018,721311,72,16
2023,SCIAN 2018,621421,62,16
2023,SCIAN 2018,621116,62,16
2023,SCIAN 2018,811314,81,16
2023,SCIAN 2018,621112,62,16
2023,SCIAN 2018,541690,54,15
2023,SCIAN 2018,722320,72,15
2023,SCIAN 2018,711312,71,15
2023,SCIAN 2018,713998,71,15
2023,SCIAN 2018,622112,62,14
2023,SCIAN 2018,623991,62,13
2023,SCIAN 2018,519122,51,13
2023,SCIAN 2018,467117,46,13
2023,SCIAN 2018,515110,51,12
2023,SCIAN 2018,512130,51,12
2023,SCIAN 2018,461220,46,12
2023,SCIAN 2018,623221,62,12
2023,SCIAN 2018,623311,62,11
2023,SCIAN 2018,532493,53,11
2023,SCIAN 2018,488519,48,11
2023,SCIAN 2018,624212,62,11
2023,SCIAN 2018,624199,62,11
2023,SCIAN 2018,712112,71,11
2023,SCIAN 2018,624112,62,11
2023,SCIAN 2018,611182,61,11
2023,SCIAN 2018,611131,61,11
2023,SCIAN 2018,713992,71,10
2023,SCIAN 2018,622311,62,10
2023,SCIAN 2018,624111,62,10
2023,SCIAN 2018,532492,53,10
2023,SCIAN 2018,485510,48,10
2023,SCIAN 2018,522390,52,10
2023,SCIAN 2018,488990,48,10
2023,SCIAN 2018,469110,46,10
2023,SCIAN 2018,811311,81,9
2023,SCIAN 2018,522490,52,9
2023,SCIAN 2018,561330,56,9
2023,SCIAN 2018,561440,56,9
2023,SCIAN 2018,524220,52,9
2023,SCIAN 2018,541340,54,9
2023,SCIAN 2018,491110,49,9
2023,SCIAN 2018,813130,81,9
2023,SCIAN 2018,466314,46,8
2023,SCIAN 2018,468413,46,8
2023,SCIAN 2018,541620,54,8
2023,SCIAN 2018,561710,56,8
2023,SCIAN 2018,532110,53,8
2023,SCIAN 2018,722310,72,7
2023,SCIAN 2018,522220,52,7
2023,SCIAN 2018,511112,51,7
2023,SCIAN 2018,532289,53,7
2023,SCIAN 2018,522440,52,7
2023,SCIAN 2018,487110,48,7
2023,SCIAN 2018,488410,48,7
2023,SCIAN 2018,721190,72,7
2023,SCIAN 2018,611181,61,7
2023,SCIAN 2018,541380,54,7
2023,SCIAN 2018,541410,54,7
2023,SCIAN 2018,561990,56,7
2023,SCIAN 2018,611421,61,6
2023,SCIAN 2018,484210,48,6
2023,SCIAN 2018,811313,81,6
2023,SCIAN 2018,713941,71,6
2023,SCIAN 2018,621491,62,6
2023,SCIAN 2018,621910,62,6
2023,SCIAN 2018,541850,54,6
2023,SCIAN 2018,531112,53,6
2023,SCIAN 2018,484229,48,6
2023,SCIAN 2018,713111,71,5
2023,SCIAN 2018,711510,71,5
2023,SCIAN 2018,519121,51,5
2023,SCIAN 2018,522210,52,5
2023,SCIAN 2018,515120,51,5
2023,SCIAN 2018,713112,71,5
2023,SCIAN 2018,541370,54,5
2023,SCIAN 2018,467116,46,5
2023,SCIAN 2018,484239,48,5
2023,SCIAN 2018,561720,56,5
2023,SCIAN 2018,611211,61,5
2023,SCIAN 2018,621342,62,5
2023,SCIAN 2018,812910,81,5
2023,SCIAN 2018,611612,61,5
2023,SCIAN 2018,812322,81,5
2023,SCIAN 2018,484221,48,5
2023,SCIAN 2018,624198,62,5
2023,SCIAN 2018,812120,81,4
2023,SCIAN 2018,624312,62,4
2023,SCIAN 2018,623111,62,4
2023,SCIAN 2018,621332,62,4
2023,SCIAN 2018,711131,71,4
2023,SCIAN 2018,541711,54,4
2023,SCIAN 2018,466313,46,4
2023,SCIAN 2018,611431,61,4
2023,SCIAN 2018,561310,56,4
2023,SCIAN 2018,561320,56,4
2023,SCIAN 2018,561520,56,4
2023,SCIAN 2018,561421,56,4
2023,SCIAN 2018,561920,56,3
2023,SCIAN 2018,541219,54,3
2023,SCIAN 2018,465214,46,3
2023,SCIAN 2018,622211,62,3
2023,SCIAN 2018,531115,53,3
2023,SCIAN 2018,512112,51,3
2023,SCIAN 2018,515210,51,3
2023,SCIAN 2018,523110,52,3
2023,SCIAN 2018,711212,71,3
2023,SCIAN 2018,712132,71,3
2023,SCIAN 2018,711121,71,3
2023,SCIAN 2018,713113,71,3
2023,SCIAN 2018,713950,71,3
2023,SCIAN 2018,561422,56,3
2023,SCIAN 2018,611151,61,3
2023,SCIAN 2018,484222,48,3
2023,SCIAN 2018,561790,56,3
2023,SCIAN 2018,484119,48,3
2023,SCIAN 2018,621411,62,3
2023,SCIAN 2018,485990,48,3
2023,SCIAN 2018,541350,54,3
2023,SCIAN 2018,624121,62,3
2023,SCIAN 2018,531119,53,3
2023,SCIAN 2018,488492,48,3
2023,SCIAN 2018,623211,62,3
2023,SCIAN 2018,624122,62,3
2023,SCIAN 2018,511121,51,2
2023,SCIAN 2018,511132,51,2
2023,SCIAN 2018,712111,71,2
2023,SCIAN 2018,712131,71,2
2023,SCIAN 2018,713299,71,2
2023,SCIAN 2018,511131,51,2
2023,SCIAN 2018,711111,71,2
2023,SCIAN 2018,713942,71,2
2023,SCIAN 2018,524130,52,2
2023,SCIAN 2018,512113,51,2
2023,SCIAN 2018,484231,48,2
2023,SCIAN 2018,518210,51,2
2023,SCIAN 2018,511111,51,2
2023,SCIAN 2018,493119,49,2
2023,SCIAN 2018,624211,62,2
2023,SCIAN 2018,621512,62,2
2023,SCIAN 2018,485320,48,2
2023,SCIAN 2018,532420,53,2
2023,SCIAN 2018,541860,54,2
2023,SCIAN 2018,621610,62,2
2023,SCIAN 2018,541910,54,2
2023,SCIAN 2018,541942,54,2
2023,SCIAN 2018,541990,54,2
2023,SCIAN 2018,541943,54,2
2023,SCIAN 2018,561210,56,2
2023,SCIAN 2018,611411,61,2
2023,SCIAN 2018,561450,56,2
2023,SCIAN 2018,481210,48,2
2023,SCIAN 2018,484121,48,2
2023,SCIAN 2018,468414,46,2
2023,SCIAN 2018,541712,54,2
2023,SCIAN 2018,562121,56,2
2023,SCIAN 2018,621212,62,2
2023,SCIAN 2018,611632,61,2
2023,SCIAN 2018,562998,56,2
2023,SCIAN 2018,562911,56,2
2023,SCIAN 2018,721312,72,2
2023,SCIAN 2018,721210,72,2
2023,SCIAN 2018,813140,81,2
2023,SCIAN 2018,611152,61,1
2023,SCIAN 2018,621114,62,1
2023,SCIAN 2018,611699,61,1
2023,SCIAN 2018,611622,61,1
2023,SCIAN 2018,562111,56,1
2023,SCIAN 2018,466113,46,1
2023,SCIAN 2018,561740,56,1
2023,SCIAN 2018,561590,56,1
2023,SCIAN 2018,541830,54,1
2023,SCIAN 2018,541820,54,1
2023,SCIAN 2018,482110,48,1
2023,SCIAN 2018,481111,48,1
2023,SCIAN 2018,541870,54,1
2023,SCIAN 2018,541840,54,1
2023,SCIAN 2018,621312,62,1
2023,SCIAN 2018,622312,62,1
2023,SCIAN 2018,622212,62,1
2023,SCIAN 2018,621992,62,1
2023,SCIAN 2018,621991,62,1
2023,SCIAN 2018,621492,62,1
2023,SCIAN 2018,621392,62,1
2023,SCIAN 2018,624222,62,1
2023,SCIAN 2018,624221,62,1
2023,SCIAN 2018,541490,54,1
2023,SCIAN 2018,623312,62,1
2023,SCIAN 2018,531111,53,1
2023,SCIAN 2018,532491,53,1
2023,SCIAN 2018,532210,53,1
2023,SCIAN 2018,532122,53,1
2023,SCIAN 2018,532121,53,1
2023,SCIAN 2018,488493,48,1
2023,SCIAN 2018,488491,48,1
2023,SCIAN 2018,488190,48,1
2023,SCIAN 2018,485410,48,1
2023,SCIAN 2018,484232,48,1
2023,SCIAN 2018,711410,71,1
2023,SCIAN 2018,711112,71,1
2023,SCIAN 2018,492210,49,1
2023,SCIAN 2018,523990,52,1
2023,SCIAN 2018,523121,52,1
2023,SCIAN 2018,521110,52,1
2023,SCIAN 2018,519190,51,1
2023,SCIAN 2018,517410,51,1
2023,SCIAN 2018,811123,81,1
2023,SCIAN 2018,511210,51,1
2023,SCIAN 2018,511192,51,1
2023,SCIAN 2018,812321,81,1
2024,SCIAN 2023,461110,46,3855
2024,SCIAN 2023,812110,81,3128
2024,SCIAN 2023,463211,46,1557
2024,SCIAN 2023,722514,72,1501
2024,SCIAN 2023,621211,62,1284
2024,SCIAN 2023,722513,72,1181
2024,SCIAN 2023,465311,46,977
2024,SCIAN 2023,811111,81,927
2024,SCIAN 2023,461130,46,874
2024,SCIAN 2023,722515,72,819
2024,SCIAN 2023,621113,62,783
2024,SCIAN 2023,722511,72,742
2024,SCIAN 2023,467115,46,724
2024,SCIAN 2023,722517,72,682
2024,SCIAN 2023,467111,46,661
2024,SCIAN 2023,464111,46,585
2024,SCIAN 2023,722518,72,545
2024,SCIAN 2023,522110,52,544
2024,SCIAN 2023,722519,72,539
2024,SCIAN 2023,461121,46,515
2024,SCIAN 2023,813210,81,482
2024,SCIAN 2023,462112,46,477
2024,SCIAN 2023,466410,46,468
2024,SCIAN 2023,461122,46,462
2024,SCIAN 2023,465912,46,424
2024,SCIAN 2023,811121,81,402
2024,SCIAN 2023,812210,81,397
2024,SCIAN 2023,466212,46,397
2024,SCIAN 2023,461160,46,395
2024,SCIAN 2023,466312,46,385
2024,SCIAN 2023,468211,46,378
2024,SCIAN 2023,531113,53,375
2024,SCIAN 2023,463310,46,360
2024,SCIAN 2023,541110,54,348
2024,SCIAN 2023,713943,71,337
2024,SCIAN 2023,465111,46,333
2024,SCIAN 2023,561510,56,327
2024,SCIAN 2023,621111,62,324
2024,SCIAN 2023,811499,81,309
2024,SCIAN 2023,461190,46,296
2024,SCIAN 2023,461212,46,270
2024,SCIAN 2023,611122,61,267
2024,SCIAN 2023,722412,72,261
2024,SCIAN 2023,461170,46,250
2024,SCIAN 2023,811192,81,249
2024,SCIAN 2023,811219,81,239
2024,SCIAN 2023,465215,46,237
2024,SCIAN 2023,621511,62,232
2024,SCIAN 2023,464113,46,230
2024,SCIAN 2023,467114,46,229
2024,SCIAN 2023,722512,72,228
2024,SCIAN 2023,463215,46,226
2024,SCIAN 2023,541211,54,225
2024,SCIAN 2023,461150,46,221
2024,SCIAN 2023,541941,54,217
2024,SCIAN 2023,812410,81,209
2024,SCIAN 2023,811191,81,206
2024,SCIAN 2023,464121,46,199
2024,SCIAN 2023,722516,72,197
2024,SCIAN 2023,467113,46,195
2024,SCIAN 2023,811112,81,195
2024,SCIAN 2023,611112,61,188
2024,SCIAN 2023,461140,46,179
2024,SCIAN 2023,621331,62,173
2024,SCIAN 2023,465112,46,170
2024,SCIAN 2023,465915,46,167
2024,SCIAN 2023,466111,46,163
2024,SCIAN 2023,561432,56,156
2024,SCIAN 2023,624191,62,153
2024,SCIAN 2023,465212,46,145
2024,SCIAN 2023,811491,81,145
2024,SCIAN 2023,465911,46,143
2024,SCIAN 2023,461123,46,128
2024,SCIAN 2023,811492,81,124
2024,SCIAN 2023,811119,81,124
2024,SCIAN 2023,811410,81,121
2024,SCIAN 2023,465914,46,118
2024,SCIAN 2023,463214,46,117
2024,SCIAN 2023,463213,46,116
2024,SCIAN 2023,464112,46,115
2024,SCIAN 2023,561431,56,112
2024,SCIAN 2023,611621,61,111
2024,SCIAN 2023,621391,62,111
2024,SCIAN 2023,468420,46,107
2024,SCIAN 2023,813230,81,104
2024,SCIAN 2023,621398,62,103
2024,SCIAN 2023,811430,81,97
2024,SCIAN 2023,811420,81,97
2024,SCIAN 2023,463113,46,96
2024,SCIAN 2023,466114,46,95
2024,SCIAN 2023,461211,46,94
2024,SCIAN 2023,811211,81,92
2024,SCIAN 2023,811312,81,91
2024,SCIAN 2023,713120,71,91
2024,SCIAN 2023,492110,49,88
2024,SCIAN 2023,611171,61,87
2024,SCIAN 2023,463216,46,86
2024,SCIAN 2023,468311,46,84
2024,SCIAN 2023,532282,53,83
2024,SCIAN 2023,468411,46,83
2024,SCIAN 2023,621341,62,82
2024,SCIAN 2023,466112,46,82
2024,SCIAN 2023,467112,46,82
2024,SCIAN 2023,541920,54,80
2024,SCIAN 2023,531210,53,79
2024,SCIAN 2023,465919,46,78
2024,SCIAN 2023,811199,81,78
2024,SCIAN 2023,624411,62,74
2024,SCIAN 2023,485111,48,74
2024,SCIAN 2023,468112,46,72
2024,SCIAN 2023,812990,81,69
2024,SCIAN 2023,541430,54,68
2024,SCIAN 2023,465313,46,68
2024,SCIAN 2023,611311,61,68
2024,SCIAN 2023,621320,62,67
2024,SCIAN 2023,611611,61,67
2024,SCIAN 2023,468213,46,66
2024,SCIAN 2023,466211,46,64
2024,SCIAN 2023,468212,46,64
2024,SCIAN 2023,813120,81,64
2024,SCIAN 2023,721112,72,63
2024,SCIAN 2023,461213,46,63
2024,SCIAN 2023,611111,61,63
2024,SCIAN 2023,522452,52,61
2024,SCIAN 2023,517311,51,59
2024,SCIAN 2023,811493,81,59
2024,SCIAN 2023,462111,46,58
2024,SCIAN 2023,541120,54,56
2024,SCIAN 2023,466319,46,55
2024,SCIAN 2023,522460,52,54
2024,SCIAN 2023,721111,72,54
2024,SCIAN 2023,812130,81,53
2024,SCIAN 2023,811116,81,52
2024,SCIAN 2023,467117,46,50
2024,SCIAN 2023,811114,81,50
2024,SCIAN 2023,811115,81,50
2024,SCIAN 2023,468111,46,49
2024,SCIAN 2023,611312,61,47
2024,SCIAN 2023,811129,81,46
2024,SCIAN 2023,466311,46,45
2024,SCIAN 2023,532411,53,45
2024,SCIAN 2023,611511,61,44
2024,SCIAN 2023,463112,46,44
2024,SCIAN 2023,463212,46,43
2024,SCIAN 2023,611161,61,43
2024,SCIAN 2023,611172,61,42
2024,SCIAN 2023,541310,54,41
2024,SCIAN 2023,541610,54,41
2024,SCIAN 2023,621115,62,40
2024,SCIAN 2023,522320,52,40
2024,SCIAN 2023,621311,62,39
2024,SCIAN 2023,611691,61,39
2024,SCIAN 2023,524210,52,38
2024,SCIAN 2023,721113,72,38
2024,SCIAN 2023,611132,61,37
2024,SCIAN 2023,465913,46,36
2024,SCIAN 2023,465216,46,35
2024,SCIAN 2023,485210,48,35
2024,SCIAN 2023,611121,61,34
2024,SCIAN 2023,623221,62,34
2024,SCIAN 2023,541190,54,32
2024,SCIAN 2023,622111,62,31
2024,SCIAN 2023,465312,46,31
2024,SCIAN 2023,813110,81,30
2024,SCIAN 2023,463217,46,30
2024,SCIAN 2023,463111,46,29
2024,SCIAN 2023,611162,61,28
2024,SCIAN 2023,812310,81,28
2024,SCIAN 2023,531311,53,27
2024,SCIAN 2023,531114,53,27
2024,SCIAN 2023,713991,71,27
2024,SCIAN 2023,541810,54,27
2024,SCIAN 2023,462210,46,26
2024,SCIAN 2023,623992,62,26
2024,SCIAN 2023,811122,81,25
2024,SCIAN 2023,484129,48,25
2024,SCIAN 2023,468419,46,24
2024,SCIAN 2023,532310,53,24
2024,SCIAN 2023,611698,61,24
2024,SCIAN 2023,611631,61,24
2024,SCIAN 2023,465213,46,24
2024,SCIAN 2023,811113,81,23
2024,SCIAN 2023,517312,51,23
2024,SCIAN 2023,541330,54,23
2024,SCIAN 2023,524110,52,23
2024,SCIAN 2023,611142,61,23
2024,SCIAN 2023,532281,53,23
2024,SCIAN 2023,561610,56,23
2024,SCIAN 2023,465211,46,22
2024,SCIAN 2023,517910,51,22
2024,SCIAN 2023,523122,52,22
2024,SCIAN 2023,621421,62,22
2024,SCIAN 2023,541890,54,22
2024,SCIAN 2023,621116,62,21
2024,SCIAN 2023,624412,62,20
2024,SCIAN 2023,611512,61,20
2024,SCIAN 2023,464122,46,20
2024,SCIAN 2023,811314,81,20
2024,SCIAN 2023,463218,46,20
2024,SCIAN 2023,623311,62,19
2024,SCIAN 2023,713998,71,19
2024,SCIAN 2023,522451,52,19
2024,SCIAN 2023,468412,46,19
2024,SCIAN 2023,713291,71,19
2024,SCIAN 2023,522490,52,19
2024,SCIAN 2023,713944,71,18
2024,SCIAN 2023,722320,72,17
2024,SCIAN 2023,561110,56,17
2024,SCIAN 2023,541510,54,17
2024,SCIAN 2023,531319,53,17
2024,SCIAN 2023,461220,46,17
2024,SCIAN 2023,532493,53,16
2024,SCIAN 2023,467116,46,16
2024,SCIAN 2023,622112,62,15
2024,SCIAN 2023,561620,56,15
2024,SCIAN 2023,624112,62,14
2024,SCIAN 2023,711311,71,14
2024,SCIAN 2023,621112,62,14
2024,SCIAN 2023,712112,71,13
2024,SCIAN 2023,722330,72,13
2024,SCIAN 2023,532492,53,13
2024,SCIAN 2023,516110,51,12
2024,SCIAN 2023,812910,81,12
2024,SCIAN 2023,722310,72,12
2024,SCIAN 2023,711312,71,12
2024,SCIAN 2023,611182,61,12
2024,SCIAN 2023,622311,62,11
2024,SCIAN 2023,512130,51,11
2024,SCIAN 2023,541690,54,11
2024,SCIAN 2023,541340,54,11
2024,SCIAN 2023,611181,61,11
2024,SCIAN 2023,722411,72,11
2024,SCIAN 2023,469110,46,11
2024,SCIAN 2023,621491,62,10
2024,SCIAN 2023,519212,51,10
2024,SCIAN 2023,624199,62,10
2024,SCIAN 2023,624212,62,10
2024,SCIAN 2023,721311,72,10
2024,SCIAN 2023,491110,49,10
2024,SCIAN 2023,532110,53,9
2024,SCIAN 2023,485510,48,9
2024,SCIAN 2023,466314,46,9
2024,SCIAN 2023,811311,81,9
2024,SCIAN 2023,487110,48,9
2024,SCIAN 2023,611131,61,9
2024,SCIAN 2023,623111,62,9
2024,SCIAN 2023,623991,62,8
2024,SCIAN 2023,522220,52,8
2024,SCIAN 2023,524220,52,8
2024,SCIAN 2023,484229,48,8
2024,SCIAN 2023,522210,52,8
2024,SCIAN 2023,488990,48,8
2024,SCIAN 2023,541410,54,8
2024,SCIAN 2023,813130,81,7
2024,SCIAN 2023,561440,56,7
2024,SCIAN 2023,488519,48,7
2024,SCIAN 2023,811313,81,7
2024,SCIAN 2023,561710,56,7
2024,SCIAN 2023,541490,54,7
2024,SCIAN 2023,561720,56,7
2024,SCIAN 2023,541620,54,7
2024,SCIAN 2023,468413,46,7
2024,SCIAN 2023,522440,52,7
2024,SCIAN 2023,713992,71,7
2024,SCIAN 2023,466313,46,7
2024,SCIAN 2023,711510,71,7
2024,SCIAN 2023,513112,51,6
2024,SCIAN 2023,561330,56,6
2024,SCIAN 2023,624111,62,6
2024,SCIAN 2023,611699,61,6
2024,SCIAN 2023,621910,62,6
2024,SCIAN 2023,721190,72,6
2024,SCIAN 2023,484210,48,6
2024,SCIAN 2023,531112,53,6
2024,SCIAN 2023,713941,71,5
2024,SCIAN 2023,519211,51,5
2024,SCIAN 2023,713112,71,5
2024,SCIAN 2023,484221,48,5
2024,SCIAN 2023,624198,62,5
2024,SCIAN 2023,488410,48,5
2024,SCIAN 2023,532289,53,5
2024,SCIAN 2023,611612,61,5
2024,SCIAN 2023,531115,53,5
2024,SCIAN 2023,561520,56,5
2024,SCIAN 2023,812322,81,5
2024,SCIAN 2023,466113,46,5
2024,SCIAN 2023,541370,54,4
2024,SCIAN 2023,541219,54,4
2024,SCIAN 2023,484119,48,4
2024,SCIAN 2023,713299,71,4
2024,SCIAN 2023,484239,48,4
2024,SCIAN 2023,711131,71,4
2024,SCIAN 2023,492210,49,4
2024,SCIAN 2023,516120,51,4
2024,SCIAN 2023,541380,54,4
2024,SCIAN 2023,541711,54,4
2024,SCIAN 2023,513111,51,4
2024,SCIAN 2023,713113,71,4
2024,SCIAN 2023,611211,61,4
2024,SCIAN 2023,622211,62,4
2024,SCIAN 2023,611421,61,4
2024,SCIAN 2023,624312,62,3
2024,SCIAN 2023,624122,62,3
2024,SCIAN 2023,623211,62,3
2024,SCIAN 2023,711111,71,3
2024,SCIAN 2023,523110,52,3
2024,SCIAN 2023,488492,48,3
2024,SCIAN 2023,712132,71,3
2024,SCIAN 2023,485990,48,3
2024,SCIAN 2023,522390,52,3
2024,SCIAN 2023,531119,53,3
2024,SCIAN 2023,484222,48,3
2024,SCIAN 2023,621332,62,3
2024,SCIAN 2023,621411,62,3
2024,SCIAN 2023,541850,54,3
2024,SCIAN 2023,561210,56,3
2024,SCIAN 2023,561422,56,3
2024,SCIAN 2023,562121,56,3
2024,SCIAN 2023,561990,56,3
2024,SCIAN 2023,561790,56,3
2024,SCIAN 2023,541712,54,3
2024,SCIAN 2023,812120,81,3
2024,SCIAN 2023,812321,81,3
2024,SCIAN 2023,541942,54,2
2024,SCIAN 2023,561310,56,2
2024,SCIAN 2023,561320,56,2
2024,SCIAN 2023,561740,56,2
2024,SCIAN 2023,611212,61,2
2024,SCIAN 2023,465214,46,2
2024,SCIAN 2023,562221,56,2
2024,SCIAN 2023,521110,52,2
2024,SCIAN 2023,712111,71,2
2024,SCIAN 2023,713111,71,2
2024,SCIAN 2023,524130,52,2
2024,SCIAN 2023,713942,71,2
2024,SCIAN 2023,518210,51,2
2024,SCIAN 2023,516210,51,2
2024,SCIAN 2023,513132,51,2
2024,SCIAN 2023,493190,49,2
2024,SCIAN 2023,468414,46,2
2024,SCIAN 2023,481210,48,2
2024,SCIAN 2023,484121,48,2
2024,SCIAN 2023,624121,62,2
2024,SCIAN 2023,624211,62,2
2024,SCIAN 2023,624221,62,2
2024,SCIAN 2023,621342,62,2
2024,SCIAN 2023,532420,53,2
2024,SCIAN 2023,611431,61,2
2024,SCIAN 2023,541350,54,1
2024,SCIAN 2023,541320,54,1
2024,SCIAN 2023,532491,53,1
2024,SCIAN 2023,561490,56,1
2024,SCIAN 2023,562122,56,1
2024,SCIAN 2023,562111,56,1
2024,SCIAN 2023,562911,56,1
2024,SCIAN 2023,562998,56,1
2024,SCIAN 2023,611151,61,1
2024,SCIAN 2023,561920,56,1
2024,SCIAN 2023,541840,54,1
2024,SCIAN 2023,811123,81,1
2024,SCIAN 2023,813140,81,1
2024,SCIAN 2023,541930,54,1
2024,SCIAN 2023,541990,54,1
2024,SCIAN 2023,541943,54,1
2024,SCIAN 2023,561421,56,1
2024,SCIAN 2023,621492,62,1
2024,SCIAN 2023,621312,62,1
2024,SCIAN 2023,621212,62,1
2024,SCIAN 2023,621512,62,1
2024,SCIAN 2023,611632,61,1
2024,SCIAN 2023,611622,61,1
2024,SCIAN 2023,532210,53,1
2024,SCIAN 2023,532121,53,1
2024,SCIAN 2023,611411,61,1
2024,SCIAN 2023,711212,71,1
2024,SCIAN 2023,711132,71,1
2024,SCIAN 2023,711121,71,1
2024,SCIAN 2023,624311,62,1
2024,SCIAN 2023,624222,62,1
2024,SCIAN 2023,622212,62,1
2024,SCIAN 2023,623112,62,1
2024,SCIAN 2023,623312,62,1
2024,SCIAN 2023,621991,62,1
2024,SCIAN 2023,482110,48,1
2024,SCIAN 2023,621992,62,1
2024,SCIAN 2023,531111,53,1
2024,SCIAN 2023,523910,52,1
2024,SCIAN 2023,523990,52,1
2024,SCIAN 2023,713114,71,1
2024,SCIAN 2023,712131,71,1
2024,SCIAN 2023,488190,48,1
2024,SCIAN 2023,711410,71,1
2024,SCIAN 2023,484233,48,1
2024,SCIAN 2023,485320,48,1
2024,SCIAN 2023,484231,48,1
2024,SCIAN 2023,484232,48,1
2024,SCIAN 2023,713950,71,1
2024,SCIAN 2023,713910,71,1
2024,SCIAN 2023,485410,48,1
2024,SCIAN 2023,488491,48,1
2024,SCIAN 2023,523121,52,1
2024,SCIAN 2023,512112,51,1
2024,SCIAN 2023,488493,48,1
2024,SCIAN 2023,517410,51,1
2024,SCIAN 2023,512113,51,1
2024,SCIAN 2023,513131,51,1
2024,SCIAN 2023,513210,51,1
2024,SCIAN 2023,721210,72,1
2025,SCIAN 2023,461110,46,4109
2025,SCIAN 2023,812110,81,3211
2025,SCIAN 2023,463211,46,1604
2025,SCIAN 2023,722514,72,1501
2025,SCIAN 2023,621211,62,1324
2025,SCIAN 2023,722513,72,1225
2025,SCIAN 2023,465311,46,973
2025,SCIAN 2023,811111,81,920
2025,SCIAN 2023,461130,46,887
2025,SCIAN 2023,722515,72,842
2025,SCIAN 2023,722517,72,755
2025,SCIAN 2023,722511,72,753
2025,SCIAN 2023,467115,46,738
2025,SCIAN 2023,621113,62,720
2025,SCIAN 2023,467111,46,664
2025,SCIAN 2023,464111,46,602
2025,SCIAN 2023,722519,72,570
2025,SCIAN 2023,722518,72,543
2025,SCIAN 2023,461121,46,521
2025,SCIAN 2023,522110,52,510
2025,SCIAN 2023,466410,46,485
2025,SCIAN 2023,813210,81,483
2025,SCIAN 2023,461122,46,466
2025,SCIAN 2023,465912,46,438
2025,SCIAN 2023,811121,81,410
2025,SCIAN 2023,812210,81,403
2025,SCIAN 2023,466312,46,400
2025,SCIAN 2023,466212,46,399
2025,SCIAN 2023,461160,46,390
2025,SCIAN 2023,468211,46,385
2025,SCIAN 2023,621111,62,384
2025,SCIAN 2023,531113,53,377
2025,SCIAN 2023,541110,54,350
2025,SCIAN 2023,463310,46,346
2025,SCIAN 2023,561510,56,344
2025,SCIAN 2023,465111,46,341
2025,SCIAN 2023,713943,71,339
2025,SCIAN 2023,811499,81,315
2025,SCIAN 2023,461190,46,303
2025,SCIAN 2023,722412,72,269
2025,SCIAN 2023,611122,61,267
2025,SCIAN 2023,462112,46,264
2025,SCIAN 2023,461170,46,263
2025,SCIAN 2023,465215,46,256
2025,SCIAN 2023,811219,81,252
2025,SCIAN 2023,811192,81,249
2025,SCIAN 2023,467114,46,245
2025,SCIAN 2023,461212,46,241
2025,SCIAN 2023,621511,62,236
2025,SCIAN 2023,722512,72,236
2025,SCIAN 2023,463215,46,231
2025,SCIAN 2023,464113,46,228
2025,SCIAN 2023,541211,54,226
2025,SCIAN 2023,461150,46,225
2025,SCIAN 2023,541941,54,218
2025,SCIAN 2023,812410,81,209
2025,SCIAN 2023,811191,81,209
2025,SCIAN 2023,464121,46,207
2025,SCIAN 2023,467113,46,199
2025,SCIAN 2023,811112,81,198
2025,SCIAN 2023,611112,61,189
2025,SCIAN 2023,621331,62,185
2025,SCIAN 2023,461140,46,185
2025,SCIAN 2023,466111,46,174
2025,SCIAN 2023,465112,46,169
2025,SCIAN 2023,465915,46,165
2025,SCIAN 2023,624191,62,163
2025,SCIAN 2023,561432,56,153
2025,SCIAN 2023,465911,46,153
2025,SCIAN 2023,465212,46,149
2025,SCIAN 2023,811491,81,146
2025,SCIAN 2023,722516,72,141
2025,SCIAN 2023,461123,46,130
2025,SCIAN 2023,811492,81,126
2025,SCIAN 2023,811119,81,125
2025,SCIAN 2023,611621,61,123
2025,SCIAN 2023,811410,81,121
2025,SCIAN 2023,463213,46,118
2025,SCIAN 2023,465914,46,117
2025,SCIAN 2023,621391,62,116
2025,SCIAN 2023,561431,56,115
2025,SCIAN 2023,463214,46,114
2025,SCIAN 2023,468420,46,106
2025,SCIAN 2023,621398,62,105
2025,SCIAN 2023,464112,46,105
2025,SCIAN 2023,461211,46,102
2025,SCIAN 2023,811430,81,100
2025,SCIAN 2023,813230,81,100
2025,SCIAN 2023,811420,81,98
2025,SCIAN 2023,713120,71,97
2025,SCIAN 2023,466114,46,97
2025,SCIAN 2023,463113,46,96
2025,SCIAN 2023,468311,46,90
2025,SCIAN 2023,811312,81,90
2025,SCIAN 2023,811211,81,89
2025,SCIAN 2023,463216,46,88
2025,SCIAN 2023,621341,62,86
2025,SCIAN 2023,611171,61,86
2025,SCIAN 2023,532282,53,83
2025,SCIAN 2023,541920,54,83
2025,SCIAN 2023,467112,46,82
2025,SCIAN 2023,811199,81,80
2025,SCIAN 2023,466112,46,79
2025,SCIAN 2023,468411,46,79
2025,SCIAN 2023,624411,62,77
2025,SCIAN 2023,531210,53,77
2025,SCIAN 2023,465919,46,76
2025,SCIAN 2023,468112,46,73
2025,SCIAN 2023,812990,81,73
2025,SCIAN 2023,492110,49,71
2025,SCIAN 2023,621320,62,69
2025,SCIAN 2023,541430,54,68
2025,SCIAN 2023,813120,81,68
2025,SCIAN 2023,611611,61,67
2025,SCIAN 2023,465313,46,67
2025,SCIAN 2023,468213,46,67
2025,SCIAN 2023,611311,61,67
2025,SCIAN 2023,721112,72,66
2025,SCIAN 2023,468212,46,65
2025,SCIAN 2023,466211,46,64
2025,SCIAN 2023,485111,48,64
2025,SCIAN 2023,461213,46,61
2025,SCIAN 2023,611111,61,59
2025,SCIAN 2023,811493,81,58
2025,SCIAN 2023,541120,54,57
2025,SCIAN 2023,812130,81,56
2025,SCIAN 2023,467117,46,55
2025,SCIAN 2023,466319,46,54
2025,SCIAN 2023,522460,52,52
2025,SCIAN 2023,721111,72,51
2025,SCIAN 2023,811114,81,50
2025,SCIAN 2023,524210,52,50
2025,SCIAN 2023,811115,81,50
2025,SCIAN 2023,811116,81,50
2025,SCIAN 2023,522452,52,48
2025,SCIAN 2023,463112,46,46
2025,SCIAN 2023,466311,46,45
2025,SCIAN 2023,532411,53,45
2025,SCIAN 2023,468111,46,45
2025,SCIAN 2023,611511,61,43
2025,SCIAN 2023,611172,61,43
2025,SCIAN 2023,811129,81,42
2025,SCIAN 2023,541310,54,42
2025,SCIAN 2023,611691,61,42
2025,SCIAN 2023,621115,62,42
2025,SCIAN 2023,463212,46,41
2025,SCIAN 2023,462111,46,41
2025,SCIAN 2023,541610,54,39
2025,SCIAN 2023,621311,62,39
2025,SCIAN 2023,721113,72,38
2025,SCIAN 2023,522320,52,38
2025,SCIAN 2023,611312,61,37
2025,SCIAN 2023,611132,61,37
2025,SCIAN 2023,611121,61,37
2025,SCIAN 2023,541190,54,35
2025,SCIAN 2023,465913,46,35
2025,SCIAN 2023,611161,61,35
2025,SCIAN 2023,485210,48,35
2025,SCIAN 2023,623221,62,34
2025,SCIAN 2023,465216,46,33
2025,SCIAN 2023,517311,51,32
2025,SCIAN 2023,463217,46,31
2025,SCIAN 2023,813110,81,31
2025,SCIAN 2023,622111,62,31
2025,SCIAN 2023,812310,81,30
2025,SCIAN 2023,465312,46,30
2025,SCIAN 2023,611162,61,29
2025,SCIAN 2023,463111,46,28
2025,SCIAN 2023,541810,54,28
2025,SCIAN 2023,532281,53,27
2025,SCIAN 2023,531311,53,27
2025,SCIAN 2023,623992,62,26
2025,SCIAN 2023,811122,81,26
2025,SCIAN 2023,713991,71,26
2025,SCIAN 2023,541330,54,26
2025,SCIAN 2023,531114,53,26
2025,SCIAN 2023,811314,81,25
2025,SCIAN 2023,522490,52,24
2025,SCIAN 2023,611698,61,24
2025,SCIAN 2023,532310,53,24
2025,SCIAN 2023,462210,46,24
2025,SCIAN 2023,465213,46,24
2025,SCIAN 2023,541890,54,24
2025,SCIAN 2023,611631,61,24
2025,SCIAN 2023,468419,46,23
2025,SCIAN 2023,561610,56,23
2025,SCIAN 2023,611142,61,23
2025,SCIAN 2023,465211,46,22
2025,SCIAN 2023,464122,46,22
2025,SCIAN 2023,811113,81,22
2025,SCIAN 2023,621116,62,21
2025,SCIAN 2023,611512,61,21
2025,SCIAN 2023,463218,46,21
2025,SCIAN 2023,621421,62,21
2025,SCIAN 2023,624412,62,20
2025,SCIAN 2023,517312,51,20
2025,SCIAN 2023,468412,46,19
2025,SCIAN 2023,517910,51,19
2025,SCIAN 2023,713291,71,19
2025,SCIAN 2023,713998,71,19
2025,SCIAN 2023,623311,62,19
2025,SCIAN 2023,461220,46,19
2025,SCIAN 2023,523122,52,19
2025,SCIAN 2023,531319,53,18
2025,SCIAN 2023,484129,48,18
2025,SCIAN 2023,713944,71,18
2025,SCIAN 2023,541510,54,17
2025,SCIAN 2023,722320,72,17
2025,SCIAN 2023,711311,71,16
2025,SCIAN 2023,624112,62,15
2025,SCIAN 2023,532493,53,15
2025,SCIAN 2023,561620,56,15
2025,SCIAN 2023,561110,56,15
2025,SCIAN 2023,524110,52,14
2025,SCIAN 2023,711312,71,13
2025,SCIAN 2023,622112,62,13
2025,SCIAN 2023,532492,53,13
2025,SCIAN 2023,512130,51,12
2025,SCIAN 2023,519212,51,12
2025,SCIAN 2023,516110,51,12
2025,SCIAN 2023,611182,61,12
2025,SCIAN 2023,541340,54,12
2025,SCIAN 2023,467116,46,12
2025,SCIAN 2023,712112,71,12
2025,SCIAN 2023,469110,46,11
2025,SCIAN 2023,722411,72,11
2025,SCIAN 2023,611181,61,11
2025,SCIAN 2023,621491,62,11
2025,SCIAN 2023,622311,62,11
2025,SCIAN 2023,621112,62,11
2025,SCIAN 2023,611131,61,10
2025,SCIAN 2023,624199,62,10
2025,SCIAN 2023,466314,46,10
2025,SCIAN 2023,721311,72,10
2025,SCIAN 2023,491110,49,9
2025,SCIAN 2023,812910,81,9
2025,SCIAN 2023,541690,54,9
2025,SCIAN 2023,624212,62,9
2025,SCIAN 2023,541410,54,9
2025,SCIAN 2023,811311,81,8
2025,SCIAN 2023,623991,62,8
2025,SCIAN 2023,492210,49,8
2025,SCIAN 2023,811313,81,7
2025,SCIAN 2023,466313,46,7
2025,SCIAN 2023,485510,48,7
2025,SCIAN 2023,711510,71,7
2025,SCIAN 2023,561720,56,7
2025,SCIAN 2023,561440,56,7
2025,SCIAN 2023,561990,56,7
2025,SCIAN 2023,532110,53,7
2025,SCIAN 2023,541620,54,7
2025,SCIAN 2023,813130,81,7
2025,SCIAN 2023,488519,48,7
2025,SCIAN 2023,561710,56,7
2025,SCIAN 2023,524220,52,7
2025,SCIAN 2023,561422,56,6
2025,SCIAN 2023,522440,52,6
2025,SCIAN 2023,519211,51,6
2025,SCIAN 2023,541490,54,6
2025,SCIAN 2023,468413,46,6
2025,SCIAN 2023,812322,81,6
2025,SCIAN 2023,561330,56,6
2025,SCIAN 2023,531112,53,6
2025,SCIAN 2023,721190,72,6
2025,SCIAN 2023,713992,71,6
2025,SCIAN 2023,484229,48,6
2025,SCIAN 2023,623111,62,6
2025,SCIAN 2023,488410,48,6
2025,SCIAN 2023,513112,51,6
2025,SCIAN 2023,531115,53,5
2025,SCIAN 2023,487110,48,5
2025,SCIAN 2023,624111,62,5
2025,SCIAN 2023,722330,72,5
2025,SCIAN 2023,713112,71,5
2025,SCIAN 2023,466113,46,5
2025,SCIAN 2023,713941,71,5
2025,SCIAN 2023,484210,48,5
2025,SCIAN 2023,624198,62,5
2025,SCIAN 2023,611612,61,5
2025,SCIAN 2023,516120,51,4
2025,SCIAN 2023,711111,71,4
2025,SCIAN 2023,541850,54,4
2025,SCIAN 2023,532289,53,4
2025,SCIAN 2023,621332,62,4
2025,SCIAN 2023,621910,62,4
2025,SCIAN 2023,522220,52,4
2025,SCIAN 2023,541380,54,4
2025,SCIAN 2023,561520,56,4
2025,SCIAN 2023,541219,54,4
2025,SCIAN 2023,541370,54,4
2025,SCIAN 2023,611211,61,4
2025,SCIAN 2023,484221,48,3
2025,SCIAN 2023,812120,81,3
2025,SCIAN 2023,713113,71,3
2025,SCIAN 2023,713111,71,3
2025,SCIAN 2023,713299,71,3
2025,SCIAN 2023,712132,71,3
2025,SCIAN 2023,624312,62,3
2025,SCIAN 2023,711131,71,3
2025,SCIAN 2023,611421,61,3
2025,SCIAN 2023,522451,52,3
2025,SCIAN 2023,522390,52,3
2025,SCIAN 2023,516210,51,3
2025,SCIAN 2023,621411,62,3
2025,SCIAN 2023,623211,62,3
2025,SCIAN 2023,624122,62,3
2025,SCIAN 2023,513111,51,3
2025,SCIAN 2023,488990,48,3
2025,SCIAN 2023,611699,61,3
2025,SCIAN 2023,611151,61,3
2025,SCIAN 2023,562121,56,3
2025,SCIAN 2023,561740,56,3
2025,SCIAN 2023,561790,56,3
2025,SCIAN 2023,541712,54,3
2025,SCIAN 2023,541711,54,3
2025,SCIAN 2023,561210,56,3
2025,SCIAN 2023,561310,56,3
2025,SCIAN 2023,812321,81,2
2025,SCIAN 2023,531119,53,2
2025,SCIAN 2023,541942,54,2
2025,SCIAN 2023,561320,56,2
2025,SCIAN 2023,561920,56,2
2025,SCIAN 2023,611212,61,2
2025,SCIAN 2023,611431,61,2
2025,SCIAN 2023,611411,61,2
2025,SCIAN 2023,532420,53,2
2025,SCIAN 2023,562221,56,2
2025,SCIAN 2023,518210,51,2
2025,SCIAN 2023,722310,72,2
2025,SCIAN 2023,465214,46,2
2025,SCIAN 2023,713942,71,2
2025,SCIAN 2023,485990,48,2
2025,SCIAN 2023,484232,48,2
2025,SCIAN 2023,485320,48,2
2025,SCIAN 2023,624121,62,2
2025,SCIAN 2023,624221,62,2
2025,SCIAN 2023,468414,46,2
2025,SCIAN 2023,712111,71,2
2025,SCIAN 2023,484239,48,2
2025,SCIAN 2023,621342,62,2
2025,SCIAN 2023,622211,62,2
2025,SCIAN 2023,493190,49,2
2025,SCIAN 2023,513132,51,2
2025,SCIAN 2023,531111,53,1
2025,SCIAN 2023,523990,52,1
2025,SCIAN 2023,523910,52,1
2025,SCIAN 2023,517410,51,1
2025,SCIAN 2023,562911,56,1
2025,SCIAN 2023,562998,56,1
2025,SCIAN 2023,611152,61,1
2025,SCIAN 2023,532210,53,1
2025,SCIAN 2023,532121,53,1
2025,SCIAN 2023,532491,53,1
2025,SCIAN 2023,561421,56,1
2025,SCIAN 2023,561730,56,1
2025,SCIAN 2023,541320,54,1
2025,SCIAN 2023,541350,54,1
2025,SCIAN 2023,562111,56,1
2025,SCIAN 2023,562122,56,1
2025,SCIAN 2023,813140,81,1
2025,SCIAN 2023,541840,54,1
2025,SCIAN 2023,541820,54,1
2025,SCIAN 2023,541943,54,1
2025,SCIAN 2023,541930,54,1
2025,SCIAN 2023,561590,56,1
2025,SCIAN 2023,621992,62,1
2025,SCIAN 2023,621991,62,1
2025,SCIAN 2023,621512,62,1
2025,SCIAN 2023,622212,62,1
2025,SCIAN 2023,623312,62,1
2025,SCIAN 2023,623112,62,1
2025,SCIAN 2023,622312,62,1
2025,SCIAN 2023,513131,51,1
2025,SCIAN 2023,512113,51,1
2025,SCIAN 2023,611622,61,1
2025,SCIAN 2023,611632,61,1
2025,SCIAN 2023,488493,48,1
2025,SCIAN 2023,488511,48,1
2025,SCIAN 2023,512112,51,1
2025,SCIAN 2023,711410,71,1
2025,SCIAN 2023,484233,48,1
2025,SCIAN 2023,484222,48,1
2025,SCIAN 2023,711121,71,1
2025,SCIAN 2023,711212,71,1
2025,SCIAN 2023,481111,48,1
2025,SCIAN 2023,481210,48,1
2025,SCIAN 2023,482110,48,1
2025,SCIAN 2023,624311,62,1
2025,SCIAN 2023,711132,71,1
2025,SCIAN 2023,488491,48,1
2025,SCIAN 2023,488492,48,1
2025,SCIAN 2023,624211,62,1
2025,SCIAN 2023,624222,62,1
2025,SCIAN 2023,488190,48,1
2025,SCIAN 2023,513210,51,1
2025,SCIAN 2023,621212,62,1
2025,SCIAN 2023,621492,62,1
2025,SCIAN 2023,712131,71,1
2025,SCIAN 2023,713114,71,1
2025,SCIAN 2023,713910,71,1
2025,SCIAN 2023,713950,71,1
2025,SCIAN 2023,721210,72,1
2025,SCIAN 2023,811123,81,1
2026,SCIAN 2023,461110,46,4142
2026,SCIAN 2023,812110,81,3218
2026,SCIAN 2023,463211,46,1628
2026,SCIAN 2023,722514,72,1505
2026,SCIAN 2023,621211,62,1384
2026,SCIAN 2023,722513,72,1228
2026,SCIAN 2023,465311,46,977
2026,SCIAN 2023,811111,81,924
2026,SCIAN 2023,461130,46,895
2026,SCIAN 2023,722515,72,845
2026,SCIAN 2023,722517,72,762
2026,SCIAN 2023,722511,72,750
2026,SCIAN 2023,467115,46,743
2026,SCIAN 2023,621113,62,729
2026,SCIAN 2023,467111,46,676
2026,SCIAN 2023,464111,46,602
2026,SCIAN 2023,722519,72,574
2026,SCIAN 2023,722518,72,545
2026,SCIAN 2023,461121,46,522
2026,SCIAN 2023,466410,46,488
2026,SCIAN 2023,813210,81,483
2026,SCIAN 2023,461122,46,465
2026,SCIAN 2023,465912,46,428
2026,SCIAN 2023,811121,81,410
2026,SCIAN 2023,466212,46,406
2026,SCIAN 2023,812210,81,404
2026,SCIAN 2023,466312,46,400
2026,SCIAN 2023,461160,46,392
2026,SCIAN 2023,621111,62,392
2026,SCIAN 2023,468211,46,389
2026,SCIAN 2023,531113,53,381
2026,SCIAN 2023,465111,46,350
2026,SCIAN 2023,463310,46,350
2026,SCIAN 2023,541110,54,350
2026,SCIAN 2023,561510,56,343
2026,SCIAN 2023,713943,71,341
2026,SCIAN 2023,461212,46,325
2026,SCIAN 2023,811499,81,316
2026,SCIAN 2023,461190,46,302
2026,SCIAN 2023,722412,72,274
2026,SCIAN 2023,611122,61,268
2026,SCIAN 2023,461170,46,268
2026,SCIAN 2023,465215,46,266
2026,SCIAN 2023,462112,46,265
2026,SCIAN 2023,811219,81,252
2026,SCIAN 2023,811192,81,249
2026,SCIAN 2023,467114,46,247
2026,SCIAN 2023,621511,62,245
2026,SCIAN 2023,722512,72,237
2026,SCIAN 2023,463215,46,234
2026,SCIAN 2023,464113,46,229
2026,SCIAN 2023,461150,46,229
2026,SCIAN 2023,541211,54,226
2026,SCIAN 2023,541941,54,218
2026,SCIAN 2023,812410,81,211
2026,SCIAN 2023,811191,81,209
2026,SCIAN 2023,464121,46,208
2026,SCIAN 2023,621331,62,203
2026,SCIAN 2023,467113,46,202
2026,SCIAN 2023,811112,81,198
2026,SCIAN 2023,461140,46,190
2026,SCIAN 2023,611112,61,189
2026,SCIAN 2023,466111,46,179
2026,SCIAN 2023,465915,46,179
2026,SCIAN 2023,465112,46,176
2026,SCIAN 2023,624191,62,170
2026,SCIAN 2023,561432,56,153
2026,SCIAN 2023,465911,46,153
2026,SCIAN 2023,465212,46,152
2026,SCIAN 2023,811491,81,147
2026,SCIAN 2023,722516,72,144
2026,SCIAN 2023,461123,46,131
2026,SCIAN 2023,611621,61,129
2026,SCIAN 2023,811492,81,126
2026,SCIAN 2023,811119,81,126
2026,SCIAN 2023,463213,46,122
2026,SCIAN 2023,621391,62,122
2026,SCIAN 2023,811410,81,121
2026,SCIAN 2023,465914,46,119
2026,SCIAN 2023,522110,52,118
2026,SCIAN 2023,463214,46,117
2026,SCIAN 2023,464112,46,116
2026,SCIAN 2023,561431,56,115
2026,SCIAN 2023,621398,62,115
2026,SCIAN 2023,468420,46,106
2026,SCIAN 2023,466114,46,104
2026,SCIAN 2023,813230,81,103
2026,SCIAN 2023,461211,46,103
2026,SCIAN 2023,811430,81,100
2026,SCIAN 2023,811420,81,98
2026,SCIAN 2023,621341,62,97
2026,SCIAN 2023,463113,46,97
2026,SCIAN 2023,713120,71,96
2026,SCIAN 2023,468311,46,92
2026,SCIAN 2023,811312,81,92
2026,SCIAN 2023,463216,46,91
2026,SCIAN 2023,811211,81,90
2026,SCIAN 2023,467112,46,86
2026,SCIAN 2023,611171,61,86
2026,SCIAN 2023,468411,46,84
2026,SCIAN 2023,532282,53,84
2026,SCIAN 2023,541920,54,83
2026,SCIAN 2023,624411,62,82
2026,SCIAN 2023,531210,53,81
2026,SCIAN 2023,466112,46,81
2026,SCIAN 2023,811199,81,80
2026,SCIAN 2023,465919,46,76
2026,SCIAN 2023,468112,46,75
2026,SCIAN 2023,812990,81,73
2026,SCIAN 2023,611311,61,72
2026,SCIAN 2023,621320,62,70
2026,SCIAN 2023,485111,48,70
2026,SCIAN 2023,813120,81,70
2026,SCIAN 2023,611611,61,70
2026,SCIAN 2023,541430,54,69
2026,SCIAN 2023,468213,46,68
2026,SCIAN 2023,492110,49,68
2026,SCIAN 2023,465313,46,67
2026,SCIAN 2023,721112,72,66
2026,SCIAN 2023,468212,46,65
2026,SCIAN 2023,466211,46,65
2026,SCIAN 2023,522460,52,63
2026,SCIAN 2023,461213,46,62
2026,SCIAN 2023,721111,72,60
2026,SCIAN 2023,466319,46,60
2026,SCIAN 2023,811493,81,59
2026,SCIAN 2023,541120,54,57
2026,SCIAN 2023,812130,81,56
2026,SCIAN 2023,611111,61,56
2026,SCIAN 2023,522452,52,56
2026,SCIAN 2023,467117,46,56
2026,SCIAN 2023,524210,52,53
2026,SCIAN 2023,811116,81,51
2026,SCIAN 2023,517311,51,51
2026,SCIAN 2023,811114,81,50
2026,SCIAN 2023,811115,81,50
2026,SCIAN 2023,532411,53,46
2026,SCIAN 2023,468111,46,46
2026,SCIAN 2023,463112,46,46
2026,SCIAN 2023,466311,46,45
2026,SCIAN 2023,611691,61,44
2026,SCIAN 2023,621311,62,43
2026,SCIAN 2023,621115,62,43
2026,SCIAN 2023,611172,61,43
2026,SCIAN 2023,611511,61,43
2026,SCIAN 2023,463212,46,42
2026,SCIAN 2023,541310,54,42
2026,SCIAN 2023,811129,81,42
2026,SCIAN 2023,485210,48,42
2026,SCIAN 2023,541610,54,41
2026,SCIAN 2023,522320,52,40
2026,SCIAN 2023,721113,72,38
2026,SCIAN 2023,611312,61,38
2026,SCIAN 2023,611121,61,37
2026,SCIAN 2023,611132,61,37
2026,SCIAN 2023,462111,46,36
2026,SCIAN 2023,611161,61,36
2026,SCIAN 2023,465913,46,35
2026,SCIAN 2023,541190,54,35
2026,SCIAN 2023,465216,46,34
2026,SCIAN 2023,622111,62,33
2026,SCIAN 2023,813110,81,31
2026,SCIAN 2023,465312,46,31
2026,SCIAN 2023,463217,46,31
2026,SCIAN 2023,623221,62,31
2026,SCIAN 2023,463111,46,30
2026,SCIAN 2023,812310,81,30
2026,SCIAN 2023,611162,61,29
2026,SCIAN 2023,541810,54,28
2026,SCIAN 2023,541330,54,27
2026,SCIAN 2023,531114,53,27
2026,SCIAN 2023,532281,53,27
2026,SCIAN 2023,531311,53,27
2026,SCIAN 2023,811122,81,27
2026,SCIAN 2023,713991,71,26
2026,SCIAN 2023,611631,61,26
2026,SCIAN 2023,522490,52,26
2026,SCIAN 2023,623992,62,26
2026,SCIAN 2023,484129,48,25
2026,SCIAN 2023,811314,81,25
2026,SCIAN 2023,561610,56,24
2026,SCIAN 2023,541890,54,24
2026,SCIAN 2023,524110,52,24
2026,SCIAN 2023,532310,53,24
2026,SCIAN 2023,465213,46,24
2026,SCIAN 2023,611698,61,24
2026,SCIAN 2023,468419,46,23
2026,SCIAN 2023,462210,46,23
2026,SCIAN 2023,464122,46,23
2026,SCIAN 2023,465211,46,22
2026,SCIAN 2023,517910,51,22
2026,SCIAN 2023,621421,62,22
2026,SCIAN 2023,811113,81,22
2026,SCIAN 2023,611142,61,22
2026,SCIAN 2023,624412,62,21
2026,SCIAN 2023,621116,62,21
2026,SCIAN 2023,523122,52,21
2026,SCIAN 2023,463218,46,21
2026,SCIAN 2023,623311,62,20
2026,SCIAN 2023,611512,61,20
2026,SCIAN 2023,713944,71,19
2026,SCIAN 2023,713998,71,19
2026,SCIAN 2023,713291,71,19
2026,SCIAN 2023,492210,49,19
2026,SCIAN 2023,517312,51,19
2026,SCIAN 2023,468412,46,19
2026,SCIAN 2023,461220,46,19
2026,SCIAN 2023,522451,52,19
2026,SCIAN 2023,531319,53,18
2026,SCIAN 2023,541510,54,18
2026,SCIAN 2023,722320,72,18
2026,SCIAN 2023,532493,53,16
2026,SCIAN 2023,624112,62,16
2026,SCIAN 2023,711311,71,16
2026,SCIAN 2023,561620,56,16
2026,SCIAN 2023,561110,56,14
2026,SCIAN 2023,711312,71,13
2026,SCIAN 2023,622112,62,13
2026,SCIAN 2023,532492,53,13
2026,SCIAN 2023,512130,51,13
2026,SCIAN 2023,541340,54,13
2026,SCIAN 2023,491110,49,12
2026,SCIAN 2023,516110,51,12
2026,SCIAN 2023,519212,51,12
2026,SCIAN 2023,712112,71,12
2026,SCIAN 2023,611182,61,12
2026,SCIAN 2023,722411,72,11
2026,SCIAN 2023,622311,62,11
2026,SCIAN 2023,469110,46,11
2026,SCIAN 2023,621491,62,11
2026,SCIAN 2023,621112,62,11
2026,SCIAN 2023,624212,62,10
2026,SCIAN 2023,721311,72,10
2026,SCIAN 2023,611131,61,10
2026,SCIAN 2023,611181,61,10
2026,SCIAN 2023,466314,46,10
2026,SCIAN 2023,624199,62,10
2026,SCIAN 2023,812910,81,9
2026,SCIAN 2023,541690,54,9
2026,SCIAN 2023,541410,54,9
2026,SCIAN 2023,811311,81,8
2026,SCIAN 2023,561440,56,8
2026,SCIAN 2023,623991,62,8
2026,SCIAN 2023,524220,52,8
2026,SCIAN 2023,813130,81,8
2026,SCIAN 2023,485510,48,8
2026,SCIAN 2023,488519,48,8
2026,SCIAN 2023,611612,61,7
2026,SCIAN 2023,711510,71,7
2026,SCIAN 2023,811313,81,7
2026,SCIAN 2023,561422,56,7
2026,SCIAN 2023,541620,54,7
2026,SCIAN 2023,561990,56,7
2026,SCIAN 2023,561720,56,7
2026,SCIAN 2023,561710,56,7
2026,SCIAN 2023,522440,52,7
2026,SCIAN 2023,532110,53,7
2026,SCIAN 2023,522210,52,7
2026,SCIAN 2023,522220,52,7
2026,SCIAN 2023,484229,48,7
2026,SCIAN 2023,487110,48,7
2026,SCIAN 2023,713992,71,6
2026,SCIAN 2023,721190,72,6
2026,SCIAN 2023,531112,53,6
2026,SCIAN 2023,516210,51,6
2026,SCIAN 2023,468413,46,6
2026,SCIAN 2023,488410,48,6
2026,SCIAN 2023,513112,51,6
2026,SCIAN 2023,623111,62,6
2026,SCIAN 2023,812322,81,6
2026,SCIAN 2023,531115,53,6
2026,SCIAN 2023,541490,54,6
2026,SCIAN 2023,519211,51,6
2026,SCIAN 2023,722330,72,5
2026,SCIAN 2023,541380,54,5
2026,SCIAN 2023,541370,54,5
2026,SCIAN 2023,713112,71,5
2026,SCIAN 2023,713941,71,5
2026,SCIAN 2023,532289,53,5
2026,SCIAN 2023,561330,56,5
2026,SCIAN 2023,624111,62,5
2026,SCIAN 2023,624198,62,5
2026,SCIAN 2023,561520,56,5
2026,SCIAN 2023,711111,71,4
2026,SCIAN 2023,516120,51,4
2026,SCIAN 2023,468414,46,4
2026,SCIAN 2023,621910,62,4
2026,SCIAN 2023,488990,48,4
2026,SCIAN 2023,623211,62,4
2026,SCIAN 2023,484210,48,4
2026,SCIAN 2023,611211,61,4
2026,SCIAN 2023,621332,62,4
2026,SCIAN 2023,541850,54,4
2026,SCIAN 2023,466313,46,4
2026,SCIAN 2023,524130,52,4
2026,SCIAN 2023,541219,54,4
2026,SCIAN 2023,812120,81,3
2026,SCIAN 2023,541711,54,3
2026,SCIAN 2023,541712,54,3
2026,SCIAN 2023,466113,46,3
2026,SCIAN 2023,611151,61,3
2026,SCIAN 2023,562121,56,3
2026,SCIAN 2023,561310,56,3
2026,SCIAN 2023,523110,52,3
2026,SCIAN 2023,522390,52,3
2026,SCIAN 2023,561210,56,3
2026,SCIAN 2023,611421,61,3
2026,SCIAN 2023,561740,56,3
2026,SCIAN 2023,624122,62,3
2026,SCIAN 2023,513111,51,3
2026,SCIAN 2023,713299,71,3
2026,SCIAN 2023,485320,48,3
2026,SCIAN 2023,713113,71,3
2026,SCIAN 2023,722310,72,3
2026,SCIAN 2023,624312,62,3
2026,SCIAN 2023,711131,71,3
2026,SCIAN 2023,713111,71,3
2026,SCIAN 2023,712132,71,3
2026,SCIAN 2023,611699,61,3
2026,SCIAN 2023,493190,49,3
2026,SCIAN 2023,621411,62,3
2026,SCIAN 2023,484221,48,3
2026,SCIAN 2023,611431,61,3
2026,SCIAN 2023,562221,56,2
2026,SCIAN 2023,611411,61,2
2026,SCIAN 2023,523121,52,2
2026,SCIAN 2023,484232,48,2
2026,SCIAN 2023,518210,51,2
2026,SCIAN 2023,624221,62,2
2026,SCIAN 2023,624121,62,2
2026,SCIAN 2023,467116,46,2
2026,SCIAN 2023,481111,48,2
2026,SCIAN 2023,484239,48,2
2026,SCIAN 2023,485990,48,2
2026,SCIAN 2023,713942,71,2
2026,SCIAN 2023,488491,48,2
2026,SCIAN 2023,713910,71,2
2026,SCIAN 2023,712111,71,2
2026,SCIAN 2023,513131,51,2
2026,SCIAN 2023,621342,62,2
2026,SCIAN 2023,622211,62,2
2026,SCIAN 2023,488492,48,2
2026,SCIAN 2023,561320,56,2
2026,SCIAN 2023,611212,61,2
2026,SCIAN 2023,561790,56,2
2026,SCIAN 2023,561730,56,2
2026,SCIAN 2023,561920,56,2
2026,SCIAN 2023,541942,54,2
2026,SCIAN 2023,523910,52,2
2026,SCIAN 2023,812321,81,2
2026,SCIAN 2023,532420,53,2
2026,SCIAN 2023,465214,46,2
2026,SCIAN 2023,531119,53,2
2026,SCIAN 2023,513132,51,2
2026,SCIAN 2023,562122,56,1
2026,SCIAN 2023,562911,56,1
2026,SCIAN 2023,562998,56,1
2026,SCIAN 2023,562111,56,1
2026,SCIAN 2023,561421,56,1
2026,SCIAN 2023,523990,52,1
2026,SCIAN 2023,541943,54,1
2026,SCIAN 2023,541820,54,1
2026,SCIAN 2023,541840,54,1
2026,SCIAN 2023,611152,61,1
2026,SCIAN 2023,561590,56,1
2026,SCIAN 2023,541350,54,1
2026,SCIAN 2023,541360,54,1
2026,SCIAN 2023,532491,53,1
2026,SCIAN 2023,541320,54,1
2026,SCIAN 2023,532210,53,1
2026,SCIAN 2023,811123,81,1
2026,SCIAN 2023,532121,53,1
2026,SCIAN 2023,531111,53,1
2026,SCIAN 2023,541930,54,1
2026,SCIAN 2023,482110,48,1
2026,SCIAN 2023,481210,48,1
2026,SCIAN 2023,484222,48,1
2026,SCIAN 2023,484119,48,1
2026,SCIAN 2023,621212,62,1
2026,SCIAN 2023,624211,62,1
2026,SCIAN 2023,623312,62,1
2026,SCIAN 2023,493119,49,1
2026,SCIAN 2023,512113,51,1
2026,SCIAN 2023,512290,51,1
2026,SCIAN 2023,513121,51,1
2026,SCIAN 2023,623112,62,1
2026,SCIAN 2023,512112,51,1
2026,SCIAN 2023,621991,62,1
2026,SCIAN 2023,621992,62,1
2026,SCIAN 2023,622212,62,1
2026,SCIAN 2023,488190,48,1
2026,SCIAN 2023,622312,62,1
2026,SCIAN 2023,488493,48,1
2026,SCIAN 2023,488511,48,1
2026,SCIAN 2023,611632,61,1
2026,SCIAN 2023,611622,61,1
2026,SCIAN 2023,611422,61,1
2026,SCIAN 2023,621512,62,1
2026,SCIAN 2023,513210,51,1
2026,SCIAN 2023,621610,62,1
2026,SCIAN 2023,621492,62,1
2026,SCIAN 2023,517410,51,1
2026,SCIAN 2023,713950,71,1
2026,SCIAN 2023,712131,71,1
2026,SCIAN 2023,624311,62,1
2026,SCIAN 2023,711410,71,1
2026,SCIAN 2023,721210,72,1
2026,SCIAN 2023,711121,71,1
2026,SCIAN 2023,624222,62,1
2026,SCIAN 2023,711132,71,1
2026,SCIAN 2023,484233,48,1
2026,SCIAN 2023,813140,81,1
