Version_SCIAN,SCIAN_original,Sector,Nodo,Unidad_homologada,Familia,Tipo_unidad,Sectores_componente,Regla_calculo,Observacion_metodologica
SCIAN 2007,461110,46,SCIAN 2007::461110,FL01,FL01,Familia compleja resuelta,46,SUMA_DIRECTA,Familia equivalente al sector 46 observado; validación exacta 16/16 años
SCIAN 2007,461121,46,SCIAN 2007::461121,FL01,FL01,Familia compleja resuelta,46,SUMA_DIRECTA,Familia equivalente al sector 46 observado; validación exacta 16/16 años
SCIAN 2007,461122,46,SCIAN 2007::461122,FL01,FL01,Familia compleja resuelta,46,SUMA_DIRECTA,Familia equivalente al sector 46 observado; validación exacta 16/16 años
SCIAN 2007,461123,46,SCIAN 2007::461123,FL01,FL01,Familia compleja resuelta,46,SUMA_DIRECTA,Familia equivalente al sector 46 observado; validación exacta 16/16 años
SCIAN 2007,461130,46,SCIAN 2007::461130,FL01,FL01,Familia compleja resuelta,46,SUMA_DIRECTA,Familia equivalente al sector 46 observado; validación exacta 16/16 años
SCIAN 2007,461140,46,SCIAN 2007::461140,FL01,FL01,Familia compleja resuelta,46,SUMA_DIRECTA,Familia equivalente al sector 46 observado; validación exacta 16/16 años
SCIAN 2007,461150,46,SCIAN 2007::461150,FL01,FL01,Familia compleja resuelta,46,SUMA_DIRECTA,Familia equivalente al sector 46 observado; validación exacta 16/16 años
SCIAN 2007,461160,46,SCIAN 2007::461160,FL01,FL01,Familia compleja resuelta,46,SUMA_DIRECTA,Familia equivalente al sector 46 observado; validación exacta 16/16 años
SCIAN 2007,461170,46,SCIAN 2007::461170,FL01,FL01,Familia compleja resuelta,46,SUMA_DIRECTA,Familia equivalente al sector 46 observado; validación exacta 16/16 años
SCIAN 2007,461190,46,SCIAN 2007::461190,FL01,FL01,Familia compleja resuelta,46,SUMA_DIRECTA,Familia equivalente al sector 46 observado; validación exacta 16/16 años
SCIAN 2007,461211,46,SCIAN 2007::461211,FL01,FL01,Familia compleja resuelta,46,SUMA_DIRECTA,Familia equivalente al sector 46 observado; validación exacta 16/16 años
SCIAN 2007,461212,46,SCIAN 2007::461212,FL01,FL01,Familia compleja resuelta,46,SUMA_DIRECTA,Familia equivalente al sector 46 observado; validación exacta 16/16 años
SCIAN 2007,461213,46,SCIAN 2007::461213,FL01,FL01,Familia compleja resuelta,46,SUMA_DIRECTA,Familia equivalente al sector 46 observado; validación exacta 16/16 años
SCIAN 2007,462111,46,SCIAN 2007::462111,FL01,FL01,Familia compleja resuelta,46,SUMA_DIRECTA,Familia equivalente al sector 46 observado; validación exacta 16/16 años
SCIAN 2007,462112,46,SCIAN 2007::462112,FL01,FL01,Familia compleja resuelta,46,SUMA_DIRECTA,Familia equivalente al sector 46 observado; validación exacta 16/16 años
SCIAN 2007,462210,46,SCIAN 2007::462210,FL01,FL01,Familia compleja resuelta,46,SUMA_DIRECTA,Familia equivalente al sector 46 observado; validación exacta 16/16 años
SCIAN 2007,463111,46,SCIAN 2007::463111,FL01,FL01,Familia compleja resuelta,46,SUMA_DIRECTA,Familia equivalente al sector 46 observado; validación exacta 16/16 años
SCIAN 2007,463112,46,SCIAN 2007::463112,FL01,FL01,Familia compleja resuelta,46,SUMA_DIRECTA,Familia equivalente al sector 46 observado; validación exacta 16/16 años
SCIAN 2007,463113,46,SCIAN 2007::463113,FL01,FL01,Familia compleja resuelta,46,SUMA_DIRECTA,Familia equivalente al sector 46 observado; validación exacta 16/16 años
SCIAN 2007,463211,46,SCIAN 2007::463211,FL01,FL01,Familia compleja resuelta,46,SUMA_DIRECTA,Familia equivalente al sector 46 observado; validación exacta 16/16 años
SCIAN 2007,463212,46,SCIAN 2007::463212,FL01,FL01,Familia compleja resuelta,46,SUMA_DIRECTA,Familia equivalente al sector 46 observado; validación exacta 16/16 años
SCIAN 2007,463213,46,SCIAN 2007::463213,FL01,FL01,Familia compleja resuelta,46,SUMA_DIRECTA,Familia equivalente al sector 46 observado; validación exacta 16/16 años
SCIAN 2007,463214,46,SCIAN 2007::463214,FL01,FL01,Familia compleja resuelta,46,SUMA_DIRECTA,Familia equivalente al sector 46 observado; validación exacta 16/16 años
SCIAN 2007,463215,46,SCIAN 2007::463215,FL01,FL01,Familia compleja resuelta,46,SUMA_DIRECTA,Familia equivalente al sector 46 observado; validación exacta 16/16 años
SCIAN 2007,463216,46,SCIAN 2007::463216,FL01,FL01,Familia compleja resuelta,46,SUMA_DIRECTA,Familia equivalente al sector 46 observado; validación exacta 16/16 años
SCIAN 2007,463217,46,SCIAN 2007::463217,FL01,FL01,Familia compleja resuelta,46,SUMA_DIRECTA,Familia equivalente al sector 46 observado; validación exacta 16/16 años
SCIAN 2007,463218,46,SCIAN 2007::463218,FL01,FL01,Familia compleja resuelta,46,SUMA_DIRECTA,Familia equivalente al sector 46 observado; validación exacta 16/16 años
SCIAN 2007,463310,46,SCIAN 2007::463310,FL01,FL01,Familia compleja resuelta,46,SUMA_DIRECTA,Familia equivalente al sector 46 observado; validación exacta 16/16 años
SCIAN 2007,464111,46,SCIAN 2007::464111,FL01,FL01,Familia compleja resuelta,46,SUMA_DIRECTA,Familia equivalente al sector 46 observado; validación exacta 16/16 años
SCIAN 2007,464112,46,SCIAN 2007::464112,FL01,FL01,Familia compleja resuelta,46,SUMA_DIRECTA,Familia equivalente al sector 46 observado; validación exacta 16/16 años
SCIAN 2007,464113,46,SCIAN 2007::464113,FL01,FL01,Familia compleja resuelta,46,SUMA_DIRECTA,Familia equivalente al sector 46 observado; validación exacta 16/16 años
SCIAN 2007,464121,46,SCIAN 2007::464121,FL01,FL01,Familia compleja resuelta,46,SUMA_DIRECTA,Familia equivalente al sector 46 observado; validación exacta 16/16 años
SCIAN 2007,464122,46,SCIAN 2007::464122,FL01,FL01,Familia compleja resuelta,46,SUMA_DIRECTA,Familia equivalente al sector 46 observado; validación exacta 16/16 años
SCIAN 2007,465111,46,SCIAN 2007::465111,FL01,FL01,Familia compleja resuelta,46,SUMA_DIRECTA,Familia equivalente al sector 46 observado; validación exacta 16/16 años
SCIAN 2007,465112,46,SCIAN 2007::465112,FL01,FL01,Familia compleja resuelta,46,SUMA_DIRECTA,Familia equivalente al sector 46 observado; validación exacta 16/16 años
SCIAN 2007,465211,46,SCIAN 2007::465211,FL01,FL01,Familia compleja resuelta,46,SUMA_DIRECTA,Familia equivalente al sector 46 observado; validación exacta 16/16 años
SCIAN 2007,465212,46,SCIAN 2007::465212,FL01,FL01,Familia compleja resuelta,46,SUMA_DIRECTA,Familia equivalente al sector 46 observado; validación exacta 16/16 años
SCIAN 2007,465213,46,SCIAN 2007::465213,FL01,FL01,Familia compleja resuelta,46,SUMA_DIRECTA,Familia equivalente al sector 46 observado; validación exacta 16/16 años
SCIAN 2007,465214,46,SCIAN 2007::465214,FL01,FL01,Familia compleja resuelta,46,SUMA_DIRECTA,Familia equivalente al sector 46 observado; validación exacta 16/16 años
SCIAN 2007,465215,46,SCIAN 2007::465215,FL01,FL01,Familia compleja resuelta,46,SUMA_DIRECTA,Familia equivalente al sector 46 observado; validación exacta 16/16 años
SCIAN 2007,465216,46,SCIAN 2007::465216,FL01,FL01,Familia compleja resuelta,46,SUMA_DIRECTA,Familia equivalente al sector 46 observado; validación exacta 16/16 años
SCIAN 2007,465311,46,SCIAN 2007::465311,FL01,FL01,Familia compleja resuelta,46,SUMA_DIRECTA,Familia equivalente al sector 46 observado; validación exacta 16/16 años
SCIAN 2007,465312,46,SCIAN 2007::465312,FL01,FL01,Familia compleja resuelta,46,SUMA_DIRECTA,Familia equivalente al sector 46 observado; validación exacta 16/16 años
SCIAN 2007,465313,46,SCIAN 2007::465313,FL01,FL01,Familia compleja resuelta,46,SUMA_DIRECTA,Familia equivalente al sector 46 observado; validación exacta 16/16 años
SCIAN 2007,465911,46,SCIAN 2007::465911,FL01,FL01,Familia compleja resuelta,46,SUMA_DIRECTA,Familia equivalente al sector 46 observado; validación exacta 16/16 años
SCIAN 2007,465912,46,SCIAN 2007::465912,FL01,FL01,Familia compleja resuelta,46,SUMA_DIRECTA,Familia equivalente al sector 46 observado; validación exacta 16/16 años
SCIAN 2007,465913,46,SCIAN 2007::465913,FL01,FL01,Familia compleja resuelta,46,SUMA_DIRECTA,Familia equivalente al sector 46 observado; validación exacta 16/16 años
SCIAN 2007,465914,46,SCIAN 2007::465914,FL01,FL01,Familia compleja resuelta,46,SUMA_DIRECTA,Familia equivalente al sector 46 observado; validación exacta 16/16 años
SCIAN 2007,465919,46,SCIAN 2007::465919,FL01,FL01,Familia compleja resuelta,46,SUMA_DIRECTA,Familia equivalente al sector 46 observado; validación exacta 16/16 años
SCIAN 2007,466111,46,SCIAN 2007::466111,FL01,FL01,Familia compleja resuelta,46,SUMA_DIRECTA,Familia equivalente al sector 46 observado; validación exacta 16/16 años
SCIAN 2007,466112,46,SCIAN 2007::466112,FL01,FL01,Familia compleja resuelta,46,SUMA_DIRECTA,Familia equivalente al sector 46 observado; validación exacta 16/16 años
SCIAN 2007,466113,46,SCIAN 2007::466113,FL01,FL01,Familia compleja resuelta,46,SUMA_DIRECTA,Familia equivalente al sector 46 observado; validación exacta 16/16 años
SCIAN 2007,466114,46,SCIAN 2007::466114,FL01,FL01,Familia compleja resuelta,46,SUMA_DIRECTA,Familia equivalente al sector 46 observado; validación exacta 16/16 años
SCIAN 2007,466211,46,SCIAN 2007::466211,FL01,FL01,Familia compleja resuelta,46,SUMA_DIRECTA,Familia equivalente al sector 46 observado; validación exacta 16/16 años
SCIAN 2007,466212,46,SCIAN 2007::466212,FL01,FL01,Familia compleja resuelta,46,SUMA_DIRECTA,Familia equivalente al sector 46 observado; validación exacta 16/16 años
SCIAN 2007,466311,46,SCIAN 2007::466311,FL01,FL01,Familia compleja resuelta,46,SUMA_DIRECTA,Familia equivalente al sector 46 observado; validación exacta 16/16 años
SCIAN 2007,466312,46,SCIAN 2007::466312,FL01,FL01,Familia compleja resuelta,46,SUMA_DIRECTA,Familia equivalente al sector 46 observado; validación exacta 16/16 años
SCIAN 2007,466313,46,SCIAN 2007::466313,FL01,FL01,Familia compleja resuelta,46,SUMA_DIRECTA,Familia equivalente al sector 46 observado; validación exacta 16/16 años
SCIAN 2007,466314,46,SCIAN 2007::466314,FL01,FL01,Familia compleja resuelta,46,SUMA_DIRECTA,Familia equivalente al sector 46 observado; validación exacta 16/16 años
SCIAN 2007,466319,46,SCIAN 2007::466319,FL01,FL01,Familia compleja resuelta,46,SUMA_DIRECTA,Familia equivalente al sector 46 observado; validación exacta 16/16 años
SCIAN 2007,466410,46,SCIAN 2007::466410,FL01,FL01,Familia compleja resuelta,46,SUMA_DIRECTA,Familia equivalente al sector 46 observado; validación exacta 16/16 años
SCIAN 2007,467111,46,SCIAN 2007::467111,FL01,FL01,Familia compleja resuelta,46,SUMA_DIRECTA,Familia equivalente al sector 46 observado; validación exacta 16/16 años
SCIAN 2007,467112,46,SCIAN 2007::467112,FL01,FL01,Familia compleja resuelta,46,SUMA_DIRECTA,Familia equivalente al sector 46 observado; validación exacta 16/16 años
SCIAN 2007,467113,46,SCIAN 2007::467113,FL01,FL01,Familia compleja resuelta,46,SUMA_DIRECTA,Familia equivalente al sector 46 observado; validación exacta 16/16 años
SCIAN 2007,467114,46,SCIAN 2007::467114,FL01,FL01,Familia compleja resuelta,46,SUMA_DIRECTA,Familia equivalente al sector 46 observado; validación exacta 16/16 años
SCIAN 2007,467115,46,SCIAN 2007::467115,FL01,FL01,Familia compleja resuelta,46,SUMA_DIRECTA,Familia equivalente al sector 46 observado; validación exacta 16/16 años
SCIAN 2007,467116,46,SCIAN 2007::467116,FL01,FL01,Familia compleja resuelta,46,SUMA_DIRECTA,Familia equivalente al sector 46 observado; validación exacta 16/16 años
SCIAN 2007,467117,46,SCIAN 2007::467117,FL01,FL01,Familia compleja resuelta,46,SUMA_DIRECTA,Familia equivalente al sector 46 observado; validación exacta 16/16 años
SCIAN 2007,468111,46,SCIAN 2007::468111,FL01,FL01,Familia compleja resuelta,46,SUMA_DIRECTA,Familia equivalente al sector 46 observado; validación exacta 16/16 años
SCIAN 2007,468112,46,SCIAN 2007::468112,FL01,FL01,Familia compleja resuelta,46,SUMA_DIRECTA,Familia equivalente al sector 46 observado; validación exacta 16/16 años
SCIAN 2007,468211,46,SCIAN 2007::468211,FL01,FL01,Familia compleja resuelta,46,SUMA_DIRECTA,Familia equivalente al sector 46 observado; validación exacta 16/16 años
SCIAN 2007,468212,46,SCIAN 2007::468212,FL01,FL01,Familia compleja resuelta,46,SUMA_DIRECTA,Familia equivalente al sector 46 observado; validación exacta 16/16 años
SCIAN 2007,468213,46,SCIAN 2007::468213,FL01,FL01,Familia compleja resuelta,46,SUMA_DIRECTA,Familia equivalente al sector 46 observado; validación exacta 16/16 años
SCIAN 2007,468311,46,SCIAN 2007::468311,FL01,FL01,Familia compleja resuelta,46,SUMA_DIRECTA,Familia equivalente al sector 46 observado; validación exacta 16/16 años
SCIAN 2007,468411,46,SCIAN 2007::468411,FL01,FL01,Familia compleja resuelta,46,SUMA_DIRECTA,Familia equivalente al sector 46 observado; validación exacta 16/16 años
SCIAN 2007,468412,46,SCIAN 2007::468412,FL01,FL01,Familia compleja resuelta,46,SUMA_DIRECTA,Familia equivalente al sector 46 observado; validación exacta 16/16 años
SCIAN 2007,468413,46,SCIAN 2007::468413,FL01,FL01,Familia compleja resuelta,46,SUMA_DIRECTA,Familia equivalente al sector 46 observado; validación exacta 16/16 años
SCIAN 2007,468419,46,SCIAN 2007::468419,FL01,FL01,Familia compleja resuelta,46,SUMA_DIRECTA,Familia equivalente al sector 46 observado; validación exacta 16/16 años
SCIAN 2007,468420,46,SCIAN 2007::468420,FL01,FL01,Familia compleja resuelta,46,SUMA_DIRECTA,Familia equivalente al sector 46 observado; validación exacta 16/16 años
SCIAN 2007,469110,46,SCIAN 2007::469110,FL01,FL01,Familia compleja resuelta,46,SUMA_DIRECTA,Familia equivalente al sector 46 observado; validación exacta 16/16 años
SCIAN 2007,481111,48,SCIAN 2007::481111,UH0034,,Continuidad sin cambio explícito,48,SUMA_DIRECTA,
SCIAN 2007,484119,48,SCIAN 2007::484119,UH0037,,Continuidad sin cambio explícito,48,SUMA_DIRECTA,
SCIAN 2007,484121,48,SCIAN 2007::484121,UH0038,,Continuidad sin cambio explícito,48,SUMA_DIRECTA,
SCIAN 2007,484129,48,SCIAN 2007::484129,UH0039,,Continuidad sin cambio explícito,48,SUMA_DIRECTA,
SCIAN 2007,484210,48,SCIAN 2007::484210,UH0040,,Continuidad sin cambio explícito,48,SUMA_DIRECTA,
SCIAN 2007,484221,48,SCIAN 2007::484221,UH0041,,Continuidad sin cambio explícito,48,SUMA_DIRECTA,
SCIAN 2007,484222,48,SCIAN 2007::484222,UH0042,,Continuidad sin cambio explícito,48,SUMA_DIRECTA,
SCIAN 2007,484229,48,SCIAN 2007::484229,UH0043,,Continuidad sin cambio explícito,48,SUMA_DIRECTA,
SCIAN 2007,484231,48,SCIAN 2007::484231,UH0044,,Continuidad sin cambio explícito,48,SUMA_DIRECTA,
SCIAN 2007,484232,48,SCIAN 2007::484232,UH0045,,Continuidad sin cambio explícito,48,SUMA_DIRECTA,
SCIAN 2007,484239,48,SCIAN 2007::484239,UH0046,,Continuidad sin cambio explícito,48,SUMA_DIRECTA,
SCIAN 2007,485111,48,SCIAN 2007::485111,FL10,FL10,Familia compleja resuelta,48,SUMA_DIRECTA,
SCIAN 2007,485112,48,SCIAN 2007::485112,UH0047,,Continuidad sin cambio explícito,48,SUMA_DIRECTA,
SCIAN 2007,485210,48,SCIAN 2007::485210,UH0048,,Continuidad sin cambio explícito,48,SUMA_DIRECTA,
SCIAN 2007,485311,48,SCIAN 2007::485311,UH0049,,Continuidad sin cambio explícito,48,SUMA_DIRECTA,
SCIAN 2007,485410,48,SCIAN 2007::485410,UH0051,,Continuidad sin cambio explícito,48,SUMA_DIRECTA,
SCIAN 2007,485510,48,SCIAN 2007::485510,UH0052,,Continuidad sin cambio explícito,48,SUMA_DIRECTA,
SCIAN 2007,485990,48,SCIAN 2007::485990,UH0053,,Continuidad sin cambio explícito,48,SUMA_DIRECTA,
SCIAN 2007,487110,48,SCIAN 2007::487110,UH0054,,Continuidad sin cambio explícito,48,SUMA_DIRECTA,
SCIAN 2007,488210,48,SCIAN 2007::488210,UH0056,,Continuidad sin cambio explícito,48,SUMA_DIRECTA,
SCIAN 2007,488410,48,SCIAN 2007::488410,UH0057,,Continuidad sin cambio explícito,48,SUMA_DIRECTA,
SCIAN 2007,488491,48,SCIAN 2007::488491,UH0058,,Continuidad sin cambio explícito,48,SUMA_DIRECTA,
SCIAN 2007,488493,48,SCIAN 2007::488493,UH0060,,Continuidad sin cambio explícito,48,SUMA_DIRECTA,
SCIAN 2007,488519,48,SCIAN 2007::488519,UH0062,,Continuidad sin cambio explícito,48,SUMA_DIRECTA,
SCIAN 2007,488990,48,SCIAN 2007::488990,UH0063,,Continuidad sin cambio explícito,48,SUMA_DIRECTA,
SCIAN 2007,491110,49,SCIAN 2007::491110,UH0064,,Continuidad sin cambio explícito,49,SUMA_DIRECTA,
SCIAN 2007,492110,49,SCIAN 2007::492110,UH0065,,Continuidad sin cambio explícito,49,SUMA_DIRECTA,
SCIAN 2007,492210,49,SCIAN 2007::492210,UH0066,,Continuidad sin cambio explícito,49,SUMA_DIRECTA,
SCIAN 2007,493111,49,SCIAN 2007::493111,UH0067,,Continuidad sin cambio explícito,49,SUMA_DIRECTA,
SCIAN 2007,493119,49,SCIAN 2007::493119,UH0068,,Continuidad sin cambio explícito,49,SUMA_DIRECTA,
SCIAN 2007,493120,49,SCIAN 2007::493120,UH0069,,Continuidad sin cambio explícito,49,SUMA_DIRECTA,
SCIAN 2007,493190,49,SCIAN 2007::493190,UH0070,,Continuidad sin cambio explícito,49,SUMA_DIRECTA,
SCIAN 2007,511111,51,SCIAN 2007::511111,FL12,FL12,Familia compleja resuelta,51,SUMA_DIRECTA,
SCIAN 2007,511112,51,SCIAN 2007::511112,FL12,FL12,Familia compleja resuelta,51,SUMA_DIRECTA,
SCIAN 2007,511121,51,SCIAN 2007::511121,FL12,FL12,Familia compleja resuelta,51,SUMA_DIRECTA,
SCIAN 2007,511122,51,SCIAN 2007::511122,FL12,FL12,Familia compleja resuelta,51,SUMA_DIRECTA,
SCIAN 2007,511131,51,SCIAN 2007::511131,FL12,FL12,Familia compleja resuelta,51,SUMA_DIRECTA,
SCIAN 2007,511132,51,SCIAN 2007::511132,FL12,FL12,Familia compleja resuelta,51,SUMA_DIRECTA,
SCIAN 2007,511210,51,SCIAN 2007::511210,FL12,FL12,Familia compleja resuelta,51,SUMA_DIRECTA,
SCIAN 2007,512111,51,SCIAN 2007::512111,UH0071,,Continuidad sin cambio explícito,51,SUMA_DIRECTA,
SCIAN 2007,512113,51,SCIAN 2007::512113,UH0073,,Continuidad sin cambio explícito,51,SUMA_DIRECTA,
SCIAN 2007,512130,51,SCIAN 2007::512130,UH0074,,Continuidad sin cambio explícito,51,SUMA_DIRECTA,
SCIAN 2007,512210,51,SCIAN 2007::512210,UH0075,,Agregación directa,51,SUMA_DIRECTA,
SCIAN 2007,512290,51,SCIAN 2007::512290,UH0076,,Continuidad sin cambio explícito,51,SUMA_DIRECTA,
SCIAN 2007,515110,51,SCIAN 2007::515110,FL12,FL12,Familia compleja resuelta,51,SUMA_DIRECTA,
SCIAN 2007,515120,51,SCIAN 2007::515120,FL12,FL12,Familia compleja resuelta,51,SUMA_DIRECTA,
SCIAN 2007,517111,51,SCIAN 2007::517111,UH0077,,Agregación directa,51,SUMA_DIRECTA,
SCIAN 2007,517112,51,SCIAN 2007::517112,UH0077,,Agregación directa,51,SUMA_DIRECTA,
SCIAN 2007,517210,51,SCIAN 2007::517210,UH0078,,Correspondencia directa 1 a 1,51,SUMA_DIRECTA,
SCIAN 2007,517410,51,SCIAN 2007::517410,UH0079,,Continuidad sin cambio explícito,51,SUMA_DIRECTA,
SCIAN 2007,517910,51,SCIAN 2007::517910,UH0080,,Continuidad sin cambio explícito,51,SUMA_DIRECTA,
SCIAN 2007,518210,51,SCIAN 2007::518210,UH0081,,Continuidad sin cambio explícito,51,SUMA_DIRECTA,
SCIAN 2007,519110,51,SCIAN 2007::519110,FL12,FL12,Familia compleja resuelta,51,SUMA_DIRECTA,
SCIAN 2007,519121,51,SCIAN 2007::519121,UH0082,,Correspondencia directa 1 a 1,51,SUMA_DIRECTA,
SCIAN 2007,519122,51,SCIAN 2007::519122,UH0083,,Correspondencia directa 1 a 1,51,SUMA_DIRECTA,
SCIAN 2007,519130,51,SCIAN 2007::519130,FL12,FL12,Familia compleja resuelta,51,SUMA_DIRECTA,
SCIAN 2007,519190,51,SCIAN 2007::519190,FL12,FL12,Familia compleja resuelta,51,SUMA_DIRECTA,
SCIAN 2007,522110,52,SCIAN 2007::522110,UH0085,,Continuidad sin cambio explícito,52,SUMA_DIRECTA,
SCIAN 2007,522210,52,SCIAN 2007::522210,UH0086,,Continuidad sin cambio explícito,52,SUMA_DIRECTA,
SCIAN 2007,522220,52,SCIAN 2007::522220,UH0087,,Continuidad sin cambio explícito,52,SUMA_DIRECTA,
SCIAN 2007,522310,52,SCIAN 2007::522310,UH0088,,Continuidad sin cambio explícito,52,SUMA_DIRECTA,
SCIAN 2007,522320,52,SCIAN 2007::522320,UH0089,,Continuidad sin cambio explícito,52,SUMA_DIRECTA,
SCIAN 2007,522390,52,SCIAN 2007::522390,UH0090,,Continuidad sin cambio explícito,52,SUMA_DIRECTA,
SCIAN 2007,522420,52,SCIAN 2007::522420,FL02,FL02,Familia compleja resuelta,52,SUMA_DIRECTA,
SCIAN 2007,522430,52,SCIAN 2007::522430,FL02,FL02,Familia compleja resuelta,52,SUMA_DIRECTA,
SCIAN 2007,522440,52,SCIAN 2007::522440,UH0091,,Continuidad sin cambio explícito,52,SUMA_DIRECTA,
SCIAN 2007,522451,52,SCIAN 2007::522451,UH0092,,Continuidad sin cambio explícito,52,SUMA_DIRECTA,
SCIAN 2007,522452,52,SCIAN 2007::522452,UH0093,,Continuidad sin cambio explícito,52,SUMA_DIRECTA,
SCIAN 2007,522490,52,SCIAN 2007::522490,FL02,FL02,Familia compleja resuelta,52,SUMA_DIRECTA,
SCIAN 2007,522510,52,SCIAN 2007::522510,UH0094,,Continuidad sin cambio explícito,52,SUMA_DIRECTA,
SCIAN 2007,523110,52,SCIAN 2007::523110,UH0095,,Continuidad sin cambio explícito,52,SUMA_DIRECTA,
SCIAN 2007,523121,52,SCIAN 2007::523121,UH0096,,Continuidad sin cambio explícito,52,SUMA_DIRECTA,
SCIAN 2007,523122,52,SCIAN 2007::523122,UH0097,,Continuidad sin cambio explícito,52,SUMA_DIRECTA,
SCIAN 2007,523910,52,SCIAN 2007::523910,UH0098,,Continuidad sin cambio explícito,52,SUMA_DIRECTA,
SCIAN 2007,524110,52,SCIAN 2007::524110,UH0099,,Continuidad sin cambio explícito,52,SUMA_DIRECTA,
SCIAN 2007,524210,52,SCIAN 2007::524210,UH0101,,Continuidad sin cambio explícito,52,SUMA_DIRECTA,
SCIAN 2007,524220,52,SCIAN 2007::524220,UH0102,,Continuidad sin cambio explícito,52,SUMA_DIRECTA,
SCIAN 2007,531112,53,SCIAN 2007::531112,UH0103,,Continuidad sin cambio explícito,53,SUMA_DIRECTA,
SCIAN 2007,531113,53,SCIAN 2007::531113,UH0104,,Continuidad sin cambio explícito,53,SUMA_DIRECTA,
SCIAN 2007,531114,53,SCIAN 2007::531114,UH0105,,Continuidad sin cambio explícito,53,SUMA_DIRECTA,
SCIAN 2007,531115,53,SCIAN 2007::531115,UH0106,,Continuidad sin cambio explícito,53,SUMA_DIRECTA,
SCIAN 2007,531119,53,SCIAN 2007::531119,FL03,FL03,Familia compleja resuelta,53,SUMA_DIRECTA,
SCIAN 2007,531210,53,SCIAN 2007::531210,UH0107,,Continuidad sin cambio explícito,53,SUMA_DIRECTA,
SCIAN 2007,531311,53,SCIAN 2007::531311,UH0108,,Continuidad sin cambio explícito,53,SUMA_DIRECTA,
SCIAN 2007,531319,53,SCIAN 2007::531319,UH0109,,Continuidad sin cambio explícito,53,SUMA_DIRECTA,
SCIAN 2007,532110,53,SCIAN 2007::532110,UH0110,,Continuidad sin cambio explícito,53,SUMA_DIRECTA,
SCIAN 2007,532121,53,SCIAN 2007::532121,UH0111,,Continuidad sin cambio explícito,53,SUMA_DIRECTA,
SCIAN 2007,532220,53,SCIAN 2007::532220,UH0113,,Correspondencia directa 1 a 1,53,SUMA_DIRECTA,
SCIAN 2007,532230,53,SCIAN 2007::532230,UH0114,,Agregación directa,53,SUMA_DIRECTA,
SCIAN 2007,532291,53,SCIAN 2007::532291,UH0115,,Correspondencia directa 1 a 1,53,SUMA_DIRECTA,
SCIAN 2007,532299,53,SCIAN 2007::532299,UH0114,,Agregación directa,53,SUMA_DIRECTA,
SCIAN 2007,532310,53,SCIAN 2007::532310,UH0116,,Continuidad sin cambio explícito,53,SUMA_DIRECTA,
SCIAN 2007,532411,53,SCIAN 2007::532411,UH0117,,Continuidad sin cambio explícito,53,SUMA_DIRECTA,
SCIAN 2007,532420,53,SCIAN 2007::532420,UH0119,,Continuidad sin cambio explícito,53,SUMA_DIRECTA,
SCIAN 2007,532492,53,SCIAN 2007::532492,UH0120,,Continuidad sin cambio explícito,53,SUMA_DIRECTA,
SCIAN 2007,532493,53,SCIAN 2007::532493,UH0121,,Continuidad sin cambio explícito,53,SUMA_DIRECTA,
SCIAN 2007,541110,54,SCIAN 2007::541110,UH0123,,Continuidad sin cambio explícito,54,SUMA_DIRECTA,
SCIAN 2007,541120,54,SCIAN 2007::541120,UH0124,,Continuidad sin cambio explícito,54,SUMA_DIRECTA,
SCIAN 2007,541190,54,SCIAN 2007::541190,UH0125,,Continuidad sin cambio explícito,54,SUMA_DIRECTA,
SCIAN 2007,541211,54,SCIAN 2007::541211,UH0126,,Continuidad sin cambio explícito,54,SUMA_DIRECTA,
SCIAN 2007,541219,54,SCIAN 2007::541219,UH0127,,Continuidad sin cambio explícito,54,SUMA_DIRECTA,
SCIAN 2007,541310,54,SCIAN 2007::541310,UH0128,,Continuidad sin cambio explícito,54,SUMA_DIRECTA,
SCIAN 2007,541320,54,SCIAN 2007::541320,UH0129,,Continuidad sin cambio explícito,54,SUMA_DIRECTA,
SCIAN 2007,541330,54,SCIAN 2007::541330,UH0130,,Continuidad sin cambio explícito,54,SUMA_DIRECTA,
SCIAN 2007,541340,54,SCIAN 2007::541340,UH0131,,Continuidad sin cambio explícito,54,SUMA_DIRECTA,
SCIAN 2007,541350,54,SCIAN 2007::541350,UH0132,,Continuidad sin cambio explícito,54,SUMA_DIRECTA,
SCIAN 2007,541360,54,SCIAN 2007::541360,UH0133,,Continuidad sin cambio explícito,54,SUMA_DIRECTA,
SCIAN 2007,541370,54,SCIAN 2007::541370,UH0134,,Continuidad sin cambio explícito,54,SUMA_DIRECTA,
SCIAN 2007,541380,54,SCIAN 2007::541380,UH0135,,Continuidad sin cambio explícito,54,SUMA_DIRECTA,
SCIAN 2007,541410,54,SCIAN 2007::541410,UH0136,,Continuidad sin cambio explícito,54,SUMA_DIRECTA,
SCIAN 2007,541430,54,SCIAN 2007::541430,UH0137,,Continuidad sin cambio explícito,54,SUMA_DIRECTA,
SCIAN 2007,541490,54,SCIAN 2007::541490,UH0138,,Continuidad sin cambio explícito,54,SUMA_DIRECTA,
SCIAN 2007,541510,54,SCIAN 2007::541510,UH0139,,Continuidad sin cambio explícito,54,SUMA_DIRECTA,
SCIAN 2007,541610,54,SCIAN 2007::541610,UH0140,,Continuidad sin cambio explícito,54,SUMA_DIRECTA,
SCIAN 2007,541620,54,SCIAN 2007::541620,UH0141,,Continuidad sin cambio explícito,54,SUMA_DIRECTA,
SCIAN 2007,541690,54,SCIAN 2007::541690,UH0142,,Continuidad sin cambio explícito,54,SUMA_DIRECTA,
SCIAN 2007,541711,54,SCIAN 2007::541711,UH0143,,Continuidad sin cambio explícito,54,SUMA_DIRECTA,
SCIAN 2007,541721,54,SCIAN 2007::541721,UH0145,,Continuidad sin cambio explícito,54,SUMA_DIRECTA,
SCIAN 2007,541810,54,SCIAN 2007::541810,UH0147,,Continuidad sin cambio explícito,54,SUMA_DIRECTA,
SCIAN 2007,541830,54,SCIAN 2007::541830,UH0148,,Continuidad sin cambio explícito,54,SUMA_DIRECTA,
SCIAN 2007,541850,54,SCIAN 2007::541850,UH0150,,Continuidad sin cambio explícito,54,SUMA_DIRECTA,
SCIAN 2007,541890,54,SCIAN 2007::541890,UH0152,,Continuidad sin cambio explícito,54,SUMA_DIRECTA,
SCIAN 2007,541910,54,SCIAN 2007::541910,UH0153,,Continuidad sin cambio explícito,54,SUMA_DIRECTA,
SCIAN 2007,541920,54,SCIAN 2007::541920,UH0154,,Continuidad sin cambio explícito,54,SUMA_DIRECTA,
SCIAN 2007,541941,54,SCIAN 2007::541941,UH0155,,Continuidad sin cambio explícito,54,SUMA_DIRECTA,
SCIAN 2007,541942,54,SCIAN 2007::541942,UH0156,,Continuidad sin cambio explícito,54,SUMA_DIRECTA,
SCIAN 2007,541943,54,SCIAN 2007::541943,UH0157,,Continuidad sin cambio explícito,54,SUMA_DIRECTA,
SCIAN 2007,541990,54,SCIAN 2007::541990,UH0158,,Continuidad sin cambio explícito,54,SUMA_DIRECTA,
SCIAN 2007,561110,56,SCIAN 2007::561110,UH0159,,Continuidad sin cambio explícito,56,SUMA_DIRECTA,
SCIAN 2007,561210,56,SCIAN 2007::561210,UH0160,,Continuidad sin cambio explícito,56,SUMA_DIRECTA,
SCIAN 2007,561310,56,SCIAN 2007::561310,UH0161,,Continuidad sin cambio explícito,56,SUMA_DIRECTA,
SCIAN 2007,561320,56,SCIAN 2007::561320,UH0162,,Continuidad sin cambio explícito,56,SUMA_DIRECTA,
SCIAN 2007,561330,56,SCIAN 2007::561330,UH0163,,Continuidad sin cambio explícito,56,SUMA_DIRECTA,
SCIAN 2007,561410,56,SCIAN 2007::561410,UH0164,,Continuidad sin cambio explícito,56,SUMA_DIRECTA,
SCIAN 2007,561421,56,SCIAN 2007::561421,UH0165,,Continuidad sin cambio explícito,56,SUMA_DIRECTA,
SCIAN 2007,561422,56,SCIAN 2007::561422,UH0166,,Continuidad sin cambio explícito,56,SUMA_DIRECTA,
SCIAN 2007,561431,56,SCIAN 2007::561431,UH0167,,Continuidad sin cambio explícito,56,SUMA_DIRECTA,
SCIAN 2007,561432,56,SCIAN 2007::561432,UH0168,,Continuidad sin cambio explícito,56,SUMA_DIRECTA,
SCIAN 2007,561440,56,SCIAN 2007::561440,UH0169,,Continuidad sin cambio explícito,56,SUMA_DIRECTA,
SCIAN 2007,561450,56,SCIAN 2007::561450,UH0170,,Continuidad sin cambio explícito,56,SUMA_DIRECTA,
SCIAN 2007,561510,56,SCIAN 2007::561510,UH0172,,Continuidad sin cambio explícito,56,SUMA_DIRECTA,
SCIAN 2007,561520,56,SCIAN 2007::561520,UH0173,,Continuidad sin cambio explícito,56,SUMA_DIRECTA,
SCIAN 2007,561590,56,SCIAN 2007::561590,UH0174,,Continuidad sin cambio explícito,56,SUMA_DIRECTA,
SCIAN 2007,561610,56,SCIAN 2007::561610,UH0175,,Continuidad sin cambio explícito,56,SUMA_DIRECTA,
SCIAN 2007,561620,56,SCIAN 2007::561620,UH0176,,Continuidad sin cambio explícito,56,SUMA_DIRECTA,
SCIAN 2007,561710,56,SCIAN 2007::561710,UH0177,,Continuidad sin cambio explícito,56,SUMA_DIRECTA,
SCIAN 2007,561720,56,SCIAN 2007::561720,UH0178,,Continuidad sin cambio explícito,56,SUMA_DIRECTA,
SCIAN 2007,561740,56,SCIAN 2007::561740,UH0180,,Continuidad sin cambio explícito,56,SUMA_DIRECTA,
SCIAN 2007,561790,56,SCIAN 2007::561790,UH0181,,Continuidad sin cambio explícito,56,SUMA_DIRECTA,
SCIAN 2007,561910,56,SCIAN 2007::561910,UH0182,,Continuidad sin cambio explícito,56,SUMA_DIRECTA,
SCIAN 2007,561920,56,SCIAN 2007::561920,UH0183,,Continuidad sin cambio explícito,56,SUMA_DIRECTA,
SCIAN 2007,561990,56,SCIAN 2007::561990,UH0184,,Continuidad sin cambio explícito,56,SUMA_DIRECTA,
SCIAN 2007,562111,56,SCIAN 2007::562111,FL11,FL11,Familia compleja resuelta,56,SUMA_DIRECTA,
SCIAN 2007,562112,56,SCIAN 2007::562112,FL11,FL11,Familia compleja resuelta,56,SUMA_DIRECTA,
SCIAN 2007,611111,61,SCIAN 2007::611111,UH0185,,Continuidad sin cambio explícito,61,SUMA_DIRECTA,
SCIAN 2007,611112,61,SCIAN 2007::611112,UH0186,,Continuidad sin cambio explícito,61,SUMA_DIRECTA,
SCIAN 2007,611121,61,SCIAN 2007::611121,UH0187,,Continuidad sin cambio explícito,61,SUMA_DIRECTA,
SCIAN 2007,611122,61,SCIAN 2007::611122,UH0188,,Continuidad sin cambio explícito,61,SUMA_DIRECTA,
SCIAN 2007,611131,61,SCIAN 2007::611131,UH0189,,Continuidad sin cambio explícito,61,SUMA_DIRECTA,
SCIAN 2007,611132,61,SCIAN 2007::611132,UH0190,,Continuidad sin cambio explícito,61,SUMA_DIRECTA,
SCIAN 2007,611141,61,SCIAN 2007::611141,UH0191,,Continuidad sin cambio explícito,61,SUMA_DIRECTA,
SCIAN 2007,611142,61,SCIAN 2007::611142,UH0192,,Continuidad sin cambio explícito,61,SUMA_DIRECTA,
SCIAN 2007,611151,61,SCIAN 2007::611151,UH0193,,Continuidad sin cambio explícito,61,SUMA_DIRECTA,
SCIAN 2007,611152,61,SCIAN 2007::611152,UH0194,,Continuidad sin cambio explícito,61,SUMA_DIRECTA,
SCIAN 2007,611161,61,SCIAN 2007::611161,UH0195,,Continuidad sin cambio explícito,61,SUMA_DIRECTA,
SCIAN 2007,611162,61,SCIAN 2007::611162,UH0196,,Continuidad sin cambio explícito,61,SUMA_DIRECTA,
SCIAN 2007,611171,61,SCIAN 2007::611171,UH0197,,Continuidad sin cambio explícito,61,SUMA_DIRECTA,
SCIAN 2007,611172,61,SCIAN 2007::611172,UH0198,,Continuidad sin cambio explícito,61,SUMA_DIRECTA,
SCIAN 2007,611181,61,SCIAN 2007::611181,UH0199,,Continuidad sin cambio explícito,61,SUMA_DIRECTA,
SCIAN 2007,611182,61,SCIAN 2007::611182,UH0200,,Continuidad sin cambio explícito,61,SUMA_DIRECTA,
SCIAN 2007,611211,61,SCIAN 2007::611211,UH0201,,Continuidad sin cambio explícito,61,SUMA_DIRECTA,
SCIAN 2007,611212,61,SCIAN 2007::611212,UH0202,,Continuidad sin cambio explícito,61,SUMA_DIRECTA,
SCIAN 2007,611311,61,SCIAN 2007::611311,UH0203,,Continuidad sin cambio explícito,61,SUMA_DIRECTA,
SCIAN 2007,611312,61,SCIAN 2007::611312,UH0204,,Continuidad sin cambio explícito,61,SUMA_DIRECTA,
SCIAN 2007,611411,61,SCIAN 2007::611411,UH0205,,Continuidad sin cambio explícito,61,SUMA_DIRECTA,
SCIAN 2007,611421,61,SCIAN 2007::611421,UH0207,,Continuidad sin cambio explícito,61,SUMA_DIRECTA,
SCIAN 2007,611431,61,SCIAN 2007::611431,UH0209,,Continuidad sin cambio explícito,61,SUMA_DIRECTA,
SCIAN 2007,611511,61,SCIAN 2007::611511,UH0210,,Continuidad sin cambio explícito,61,SUMA_DIRECTA,
SCIAN 2007,611512,61,SCIAN 2007::611512,UH0211,,Continuidad sin cambio explícito,61,SUMA_DIRECTA,
SCIAN 2007,611611,61,SCIAN 2007::611611,UH0212,,Continuidad sin cambio explícito,61,SUMA_DIRECTA,
SCIAN 2007,611612,61,SCIAN 2007::611612,UH0213,,Continuidad sin cambio explícito,61,SUMA_DIRECTA,
SCIAN 2007,611621,61,SCIAN 2007::611621,UH0214,,Continuidad sin cambio explícito,61,SUMA_DIRECTA,
SCIAN 2007,611622,61,SCIAN 2007::611622,UH0215,,Continuidad sin cambio explícito,61,SUMA_DIRECTA,
SCIAN 2007,611631,61,SCIAN 2007::611631,UH0216,,Continuidad sin cambio explícito,61,SUMA_DIRECTA,
SCIAN 2007,611691,61,SCIAN 2007::611691,UH0217,,Continuidad sin cambio explícito,61,SUMA_DIRECTA,
SCIAN 2007,611698,61,SCIAN 2007::611698,UH0218,,Continuidad sin cambio explícito,61,SUMA_DIRECTA,
SCIAN 2007,611699,61,SCIAN 2007::611699,UH0219,,Continuidad sin cambio explícito,61,SUMA_DIRECTA,
SCIAN 2007,611710,61,SCIAN 2007::611710,UH0220,,Continuidad sin cambio explícito,61,SUMA_DIRECTA,
SCIAN 2007,621111,62,SCIAN 2007::621111,FL04,FL04,Familia compleja resuelta,62,SUMA_DIRECTA,
SCIAN 2007,621112,62,SCIAN 2007::621112,FL05,FL05,Familia compleja resuelta,62,SUMA_DIRECTA,
SCIAN 2007,621113,62,SCIAN 2007::621113,FL04,FL04,Familia compleja resuelta,62,SUMA_DIRECTA,
SCIAN 2007,621211,62,SCIAN 2007::621211,UH0221,,Continuidad sin cambio explícito,62,SUMA_DIRECTA,
SCIAN 2007,621212,62,SCIAN 2007::621212,UH0222,,Continuidad sin cambio explícito,62,SUMA_DIRECTA,
SCIAN 2007,621311,62,SCIAN 2007::621311,UH0223,,Continuidad sin cambio explícito,62,SUMA_DIRECTA,
SCIAN 2007,621320,62,SCIAN 2007::621320,UH0224,,Continuidad sin cambio explícito,62,SUMA_DIRECTA,
SCIAN 2007,621331,62,SCIAN 2007::621331,UH0225,,Continuidad sin cambio explícito,62,SUMA_DIRECTA,
SCIAN 2007,621332,62,SCIAN 2007::621332,UH0226,,Continuidad sin cambio explícito,62,SUMA_DIRECTA,
SCIAN 2007,621341,62,SCIAN 2007::621341,UH0227,,Continuidad sin cambio explícito,62,SUMA_DIRECTA,
SCIAN 2007,621391,62,SCIAN 2007::621391,UH0229,,Continuidad sin cambio explícito,62,SUMA_DIRECTA,
SCIAN 2007,621398,62,SCIAN 2007::621398,UH0230,,Continuidad sin cambio explícito,62,SUMA_DIRECTA,
SCIAN 2007,621399,62,SCIAN 2007::621399,UH0231,,Continuidad sin cambio explícito,62,SUMA_DIRECTA,
SCIAN 2007,621411,62,SCIAN 2007::621411,UH0232,,Continuidad sin cambio explícito,62,SUMA_DIRECTA,
SCIAN 2007,621421,62,SCIAN 2007::621421,UH0233,,Continuidad sin cambio explícito,62,SUMA_DIRECTA,
SCIAN 2007,621491,62,SCIAN 2007::621491,UH0234,,Continuidad sin cambio explícito,62,SUMA_DIRECTA,
SCIAN 2007,621511,62,SCIAN 2007::621511,UH0235,,Continuidad sin cambio explícito,62,SUMA_DIRECTA,
SCIAN 2007,621512,62,SCIAN 2007::621512,UH0236,,Continuidad sin cambio explícito,62,SUMA_DIRECTA,
SCIAN 2007,621610,62,SCIAN 2007::621610,UH0237,,Continuidad sin cambio explícito,62,SUMA_DIRECTA,
SCIAN 2007,621910,62,SCIAN 2007::621910,UH0238,,Continuidad sin cambio explícito,62,SUMA_DIRECTA,
SCIAN 2007,621991,62,SCIAN 2007::621991,UH0239,,Continuidad sin cambio explícito,62,SUMA_DIRECTA,
SCIAN 2007,622111,62,SCIAN 2007::622111,UH0241,,Continuidad sin cambio explícito,62,SUMA_DIRECTA,
SCIAN 2007,622112,62,SCIAN 2007::622112,UH0242,,Continuidad sin cambio explícito,62,SUMA_DIRECTA,
SCIAN 2007,622212,62,SCIAN 2007::622212,UH0243,,Continuidad sin cambio explícito,62,SUMA_DIRECTA,
SCIAN 2007,622311,62,SCIAN 2007::622311,UH0244,,Continuidad sin cambio explícito,62,SUMA_DIRECTA,
SCIAN 2007,623112,62,SCIAN 2007::623112,UH0246,,Continuidad sin cambio explícito,62,SUMA_DIRECTA,
SCIAN 2007,623221,62,SCIAN 2007::623221,UH0247,,Continuidad sin cambio explícito,62,SUMA_DIRECTA,
SCIAN 2007,623311,62,SCIAN 2007::623311,UH0248,,Continuidad sin cambio explícito,62,SUMA_DIRECTA,
SCIAN 2007,623312,62,SCIAN 2007::623312,UH0249,,Continuidad sin cambio explícito,62,SUMA_DIRECTA,
SCIAN 2007,623991,62,SCIAN 2007::623991,UH0250,,Continuidad sin cambio explícito,62,SUMA_DIRECTA,
SCIAN 2007,623992,62,SCIAN 2007::623992,UH0251,,Continuidad sin cambio explícito,62,SUMA_DIRECTA,
SCIAN 2007,624111,62,SCIAN 2007::624111,UH0252,,Continuidad sin cambio explícito,62,SUMA_DIRECTA,
SCIAN 2007,624112,62,SCIAN 2007::624112,UH0253,,Continuidad sin cambio explícito,62,SUMA_DIRECTA,
SCIAN 2007,624121,62,SCIAN 2007::624121,UH0254,,Continuidad sin cambio explícito,62,SUMA_DIRECTA,
SCIAN 2007,624122,62,SCIAN 2007::624122,UH0255,,Continuidad sin cambio explícito,62,SUMA_DIRECTA,
SCIAN 2007,624191,62,SCIAN 2007::624191,UH0256,,Continuidad sin cambio explícito,62,SUMA_DIRECTA,
SCIAN 2007,624198,62,SCIAN 2007::624198,UH0257,,Continuidad sin cambio explícito,62,SUMA_DIRECTA,
SCIAN 2007,624199,62,SCIAN 2007::624199,UH0258,,Continuidad sin cambio explícito,62,SUMA_DIRECTA,
SCIAN 2007,624211,62,SCIAN 2007::624211,UH0259,,Continuidad sin cambio explícito,62,SUMA_DIRECTA,
SCIAN 2007,624212,62,SCIAN 2007::624212,UH0260,,Continuidad sin cambio explícito,62,SUMA_DIRECTA,
SCIAN 2007,624221,62,SCIAN 2007::624221,UH0261,,Continuidad sin cambio explícito,62,SUMA_DIRECTA,
SCIAN 2007,624311,62,SCIAN 2007::624311,UH0264,,Continuidad sin cambio explícito,62,SUMA_DIRECTA,
SCIAN 2007,624312,62,SCIAN 2007::624312,UH0265,,Continuidad sin cambio explícito,62,SUMA_DIRECTA,
SCIAN 2007,624411,62,SCIAN 2007::624411,UH0266,,Continuidad sin cambio explícito,62,SUMA_DIRECTA,
SCIAN 2007,624412,62,SCIAN 2007::624412,UH0267,,Continuidad sin cambio explícito,62,SUMA_DIRECTA,
SCIAN 2007,711111,71,SCIAN 2007::711111,UH0268,,Continuidad sin cambio explícito,71,SUMA_DIRECTA,
SCIAN 2007,711121,71,SCIAN 2007::711121,UH0270,,Continuidad sin cambio explícito,71,SUMA_DIRECTA,
SCIAN 2007,711131,71,SCIAN 2007::711131,UH0271,,Continuidad sin cambio explícito,71,SUMA_DIRECTA,
SCIAN 2007,711191,71,SCIAN 2007::711191,UH0272,,Continuidad sin cambio explícito,71,SUMA_DIRECTA,
SCIAN 2007,711192,71,SCIAN 2007::711192,UH0273,,Continuidad sin cambio explícito,71,SUMA_DIRECTA,
SCIAN 2007,711211,71,SCIAN 2007::711211,UH0274,,Continuidad sin cambio explícito,71,SUMA_DIRECTA,
SCIAN 2007,711212,71,SCIAN 2007::711212,UH0275,,Continuidad sin cambio explícito,71,SUMA_DIRECTA,
SCIAN 2007,711311,71,SCIAN 2007::711311,UH0276,,Continuidad sin cambio explícito,71,SUMA_DIRECTA,
SCIAN 2007,711312,71,SCIAN 2007::711312,UH0277,,Continuidad sin cambio explícito,71,SUMA_DIRECTA,
SCIAN 2007,711320,71,SCIAN 2007::711320,UH0278,,Continuidad sin cambio explícito,71,SUMA_DIRECTA,
SCIAN 2007,711410,71,SCIAN 2007::711410,UH0279,,Continuidad sin cambio explícito,71,SUMA_DIRECTA,
SCIAN 2007,711510,71,SCIAN 2007::711510,UH0280,,Continuidad sin cambio explícito,71,SUMA_DIRECTA,
SCIAN 2007,712111,71,SCIAN 2007::712111,UH0281,,Continuidad sin cambio explícito,71,SUMA_DIRECTA,
SCIAN 2007,712112,71,SCIAN 2007::712112,UH0282,,Continuidad sin cambio explícito,71,SUMA_DIRECTA,
SCIAN 2007,712132,71,SCIAN 2007::712132,UH0283,,Continuidad sin cambio explícito,71,SUMA_DIRECTA,
SCIAN 2007,713111,71,SCIAN 2007::713111,UH0284,,Continuidad sin cambio explícito,71,SUMA_DIRECTA,
SCIAN 2007,713112,71,SCIAN 2007::713112,UH0285,,Continuidad sin cambio explícito,71,SUMA_DIRECTA,
SCIAN 2007,713113,71,SCIAN 2007::713113,UH0286,,Continuidad sin cambio explícito,71,SUMA_DIRECTA,
SCIAN 2007,713120,71,SCIAN 2007::713120,UH0287,,Continuidad sin cambio explícito,71,SUMA_DIRECTA,
SCIAN 2007,713291,71,SCIAN 2007::713291,UH0288,,Continuidad sin cambio explícito,71,SUMA_DIRECTA,
SCIAN 2007,713299,71,SCIAN 2007::713299,UH0289,,Continuidad sin cambio explícito,71,SUMA_DIRECTA,
SCIAN 2007,713910,71,SCIAN 2007::713910,UH0290,,Continuidad sin cambio explícito,71,SUMA_DIRECTA,
SCIAN 2007,713941,71,SCIAN 2007::713941,UH0291,,Continuidad sin cambio explícito,71,SUMA_DIRECTA,
SCIAN 2007,713942,71,SCIAN 2007::713942,UH0292,,Continuidad sin cambio explícito,71,SUMA_DIRECTA,
SCIAN 2007,713943,71,SCIAN 2007::713943,UH0293,,Continuidad sin cambio explícito,71,SUMA_DIRECTA,
SCIAN 2007,713944,71,SCIAN 2007::713944,UH0294,,Continuidad sin cambio explícito,71,SUMA_DIRECTA,
SCIAN 2007,713950,71,SCIAN 2007::713950,UH0295,,Continuidad sin cambio explícito,71,SUMA_DIRECTA,
SCIAN 2007,713991,71,SCIAN 2007::713991,UH0296,,Continuidad sin cambio explícito,71,SUMA_DIRECTA,
SCIAN 2007,713992,71,SCIAN 2007::713992,UH0297,,Continuidad sin cambio explícito,71,SUMA_DIRECTA,
SCIAN 2007,713998,71,SCIAN 2007::713998,UH0298,,Continuidad sin cambio explícito,71,SUMA_DIRECTA,
SCIAN 2007,713999,71,SCIAN 2007::713999,UH0299,,Continuidad sin cambio explícito,71,SUMA_DIRECTA,
SCIAN 2007,721111,72,SCIAN 2007::721111,UH0300,,Continuidad sin cambio explícito,72,SUMA_DIRECTA,
SCIAN 2007,721112,72,SCIAN 2007::721112,UH0301,,Continuidad sin cambio explícito,72,SUMA_DIRECTA,
SCIAN 2007,721113,72,SCIAN 2007::721113,UH0302,,Continuidad sin cambio explícito,72,SUMA_DIRECTA,
SCIAN 2007,721190,72,SCIAN 2007::721190,UH0303,,Continuidad sin cambio explícito,72,SUMA_DIRECTA,
SCIAN 2007,721210,72,SCIAN 2007::721210,UH0304,,Continuidad sin cambio explícito,72,SUMA_DIRECTA,
SCIAN 2007,721311,72,SCIAN 2007::721311,UH0305,,Continuidad sin cambio explícito,72,SUMA_DIRECTA,
SCIAN 2007,721312,72,SCIAN 2007::721312,UH0306,,Continuidad sin cambio explícito,72,SUMA_DIRECTA,
SCIAN 2007,722110,72,SCIAN 2007::722110,FL06,FL06,Familia compleja resuelta,72,SUMA_DIRECTA,
SCIAN 2007,722211,72,SCIAN 2007::722211,UH0307,,Correspondencia directa 1 a 1,72,SUMA_DIRECTA,
SCIAN 2007,722212,72,SCIAN 2007::722212,FL07,FL07,Familia compleja resuelta,72,SUMA_DIRECTA,
SCIAN 2007,722219,72,SCIAN 2007::722219,FL06,FL06,Familia compleja resuelta,72,SUMA_DIRECTA,
SCIAN 2007,722310,72,SCIAN 2007::722310,UH0308,,Continuidad sin cambio explícito,72,SUMA_DIRECTA,
SCIAN 2007,722320,72,SCIAN 2007::722320,UH0309,,Continuidad sin cambio explícito,72,SUMA_DIRECTA,
SCIAN 2007,722411,72,SCIAN 2007::722411,UH0310,,Continuidad sin cambio explícito,72,SUMA_DIRECTA,
SCIAN 2007,722412,72,SCIAN 2007::722412,UH0311,,Continuidad sin cambio explícito,72,SUMA_DIRECTA,
SCIAN 2007,811111,81,SCIAN 2007::811111,UH0312,,Continuidad sin cambio explícito,81,SUMA_DIRECTA,
SCIAN 2007,811112,81,SCIAN 2007::811112,UH0313,,Continuidad sin cambio explícito,81,SUMA_DIRECTA,
SCIAN 2007,811113,81,SCIAN 2007::811113,UH0314,,Continuidad sin cambio explícito,81,SUMA_DIRECTA,
SCIAN 2007,811114,81,SCIAN 2007::811114,UH0315,,Continuidad sin cambio explícito,81,SUMA_DIRECTA,
SCIAN 2007,811115,81,SCIAN 2007::811115,UH0316,,Continuidad sin cambio explícito,81,SUMA_DIRECTA,
SCIAN 2007,811116,81,SCIAN 2007::811116,UH0317,,Continuidad sin cambio explícito,81,SUMA_DIRECTA,
SCIAN 2007,811119,81,SCIAN 2007::811119,UH0318,,Continuidad sin cambio explícito,81,SUMA_DIRECTA,
SCIAN 2007,811121,81,SCIAN 2007::811121,FL09,FL09,Familia compleja resuelta,33 | 81,INTERVALO_INFERIOR_SUPERIOR,811123 presenta transferencia intersectorial 33-81; reportar límite inferior y superior
SCIAN 2007,811122,81,SCIAN 2007::811122,UH0319,,Continuidad sin cambio explícito,81,SUMA_DIRECTA,
SCIAN 2007,811129,81,SCIAN 2007::811129,FL09,FL09,Familia compleja resuelta,33 | 81,INTERVALO_INFERIOR_SUPERIOR,811123 presenta transferencia intersectorial 33-81; reportar límite inferior y superior
SCIAN 2007,811191,81,SCIAN 2007::811191,UH0320,,Continuidad sin cambio explícito,81,SUMA_DIRECTA,
SCIAN 2007,811192,81,SCIAN 2007::811192,UH0321,,Continuidad sin cambio explícito,81,SUMA_DIRECTA,
SCIAN 2007,811199,81,SCIAN 2007::811199,UH0322,,Continuidad sin cambio explícito,81,SUMA_DIRECTA,
SCIAN 2007,811211,81,SCIAN 2007::811211,UH0323,,Continuidad sin cambio explícito,81,SUMA_DIRECTA,
SCIAN 2007,811219,81,SCIAN 2007::811219,UH0324,,Continuidad sin cambio explícito,81,SUMA_DIRECTA,
SCIAN 2007,811311,81,SCIAN 2007::811311,UH0325,,Continuidad sin cambio explícito,81,SUMA_DIRECTA,
SCIAN 2007,811312,81,SCIAN 2007::811312,UH0326,,Continuidad sin cambio explícito,81,SUMA_DIRECTA,
SCIAN 2007,811313,81,SCIAN 2007::811313,UH0327,,Continuidad sin cambio explícito,81,SUMA_DIRECTA,
SCIAN 2007,811314,81,SCIAN 2007::811314,UH0328,,Continuidad sin cambio explícito,81,SUMA_DIRECTA,
SCIAN 2007,811410,81,SCIAN 2007::811410,UH0329,,Continuidad sin cambio explícito,81,SUMA_DIRECTA,
SCIAN 2007,811420,81,SCIAN 2007::811420,UH0330,,Continuidad sin cambio explícito,81,SUMA_DIRECTA,
SCIAN 2007,811430,81,SCIAN 2007::811430,UH0331,,Continuidad sin cambio explícito,81,SUMA_DIRECTA,
SCIAN 2007,811491,81,SCIAN 2007::811491,UH0332,,Continuidad sin cambio explícito,81,SUMA_DIRECTA,
SCIAN 2007,811492,81,SCIAN 2007::811492,UH0333,,Continuidad sin cambio explícito,81,SUMA_DIRECTA,
SCIAN 2007,811493,81,SCIAN 2007::811493,UH0334,,Continuidad sin cambio explícito,81,SUMA_DIRECTA,
SCIAN 2007,811499,81,SCIAN 2007::811499,UH0335,,Continuidad sin cambio explícito,81,SUMA_DIRECTA,
SCIAN 2007,812110,81,SCIAN 2007::812110,UH0336,,Continuidad sin cambio explícito,81,SUMA_DIRECTA,
SCIAN 2007,812120,81,SCIAN 2007::812120,UH0337,,Continuidad sin cambio explícito,81,SUMA_DIRECTA,
SCIAN 2007,812130,81,SCIAN 2007::812130,UH0338,,Continuidad sin cambio explícito,81,SUMA_DIRECTA,
SCIAN 2007,812210,81,SCIAN 2007::812210,UH0339,,Continuidad sin cambio explícito,81,SUMA_DIRECTA,
SCIAN 2007,812310,81,SCIAN 2007::812310,UH0340,,Continuidad sin cambio explícito,81,SUMA_DIRECTA,
SCIAN 2007,812320,81,SCIAN 2007::812320,FL08,FL08,Familia compleja resuelta,81,SUMA_DIRECTA,
SCIAN 2007,812410,81,SCIAN 2007::812410,UH0341,,Continuidad sin cambio explícito,81,SUMA_DIRECTA,
SCIAN 2007,812910,81,SCIAN 2007::812910,UH0342,,Continuidad sin cambio explícito,81,SUMA_DIRECTA,
SCIAN 2007,812990,81,SCIAN 2007::812990,UH0343,,Continuidad sin cambio explícito,81,SUMA_DIRECTA,
SCIAN 2007,813110,81,SCIAN 2007::813110,UH0344,,Continuidad sin cambio explícito,81,SUMA_DIRECTA,
SCIAN 2007,813120,81,SCIAN 2007::813120,UH0345,,Continuidad sin cambio explícito,81,SUMA_DIRECTA,
SCIAN 2007,813130,81,SCIAN 2007::813130,UH0346,,Continuidad sin cambio explícito,81,SUMA_DIRECTA,
SCIAN 2007,813210,81,SCIAN 2007::813210,UH0348,,Continuidad sin cambio explícito,81,SUMA_DIRECTA,
SCIAN 2007,813230,81,SCIAN 2007::813230,UH0349,,Continuidad sin cambio explícito,81,SUMA_DIRECTA,
SCIAN 2013,461110,46,SCIAN 2013::461110,FL01,FL01,Familia compleja resuelta,46,SUMA_DIRECTA,Familia equivalente al sector 46 observado; validación exacta 16/16 años
SCIAN 2013,461121,46,SCIAN 2013::461121,FL01,FL01,Familia compleja resuelta,46,SUMA_DIRECTA,Familia equivalente al sector 46 observado; validación exacta 16/16 años
SCIAN 2013,461122,46,SCIAN 2013::461122,FL01,FL01,Familia compleja resuelta,46,SUMA_DIRECTA,Familia equivalente al sector 46 observado; validación exacta 16/16 años
SCIAN 2013,461123,46,SCIAN 2013::461123,FL01,FL01,Familia compleja resuelta,46,SUMA_DIRECTA,Familia equivalente al sector 46 observado; validación exacta 16/16 años
SCIAN 2013,461130,46,SCIAN 2013::461130,FL01,FL01,Familia compleja resuelta,46,SUMA_DIRECTA,Familia equivalente al sector 46 observado; validación exacta 16/16 años
SCIAN 2013,461140,46,SCIAN 2013::461140,FL01,FL01,Familia compleja resuelta,46,SUMA_DIRECTA,Familia equivalente al sector 46 observado; validación exacta 16/16 años
SCIAN 2013,461150,46,SCIAN 2013::461150,FL01,FL01,Familia compleja resuelta,46,SUMA_DIRECTA,Familia equivalente al sector 46 observado; validación exacta 16/16 años
SCIAN 2013,461160,46,SCIAN 2013::461160,FL01,FL01,Familia compleja resuelta,46,SUMA_DIRECTA,Familia equivalente al sector 46 observado; validación exacta 16/16 años
SCIAN 2013,461170,46,SCIAN 2013::461170,FL01,FL01,Familia compleja resuelta,46,SUMA_DIRECTA,Familia equivalente al sector 46 observado; validación exacta 16/16 años
SCIAN 2013,461190,46,SCIAN 2013::461190,FL01,FL01,Familia compleja resuelta,46,SUMA_DIRECTA,Familia equivalente al sector 46 observado; validación exacta 16/16 años
SCIAN 2013,461211,46,SCIAN 2013::461211,FL01,FL01,Familia compleja resuelta,46,SUMA_DIRECTA,Familia equivalente al sector 46 observado; validación exacta 16/16 años
SCIAN 2013,461212,46,SCIAN 2013::461212,FL01,FL01,Familia compleja resuelta,46,SUMA_DIRECTA,Familia equivalente al sector 46 observado; validación exacta 16/16 años
SCIAN 2013,461213,46,SCIAN 2013::461213,FL01,FL01,Familia compleja resuelta,46,SUMA_DIRECTA,Familia equivalente al sector 46 observado; validación exacta 16/16 años
SCIAN 2013,461220,46,SCIAN 2013::461220,FL01,FL01,Familia compleja resuelta,46,SUMA_DIRECTA,Familia equivalente al sector 46 observado; validación exacta 16/16 años
SCIAN 2013,462111,46,SCIAN 2013::462111,FL01,FL01,Familia compleja resuelta,46,SUMA_DIRECTA,Familia equivalente al sector 46 observado; validación exacta 16/16 años
SCIAN 2013,462112,46,SCIAN 2013::462112,FL01,FL01,Familia compleja resuelta,46,SUMA_DIRECTA,Familia equivalente al sector 46 observado; validación exacta 16/16 años
SCIAN 2013,462210,46,SCIAN 2013::462210,FL01,FL01,Familia compleja resuelta,46,SUMA_DIRECTA,Familia equivalente al sector 46 observado; validación exacta 16/16 años
SCIAN 2013,463111,46,SCIAN 2013::463111,FL01,FL01,Familia compleja resuelta,46,SUMA_DIRECTA,Familia equivalente al sector 46 observado; validación exacta 16/16 años
SCIAN 2013,463112,46,SCIAN 2013::463112,FL01,FL01,Familia compleja resuelta,46,SUMA_DIRECTA,Familia equivalente al sector 46 observado; validación exacta 16/16 años
SCIAN 2013,463113,46,SCIAN 2013::463113,FL01,FL01,Familia compleja resuelta,46,SUMA_DIRECTA,Familia equivalente al sector 46 observado; validación exacta 16/16 años
SCIAN 2013,463211,46,SCIAN 2013::463211,FL01,FL01,Familia compleja resuelta,46,SUMA_DIRECTA,Familia equivalente al sector 46 observado; validación exacta 16/16 años
SCIAN 2013,463212,46,SCIAN 2013::463212,FL01,FL01,Familia compleja resuelta,46,SUMA_DIRECTA,Familia equivalente al sector 46 observado; validación exacta 16/16 años
SCIAN 2013,463213,46,SCIAN 2013::463213,FL01,FL01,Familia compleja resuelta,46,SUMA_DIRECTA,Familia equivalente al sector 46 observado; validación exacta 16/16 años
SCIAN 2013,463214,46,SCIAN 2013::463214,FL01,FL01,Familia compleja resuelta,46,SUMA_DIRECTA,Familia equivalente al sector 46 observado; validación exacta 16/16 años
SCIAN 2013,463215,46,SCIAN 2013::463215,FL01,FL01,Familia compleja resuelta,46,SUMA_DIRECTA,Familia equivalente al sector 46 observado; validación exacta 16/16 años
SCIAN 2013,463216,46,SCIAN 2013::463216,FL01,FL01,Familia compleja resuelta,46,SUMA_DIRECTA,Familia equivalente al sector 46 observado; validación exacta 16/16 años
SCIAN 2013,463217,46,SCIAN 2013::463217,FL01,FL01,Familia compleja resuelta,46,SUMA_DIRECTA,Familia equivalente al sector 46 observado; validación exacta 16/16 años
SCIAN 2013,463218,46,SCIAN 2013::463218,FL01,FL01,Familia compleja resuelta,46,SUMA_DIRECTA,Familia equivalente al sector 46 observado; validación exacta 16/16 años
SCIAN 2013,463310,46,SCIAN 2013::463310,FL01,FL01,Familia compleja resuelta,46,SUMA_DIRECTA,Familia equivalente al sector 46 observado; validación exacta 16/16 años
SCIAN 2013,464111,46,SCIAN 2013::464111,FL01,FL01,Familia compleja resuelta,46,SUMA_DIRECTA,Familia equivalente al sector 46 observado; validación exacta 16/16 años
SCIAN 2013,464112,46,SCIAN 2013::464112,FL01,FL01,Familia compleja resuelta,46,SUMA_DIRECTA,Familia equivalente al sector 46 observado; validación exacta 16/16 años
SCIAN 2013,464113,46,SCIAN 2013::464113,FL01,FL01,Familia compleja resuelta,46,SUMA_DIRECTA,Familia equivalente al sector 46 observado; validación exacta 16/16 años
SCIAN 2013,464121,46,SCIAN 2013::464121,FL01,FL01,Familia compleja resuelta,46,SUMA_DIRECTA,Familia equivalente al sector 46 observado; validación exacta 16/16 años
SCIAN 2013,464122,46,SCIAN 2013::464122,FL01,FL01,Familia compleja resuelta,46,SUMA_DIRECTA,Familia equivalente al sector 46 observado; validación exacta 16/16 años
SCIAN 2013,465111,46,SCIAN 2013::465111,FL01,FL01,Familia compleja resuelta,46,SUMA_DIRECTA,Familia equivalente al sector 46 observado; validación exacta 16/16 años
SCIAN 2013,465112,46,SCIAN 2013::465112,FL01,FL01,Familia compleja resuelta,46,SUMA_DIRECTA,Familia equivalente al sector 46 observado; validación exacta 16/16 años
SCIAN 2013,465211,46,SCIAN 2013::465211,FL01,FL01,Familia compleja resuelta,46,SUMA_DIRECTA,Familia equivalente al sector 46 observado; validación exacta 16/16 años
SCIAN 2013,465212,46,SCIAN 2013::465212,FL01,FL01,Familia compleja resuelta,46,SUMA_DIRECTA,Familia equivalente al sector 46 observado; validación exacta 16/16 años
SCIAN 2013,465213,46,SCIAN 2013::465213,FL01,FL01,Familia compleja resuelta,46,SUMA_DIRECTA,Familia equivalente al sector 46 observado; validación exacta 16/16 años
SCIAN 2013,465214,46,SCIAN 2013::465214,FL01,FL01,Familia compleja resuelta,46,SUMA_DIRECTA,Familia equivalente al sector 46 observado; validación exacta 16/16 años
SCIAN 2013,465215,46,SCIAN 2013::465215,FL01,FL01,Familia compleja resuelta,46,SUMA_DIRECTA,Familia equivalente al sector 46 observado; validación exacta 16/16 años
SCIAN 2013,465216,46,SCIAN 2013::465216,FL01,FL01,Familia compleja resuelta,46,SUMA_DIRECTA,Familia equivalente al sector 46 observado; validación exacta 16/16 años
SCIAN 2013,465311,46,SCIAN 2013::465311,FL01,FL01,Familia compleja resuelta,46,SUMA_DIRECTA,Familia equivalente al sector 46 observado; validación exacta 16/16 años
SCIAN 2013,465312,46,SCIAN 2013::465312,FL01,FL01,Familia compleja resuelta,46,SUMA_DIRECTA,Familia equivalente al sector 46 observado; validación exacta 16/16 años
SCIAN 2013,465313,46,SCIAN 2013::465313,FL01,FL01,Familia compleja resuelta,46,SUMA_DIRECTA,Familia equivalente al sector 46 observado; validación exacta 16/16 años
SCIAN 2013,465911,46,SCIAN 2013::465911,FL01,FL01,Familia compleja resuelta,46,SUMA_DIRECTA,Familia equivalente al sector 46 observado; validación exacta 16/16 años
SCIAN 2013,465912,46,SCIAN 2013::465912,FL01,FL01,Familia compleja resuelta,46,SUMA_DIRECTA,Familia equivalente al sector 46 observado; validación exacta 16/16 años
SCIAN 2013,465913,46,SCIAN 2013::465913,FL01,FL01,Familia compleja resuelta,46,SUMA_DIRECTA,Familia equivalente al sector 46 observado; validación exacta 16/16 años
SCIAN 2013,465914,46,SCIAN 2013::465914,FL01,FL01,Familia compleja resuelta,46,SUMA_DIRECTA,Familia equivalente al sector 46 observado; validación exacta 16/16 años
SCIAN 2013,465915,46,SCIAN 2013::465915,FL01,FL01,Familia compleja resuelta,46,SUMA_DIRECTA,Familia equivalente al sector 46 observado; validación exacta 16/16 años
SCIAN 2013,465919,46,SCIAN 2013::465919,FL01,FL01,Familia compleja resuelta,46,SUMA_DIRECTA,Familia equivalente al sector 46 observado; validación exacta 16/16 años
SCIAN 2013,466111,46,SCIAN 2013::466111,FL01,FL01,Familia compleja resuelta,46,SUMA_DIRECTA,Familia equivalente al sector 46 observado; validación exacta 16/16 años
SCIAN 2013,466112,46,SCIAN 2013::466112,FL01,FL01,Familia compleja resuelta,46,SUMA_DIRECTA,Familia equivalente al sector 46 observado; validación exacta 16/16 años
SCIAN 2013,466113,46,SCIAN 2013::466113,FL01,FL01,Familia compleja resuelta,46,SUMA_DIRECTA,Familia equivalente al sector 46 observado; validación exacta 16/16 años
SCIAN 2013,466114,46,SCIAN 2013::466114,FL01,FL01,Familia compleja resuelta,46,SUMA_DIRECTA,Familia equivalente al sector 46 observado; validación exacta 16/16 años
SCIAN 2013,466211,46,SCIAN 2013::466211,FL01,FL01,Familia compleja resuelta,46,SUMA_DIRECTA,Familia equivalente al sector 46 observado; validación exacta 16/16 años
SCIAN 2013,466212,46,SCIAN 2013::466212,FL01,FL01,Familia compleja resuelta,46,SUMA_DIRECTA,Familia equivalente al sector 46 observado; validación exacta 16/16 años
SCIAN 2013,466311,46,SCIAN 2013::466311,FL01,FL01,Familia compleja resuelta,46,SUMA_DIRECTA,Familia equivalente al sector 46 observado; validación exacta 16/16 años
SCIAN 2013,466312,46,SCIAN 2013::466312,FL01,FL01,Familia compleja resuelta,46,SUMA_DIRECTA,Familia equivalente al sector 46 observado; validación exacta 16/16 años
SCIAN 2013,466313,46,SCIAN 2013::466313,FL01,FL01,Familia compleja resuelta,46,SUMA_DIRECTA,Familia equivalente al sector 46 observado; validación exacta 16/16 años
SCIAN 2013,466314,46,SCIAN 2013::466314,FL01,FL01,Familia compleja resuelta,46,SUMA_DIRECTA,Familia equivalente al sector 46 observado; validación exacta 16/16 años
SCIAN 2013,466319,46,SCIAN 2013::466319,FL01,FL01,Familia compleja resuelta,46,SUMA_DIRECTA,Familia equivalente al sector 46 observado; validación exacta 16/16 años
SCIAN 2013,466410,46,SCIAN 2013::466410,FL01,FL01,Familia compleja resuelta,46,SUMA_DIRECTA,Familia equivalente al sector 46 observado; validación exacta 16/16 años
SCIAN 2013,467111,46,SCIAN 2013::467111,FL01,FL01,Familia compleja resuelta,46,SUMA_DIRECTA,Familia equivalente al sector 46 observado; validación exacta 16/16 años
SCIAN 2013,467112,46,SCIAN 2013::467112,FL01,FL01,Familia compleja resuelta,46,SUMA_DIRECTA,Familia equivalente al sector 46 observado; validación exacta 16/16 años
SCIAN 2013,467113,46,SCIAN 2013::467113,FL01,FL01,Familia compleja resuelta,46,SUMA_DIRECTA,Familia equivalente al sector 46 observado; validación exacta 16/16 años
SCIAN 2013,467114,46,SCIAN 2013::467114,FL01,FL01,Familia compleja resuelta,46,SUMA_DIRECTA,Familia equivalente al sector 46 observado; validación exacta 16/16 años
SCIAN 2013,467115,46,SCIAN 2013::467115,FL01,FL01,Familia compleja resuelta,46,SUMA_DIRECTA,Familia equivalente al sector 46 observado; validación exacta 16/16 años
SCIAN 2013,467116,46,SCIAN 2013::467116,FL01,FL01,Familia compleja resuelta,46,SUMA_DIRECTA,Familia equivalente al sector 46 observado; validación exacta 16/16 años
SCIAN 2013,467117,46,SCIAN 2013::467117,FL01,FL01,Familia compleja resuelta,46,SUMA_DIRECTA,Familia equivalente al sector 46 observado; validación exacta 16/16 años
SCIAN 2013,468111,46,SCIAN 2013::468111,FL01,FL01,Familia compleja resuelta,46,SUMA_DIRECTA,Familia equivalente al sector 46 observado; validación exacta 16/16 años
SCIAN 2013,468112,46,SCIAN 2013::468112,FL01,FL01,Familia compleja resuelta,46,SUMA_DIRECTA,Familia equivalente al sector 46 observado; validación exacta 16/16 años
SCIAN 2013,468211,46,SCIAN 2013::468211,FL01,FL01,Familia compleja resuelta,46,SUMA_DIRECTA,Familia equivalente al sector 46 observado; validación exacta 16/16 años
SCIAN 2013,468212,46,SCIAN 2013::468212,FL01,FL01,Familia compleja resuelta,46,SUMA_DIRECTA,Familia equivalente al sector 46 observado; validación exacta 16/16 años
SCIAN 2013,468213,46,SCIAN 2013::468213,FL01,FL01,Familia compleja resuelta,46,SUMA_DIRECTA,Familia equivalente al sector 46 observado; validación exacta 16/16 años
SCIAN 2013,468311,46,SCIAN 2013::468311,FL01,FL01,Familia compleja resuelta,46,SUMA_DIRECTA,Familia equivalente al sector 46 observado; validación exacta 16/16 años
SCIAN 2013,468411,46,SCIAN 2013::468411,FL01,FL01,Familia compleja resuelta,46,SUMA_DIRECTA,Familia equivalente al sector 46 observado; validación exacta 16/16 años
SCIAN 2013,468412,46,SCIAN 2013::468412,FL01,FL01,Familia compleja resuelta,46,SUMA_DIRECTA,Familia equivalente al sector 46 observado; validación exacta 16/16 años
SCIAN 2013,468413,46,SCIAN 2013::468413,FL01,FL01,Familia compleja resuelta,46,SUMA_DIRECTA,Familia equivalente al sector 46 observado; validación exacta 16/16 años
SCIAN 2013,468419,46,SCIAN 2013::468419,FL01,FL01,Familia compleja resuelta,46,SUMA_DIRECTA,Familia equivalente al sector 46 observado; validación exacta 16/16 años
SCIAN 2013,468420,46,SCIAN 2013::468420,FL01,FL01,Familia compleja resuelta,46,SUMA_DIRECTA,Familia equivalente al sector 46 observado; validación exacta 16/16 años
SCIAN 2013,469110,46,SCIAN 2013::469110,FL01,FL01,Familia compleja resuelta,46,SUMA_DIRECTA,Familia equivalente al sector 46 observado; validación exacta 16/16 años
SCIAN 2013,481111,48,SCIAN 2013::481111,UH0034,,Continuidad sin cambio explícito,48,SUMA_DIRECTA,
SCIAN 2013,481210,48,SCIAN 2013::481210,UH0035,,Continuidad sin cambio explícito,48,SUMA_DIRECTA,
SCIAN 2013,482110,48,SCIAN 2013::482110,UH0036,,Continuidad sin cambio explícito,48,SUMA_DIRECTA,
SCIAN 2013,484119,48,SCIAN 2013::484119,UH0037,,Continuidad sin cambio explícito,48,SUMA_DIRECTA,
SCIAN 2013,484121,48,SCIAN 2013::484121,UH0038,,Continuidad sin cambio explícito,48,SUMA_DIRECTA,
SCIAN 2013,484129,48,SCIAN 2013::484129,UH0039,,Continuidad sin cambio explícito,48,SUMA_DIRECTA,
SCIAN 2013,484210,48,SCIAN 2013::484210,UH0040,,Continuidad sin cambio explícito,48,SUMA_DIRECTA,
SCIAN 2013,484221,48,SCIAN 2013::484221,UH0041,,Continuidad sin cambio explícito,48,SUMA_DIRECTA,
SCIAN 2013,484222,48,SCIAN 2013::484222,UH0042,,Continuidad sin cambio explícito,48,SUMA_DIRECTA,
SCIAN 2013,484229,48,SCIAN 2013::484229,UH0043,,Continuidad sin cambio explícito,48,SUMA_DIRECTA,
SCIAN 2013,484231,48,SCIAN 2013::484231,UH0044,,Continuidad sin cambio explícito,48,SUMA_DIRECTA,
SCIAN 2013,484232,48,SCIAN 2013::484232,UH0045,,Continuidad sin cambio explícito,48,SUMA_DIRECTA,
SCIAN 2013,484239,48,SCIAN 2013::484239,UH0046,,Continuidad sin cambio explícito,48,SUMA_DIRECTA,
SCIAN 2013,485111,48,SCIAN 2013::485111,FL10,FL10,Familia compleja resuelta,48,SUMA_DIRECTA,
SCIAN 2013,485210,48,SCIAN 2013::485210,UH0048,,Continuidad sin cambio explícito,48,SUMA_DIRECTA,
SCIAN 2013,485320,48,SCIAN 2013::485320,UH0050,,Continuidad sin cambio explícito,48,SUMA_DIRECTA,
SCIAN 2013,485410,48,SCIAN 2013::485410,UH0051,,Continuidad sin cambio explícito,48,SUMA_DIRECTA,
SCIAN 2013,485510,48,SCIAN 2013::485510,UH0052,,Continuidad sin cambio explícito,48,SUMA_DIRECTA,
SCIAN 2013,485990,48,SCIAN 2013::485990,UH0053,,Continuidad sin cambio explícito,48,SUMA_DIRECTA,
SCIAN 2013,487110,48,SCIAN 2013::487110,UH0054,,Continuidad sin cambio explícito,48,SUMA_DIRECTA,
SCIAN 2013,487990,48,SCIAN 2013::487990,UH0055,,Continuidad sin cambio explícito,48,SUMA_DIRECTA,
SCIAN 2013,488410,48,SCIAN 2013::488410,UH0057,,Continuidad sin cambio explícito,48,SUMA_DIRECTA,
SCIAN 2013,488491,48,SCIAN 2013::488491,UH0058,,Continuidad sin cambio explícito,48,SUMA_DIRECTA,
SCIAN 2013,488492,48,SCIAN 2013::488492,UH0059,,Continuidad sin cambio explícito,48,SUMA_DIRECTA,
SCIAN 2013,488493,48,SCIAN 2013::488493,UH0060,,Continuidad sin cambio explícito,48,SUMA_DIRECTA,
SCIAN 2013,488511,48,SCIAN 2013::488511,UH0061,,Continuidad sin cambio explícito,48,SUMA_DIRECTA,
SCIAN 2013,488519,48,SCIAN 2013::488519,UH0062,,Continuidad sin cambio explícito,48,SUMA_DIRECTA,
SCIAN 2013,488990,48,SCIAN 2013::488990,UH0063,,Continuidad sin cambio explícito,48,SUMA_DIRECTA,
SCIAN 2013,491110,49,SCIAN 2013::491110,UH0064,,Continuidad sin cambio explícito,49,SUMA_DIRECTA,
SCIAN 2013,492110,49,SCIAN 2013::492110,UH0065,,Continuidad sin cambio explícito,49,SUMA_DIRECTA,
SCIAN 2013,492210,49,SCIAN 2013::492210,UH0066,,Continuidad sin cambio explícito,49,SUMA_DIRECTA,
SCIAN 2013,493111,49,SCIAN 2013::493111,UH0067,,Continuidad sin cambio explícito,49,SUMA_DIRECTA,
SCIAN 2013,493119,49,SCIAN 2013::493119,UH0068,,Continuidad sin cambio explícito,49,SUMA_DIRECTA,
SCIAN 2013,511112,51,SCIAN 2013::511112,FL12,FL12,Familia compleja resuelta,51,SUMA_DIRECTA,
SCIAN 2013,511121,51,SCIAN 2013::511121,FL12,FL12,Familia compleja resuelta,51,SUMA_DIRECTA,
SCIAN 2013,511131,51,SCIAN 2013::511131,FL12,FL12,Familia compleja resuelta,51,SUMA_DIRECTA,
SCIAN 2013,511132,51,SCIAN 2013::511132,FL12,FL12,Familia compleja resuelta,51,SUMA_DIRECTA,
SCIAN 2013,511210,51,SCIAN 2013::511210,FL12,FL12,Familia compleja resuelta,51,SUMA_DIRECTA,
SCIAN 2013,512112,51,SCIAN 2013::512112,UH0072,,Continuidad sin cambio explícito,51,SUMA_DIRECTA,
SCIAN 2013,512113,51,SCIAN 2013::512113,UH0073,,Continuidad sin cambio explícito,51,SUMA_DIRECTA,
SCIAN 2013,512130,51,SCIAN 2013::512130,UH0074,,Continuidad sin cambio explícito,51,SUMA_DIRECTA,
SCIAN 2013,512210,51,SCIAN 2013::512210,UH0075,,Agregación directa,51,SUMA_DIRECTA,
SCIAN 2013,512290,51,SCIAN 2013::512290,UH0076,,Continuidad sin cambio explícito,51,SUMA_DIRECTA,
SCIAN 2013,515110,51,SCIAN 2013::515110,FL12,FL12,Familia compleja resuelta,51,SUMA_DIRECTA,
SCIAN 2013,515120,51,SCIAN 2013::515120,FL12,FL12,Familia compleja resuelta,51,SUMA_DIRECTA,
SCIAN 2013,515210,51,SCIAN 2013::515210,FL12,FL12,Familia compleja resuelta,51,SUMA_DIRECTA,
SCIAN 2013,517110,51,SCIAN 2013::517110,UH0077,,Agregación directa,51,SUMA_DIRECTA,
SCIAN 2013,517210,51,SCIAN 2013::517210,UH0078,,Correspondencia directa 1 a 1,51,SUMA_DIRECTA,
SCIAN 2013,517910,51,SCIAN 2013::517910,UH0080,,Continuidad sin cambio explícito,51,SUMA_DIRECTA,
SCIAN 2013,518210,51,SCIAN 2013::518210,UH0081,,Continuidad sin cambio explícito,51,SUMA_DIRECTA,
SCIAN 2013,519110,51,SCIAN 2013::519110,FL12,FL12,Familia compleja resuelta,51,SUMA_DIRECTA,
SCIAN 2013,519121,51,SCIAN 2013::519121,UH0082,,Correspondencia directa 1 a 1,51,SUMA_DIRECTA,
SCIAN 2013,519122,51,SCIAN 2013::519122,UH0083,,Correspondencia directa 1 a 1,51,SUMA_DIRECTA,
SCIAN 2013,519130,51,SCIAN 2013::519130,FL12,FL12,Familia compleja resuelta,51,SUMA_DIRECTA,
SCIAN 2013,521110,52,SCIAN 2013::521110,UH0084,,Continuidad sin cambio explícito,52,SUMA_DIRECTA,
SCIAN 2013,522110,52,SCIAN 2013::522110,UH0085,,Continuidad sin cambio explícito,52,SUMA_DIRECTA,
SCIAN 2013,522210,52,SCIAN 2013::522210,UH0086,,Continuidad sin cambio explícito,52,SUMA_DIRECTA,
SCIAN 2013,522220,52,SCIAN 2013::522220,UH0087,,Continuidad sin cambio explícito,52,SUMA_DIRECTA,
SCIAN 2013,522310,52,SCIAN 2013::522310,UH0088,,Continuidad sin cambio explícito,52,SUMA_DIRECTA,
SCIAN 2013,522320,52,SCIAN 2013::522320,UH0089,,Continuidad sin cambio explícito,52,SUMA_DIRECTA,
SCIAN 2013,522390,52,SCIAN 2013::522390,UH0090,,Continuidad sin cambio explícito,52,SUMA_DIRECTA,
SCIAN 2013,522430,52,SCIAN 2013::522430,FL02,FL02,Familia compleja resuelta,52,SUMA_DIRECTA,
SCIAN 2013,522440,52,SCIAN 2013::522440,UH0091,,Continuidad sin cambio explícito,52,SUMA_DIRECTA,
SCIAN 2013,522451,52,SCIAN 2013::522451,UH0092,,Continuidad sin cambio explícito,52,SUMA_DIRECTA,
SCIAN 2013,522452,52,SCIAN 2013::522452,UH0093,,Continuidad sin cambio explícito,52,SUMA_DIRECTA,
SCIAN 2013,522460,52,SCIAN 2013::522460,FL02,FL02,Familia compleja resuelta,52,SUMA_DIRECTA,
SCIAN 2013,522490,52,SCIAN 2013::522490,FL02,FL02,Familia compleja resuelta,52,SUMA_DIRECTA,
SCIAN 2013,522510,52,SCIAN 2013::522510,UH0094,,Continuidad sin cambio explícito,52,SUMA_DIRECTA,
SCIAN 2013,523110,52,SCIAN 2013::523110,UH0095,,Continuidad sin cambio explícito,52,SUMA_DIRECTA,
SCIAN 2013,523121,52,SCIAN 2013::523121,UH0096,,Continuidad sin cambio explícito,52,SUMA_DIRECTA,
SCIAN 2013,523122,52,SCIAN 2013::523122,UH0097,,Continuidad sin cambio explícito,52,SUMA_DIRECTA,
SCIAN 2013,524110,52,SCIAN 2013::524110,UH0099,,Continuidad sin cambio explícito,52,SUMA_DIRECTA,
SCIAN 2013,524130,52,SCIAN 2013::524130,UH0100,,Continuidad sin cambio explícito,52,SUMA_DIRECTA,
SCIAN 2013,524210,52,SCIAN 2013::524210,UH0101,,Continuidad sin cambio explícito,52,SUMA_DIRECTA,
SCIAN 2013,524220,52,SCIAN 2013::524220,UH0102,,Continuidad sin cambio explícito,52,SUMA_DIRECTA,
SCIAN 2013,531112,53,SCIAN 2013::531112,UH0103,,Continuidad sin cambio explícito,53,SUMA_DIRECTA,
SCIAN 2013,531113,53,SCIAN 2013::531113,UH0104,,Continuidad sin cambio explícito,53,SUMA_DIRECTA,
SCIAN 2013,531114,53,SCIAN 2013::531114,UH0105,,Continuidad sin cambio explícito,53,SUMA_DIRECTA,
SCIAN 2013,531115,53,SCIAN 2013::531115,UH0106,,Continuidad sin cambio explícito,53,SUMA_DIRECTA,
SCIAN 2013,531119,53,SCIAN 2013::531119,FL03,FL03,Familia compleja resuelta,53,SUMA_DIRECTA,
SCIAN 2013,531210,53,SCIAN 2013::531210,UH0107,,Continuidad sin cambio explícito,53,SUMA_DIRECTA,
SCIAN 2013,531311,53,SCIAN 2013::531311,UH0108,,Continuidad sin cambio explícito,53,SUMA_DIRECTA,
SCIAN 2013,531319,53,SCIAN 2013::531319,UH0109,,Continuidad sin cambio explícito,53,SUMA_DIRECTA,
SCIAN 2013,532110,53,SCIAN 2013::532110,UH0110,,Continuidad sin cambio explícito,53,SUMA_DIRECTA,
SCIAN 2013,532121,53,SCIAN 2013::532121,UH0111,,Continuidad sin cambio explícito,53,SUMA_DIRECTA,
SCIAN 2013,532210,53,SCIAN 2013::532210,UH0112,,Continuidad sin cambio explícito,53,SUMA_DIRECTA,
SCIAN 2013,532220,53,SCIAN 2013::532220,UH0113,,Correspondencia directa 1 a 1,53,SUMA_DIRECTA,
SCIAN 2013,532230,53,SCIAN 2013::532230,UH0114,,Agregación directa,53,SUMA_DIRECTA,
SCIAN 2013,532291,53,SCIAN 2013::532291,UH0115,,Correspondencia directa 1 a 1,53,SUMA_DIRECTA,
SCIAN 2013,532299,53,SCIAN 2013::532299,UH0114,,Agregación directa,53,SUMA_DIRECTA,
SCIAN 2013,532310,53,SCIAN 2013::532310,UH0116,,Continuidad sin cambio explícito,53,SUMA_DIRECTA,
SCIAN 2013,532411,53,SCIAN 2013::532411,UH0117,,Continuidad sin cambio explícito,53,SUMA_DIRECTA,
SCIAN 2013,532412,53,SCIAN 2013::532412,UH0118,,Continuidad sin cambio explícito,53,SUMA_DIRECTA,
SCIAN 2013,532420,53,SCIAN 2013::532420,UH0119,,Continuidad sin cambio explícito,53,SUMA_DIRECTA,
SCIAN 2013,532492,53,SCIAN 2013::532492,UH0120,,Continuidad sin cambio explícito,53,SUMA_DIRECTA,
SCIAN 2013,532493,53,SCIAN 2013::532493,UH0121,,Continuidad sin cambio explícito,53,SUMA_DIRECTA,
SCIAN 2013,533110,53,SCIAN 2013::533110,UH0122,,Continuidad sin cambio explícito,53,SUMA_DIRECTA,
SCIAN 2013,541110,54,SCIAN 2013::541110,UH0123,,Continuidad sin cambio explícito,54,SUMA_DIRECTA,
SCIAN 2013,541120,54,SCIAN 2013::541120,UH0124,,Continuidad sin cambio explícito,54,SUMA_DIRECTA,
SCIAN 2013,541190,54,SCIAN 2013::541190,UH0125,,Continuidad sin cambio explícito,54,SUMA_DIRECTA,
SCIAN 2013,541211,54,SCIAN 2013::541211,UH0126,,Continuidad sin cambio explícito,54,SUMA_DIRECTA,
SCIAN 2013,541310,54,SCIAN 2013::541310,UH0128,,Continuidad sin cambio explícito,54,SUMA_DIRECTA,
SCIAN 2013,541330,54,SCIAN 2013::541330,UH0130,,Continuidad sin cambio explícito,54,SUMA_DIRECTA,
SCIAN 2013,541340,54,SCIAN 2013::541340,UH0131,,Continuidad sin cambio explícito,54,SUMA_DIRECTA,
SCIAN 2013,541350,54,SCIAN 2013::541350,UH0132,,Continuidad sin cambio explícito,54,SUMA_DIRECTA,
SCIAN 2013,541370,54,SCIAN 2013::541370,UH0134,,Continuidad sin cambio explícito,54,SUMA_DIRECTA,
SCIAN 2013,541380,54,SCIAN 2013::541380,UH0135,,Continuidad sin cambio explícito,54,SUMA_DIRECTA,
SCIAN 2013,541410,54,SCIAN 2013::541410,UH0136,,Continuidad sin cambio explícito,54,SUMA_DIRECTA,
SCIAN 2013,541430,54,SCIAN 2013::541430,UH0137,,Continuidad sin cambio explícito,54,SUMA_DIRECTA,
SCIAN 2013,541510,54,SCIAN 2013::541510,UH0139,,Continuidad sin cambio explícito,54,SUMA_DIRECTA,
SCIAN 2013,541610,54,SCIAN 2013::541610,UH0140,,Continuidad sin cambio explícito,54,SUMA_DIRECTA,
SCIAN 2013,541620,54,SCIAN 2013::541620,UH0141,,Continuidad sin cambio explícito,54,SUMA_DIRECTA,
SCIAN 2013,541690,54,SCIAN 2013::541690,UH0142,,Continuidad sin cambio explícito,54,SUMA_DIRECTA,
SCIAN 2013,541711,54,SCIAN 2013::541711,UH0143,,Continuidad sin cambio explícito,54,SUMA_DIRECTA,
SCIAN 2013,541712,54,SCIAN 2013::541712,UH0144,,Continuidad sin cambio explícito,54,SUMA_DIRECTA,
SCIAN 2013,541722,54,SCIAN 2013::541722,UH0146,,Continuidad sin cambio explícito,54,SUMA_DIRECTA,
SCIAN 2013,541810,54,SCIAN 2013::541810,UH0147,,Continuidad sin cambio explícito,54,SUMA_DIRECTA,
SCIAN 2013,541840,54,SCIAN 2013::541840,UH0149,,Continuidad sin cambio explícito,54,SUMA_DIRECTA,
SCIAN 2013,541850,54,SCIAN 2013::541850,UH0150,,Continuidad sin cambio explícito,54,SUMA_DIRECTA,
SCIAN 2013,541870,54,SCIAN 2013::541870,UH0151,,Continuidad sin cambio explícito,54,SUMA_DIRECTA,
SCIAN 2013,541890,54,SCIAN 2013::541890,UH0152,,Continuidad sin cambio explícito,54,SUMA_DIRECTA,
SCIAN 2013,541910,54,SCIAN 2013::541910,UH0153,,Continuidad sin cambio explícito,54,SUMA_DIRECTA,
SCIAN 2013,541920,54,SCIAN 2013::541920,UH0154,,Continuidad sin cambio explícito,54,SUMA_DIRECTA,
SCIAN 2013,541941,54,SCIAN 2013::541941,UH0155,,Continuidad sin cambio explícito,54,SUMA_DIRECTA,
SCIAN 2013,541942,54,SCIAN 2013::541942,UH0156,,Continuidad sin cambio explícito,54,SUMA_DIRECTA,
SCIAN 2013,541943,54,SCIAN 2013::541943,UH0157,,Continuidad sin cambio explícito,54,SUMA_DIRECTA,
SCIAN 2013,541990,54,SCIAN 2013::541990,UH0158,,Continuidad sin cambio explícito,54,SUMA_DIRECTA,
SCIAN 2013,561110,56,SCIAN 2013::561110,UH0159,,Continuidad sin cambio explícito,56,SUMA_DIRECTA,
SCIAN 2013,561210,56,SCIAN 2013::561210,UH0160,,Continuidad sin cambio explícito,56,SUMA_DIRECTA,
SCIAN 2013,561310,56,SCIAN 2013::561310,UH0161,,Continuidad sin cambio explícito,56,SUMA_DIRECTA,
SCIAN 2013,561320,56,SCIAN 2013::561320,UH0162,,Continuidad sin cambio explícito,56,SUMA_DIRECTA,
SCIAN 2013,561330,56,SCIAN 2013::561330,UH0163,,Continuidad sin cambio explícito,56,SUMA_DIRECTA,
SCIAN 2013,561421,56,SCIAN 2013::561421,UH0165,,Continuidad sin cambio explícito,56,SUMA_DIRECTA,
SCIAN 2013,561422,56,SCIAN 2013::561422,UH0166,,Continuidad sin cambio explícito,56,SUMA_DIRECTA,
SCIAN 2013,561431,56,SCIAN 2013::561431,UH0167,,Continuidad sin cambio explícito,56,SUMA_DIRECTA,
SCIAN 2013,561432,56,SCIAN 2013::561432,UH0168,,Continuidad sin cambio explícito,56,SUMA_DIRECTA,
SCIAN 2013,561440,56,SCIAN 2013::561440,UH0169,,Continuidad sin cambio explícito,56,SUMA_DIRECTA,
SCIAN 2013,561490,56,SCIAN 2013::561490,UH0171,,Continuidad sin cambio explícito,56,SUMA_DIRECTA,
SCIAN 2013,561510,56,SCIAN 2013::561510,UH0172,,Continuidad sin cambio explícito,56,SUMA_DIRECTA,
SCIAN 2013,561520,56,SCIAN 2013::561520,UH0173,,Continuidad sin cambio explícito,56,SUMA_DIRECTA,
SCIAN 2013,561590,56,SCIAN 2013::561590,UH0174,,Continuidad sin cambio explícito,56,SUMA_DIRECTA,
SCIAN 2013,561610,56,SCIAN 2013::561610,UH0175,,Continuidad sin cambio explícito,56,SUMA_DIRECTA,
SCIAN 2013,561620,56,SCIAN 2013::561620,UH0176,,Continuidad sin cambio explícito,56,SUMA_DIRECTA,
SCIAN 2013,561710,56,SCIAN 2013::561710,UH0177,,Continuidad sin cambio explícito,56,SUMA_DIRECTA,
SCIAN 2013,561720,56,SCIAN 2013::561720,UH0178,,Continuidad sin cambio explícito,56,SUMA_DIRECTA,
SCIAN 2013,561730,56,SCIAN 2013::561730,UH0179,,Continuidad sin cambio explícito,56,SUMA_DIRECTA,
SCIAN 2013,561740,56,SCIAN 2013::561740,UH0180,,Continuidad sin cambio explícito,56,SUMA_DIRECTA,
SCIAN 2013,561790,56,SCIAN 2013::561790,UH0181,,Continuidad sin cambio explícito,56,SUMA_DIRECTA,
SCIAN 2013,561910,56,SCIAN 2013::561910,UH0182,,Continuidad sin cambio explícito,56,SUMA_DIRECTA,
SCIAN 2013,561920,56,SCIAN 2013::561920,UH0183,,Continuidad sin cambio explícito,56,SUMA_DIRECTA,
SCIAN 2013,561990,56,SCIAN 2013::561990,UH0184,,Continuidad sin cambio explícito,56,SUMA_DIRECTA,
SCIAN 2013,562111,56,SCIAN 2013::562111,FL11,FL11,Familia compleja resuelta,56,SUMA_DIRECTA,
SCIAN 2013,562112,56,SCIAN 2013::562112,FL11,FL11,Familia compleja resuelta,56,SUMA_DIRECTA,
SCIAN 2013,611111,61,SCIAN 2013::611111,UH0185,,Continuidad sin cambio explícito,61,SUMA_DIRECTA,
SCIAN 2013,611112,61,SCIAN 2013::611112,UH0186,,Continuidad sin cambio explícito,61,SUMA_DIRECTA,
SCIAN 2013,611121,61,SCIAN 2013::611121,UH0187,,Continuidad sin cambio explícito,61,SUMA_DIRECTA,
SCIAN 2013,611122,61,SCIAN 2013::611122,UH0188,,Continuidad sin cambio explícito,61,SUMA_DIRECTA,
SCIAN 2013,611131,61,SCIAN 2013::611131,UH0189,,Continuidad sin cambio explícito,61,SUMA_DIRECTA,
SCIAN 2013,611132,61,SCIAN 2013::611132,UH0190,,Continuidad sin cambio explícito,61,SUMA_DIRECTA,
SCIAN 2013,611142,61,SCIAN 2013::611142,UH0192,,Continuidad sin cambio explícito,61,SUMA_DIRECTA,
SCIAN 2013,611151,61,SCIAN 2013::611151,UH0193,,Continuidad sin cambio explícito,61,SUMA_DIRECTA,
SCIAN 2013,611161,61,SCIAN 2013::611161,UH0195,,Continuidad sin cambio explícito,61,SUMA_DIRECTA,
SCIAN 2013,611162,61,SCIAN 2013::611162,UH0196,,Continuidad sin cambio explícito,61,SUMA_DIRECTA,
SCIAN 2013,611171,61,SCIAN 2013::611171,UH0197,,Continuidad sin cambio explícito,61,SUMA_DIRECTA,
SCIAN 2013,611172,61,SCIAN 2013::611172,UH0198,,Continuidad sin cambio explícito,61,SUMA_DIRECTA,
SCIAN 2013,611181,61,SCIAN 2013::611181,UH0199,,Continuidad sin cambio explícito,61,SUMA_DIRECTA,
SCIAN 2013,611182,61,SCIAN 2013::611182,UH0200,,Continuidad sin cambio explícito,61,SUMA_DIRECTA,
SCIAN 2013,611211,61,SCIAN 2013::611211,UH0201,,Continuidad sin cambio explícito,61,SUMA_DIRECTA,
SCIAN 2013,611212,61,SCIAN 2013::611212,UH0202,,Continuidad sin cambio explícito,61,SUMA_DIRECTA,
SCIAN 2013,611311,61,SCIAN 2013::611311,UH0203,,Continuidad sin cambio explícito,61,SUMA_DIRECTA,
SCIAN 2013,611312,61,SCIAN 2013::611312,UH0204,,Continuidad sin cambio explícito,61,SUMA_DIRECTA,
SCIAN 2013,611411,61,SCIAN 2013::611411,UH0205,,Continuidad sin cambio explícito,61,SUMA_DIRECTA,
SCIAN 2013,611412,61,SCIAN 2013::611412,UH0206,,Continuidad sin cambio explícito,61,SUMA_DIRECTA,
SCIAN 2013,611421,61,SCIAN 2013::611421,UH0207,,Continuidad sin cambio explícito,61,SUMA_DIRECTA,
SCIAN 2013,611422,61,SCIAN 2013::611422,UH0208,,Continuidad sin cambio explícito,61,SUMA_DIRECTA,
SCIAN 2013,611431,61,SCIAN 2013::611431,UH0209,,Continuidad sin cambio explícito,61,SUMA_DIRECTA,
SCIAN 2013,611511,61,SCIAN 2013::611511,UH0210,,Continuidad sin cambio explícito,61,SUMA_DIRECTA,
SCIAN 2013,611512,61,SCIAN 2013::611512,UH0211,,Continuidad sin cambio explícito,61,SUMA_DIRECTA,
SCIAN 2013,611611,61,SCIAN 2013::611611,UH0212,,Continuidad sin cambio explícito,61,SUMA_DIRECTA,
SCIAN 2013,611612,61,SCIAN 2013::611612,UH0213,,Continuidad sin cambio explícito,61,SUMA_DIRECTA,
SCIAN 2013,611621,61,SCIAN 2013::611621,UH0214,,Continuidad sin cambio explícito,61,SUMA_DIRECTA,
SCIAN 2013,611622,61,SCIAN 2013::611622,UH0215,,Continuidad sin cambio explícito,61,SUMA_DIRECTA,
SCIAN 2013,611631,61,SCIAN 2013::611631,UH0216,,Continuidad sin cambio explícito,61,SUMA_DIRECTA,
SCIAN 2013,611691,61,SCIAN 2013::611691,UH0217,,Continuidad sin cambio explícito,61,SUMA_DIRECTA,
SCIAN 2013,611698,61,SCIAN 2013::611698,UH0218,,Continuidad sin cambio explícito,61,SUMA_DIRECTA,
SCIAN 2013,611699,61,SCIAN 2013::611699,UH0219,,Continuidad sin cambio explícito,61,SUMA_DIRECTA,
SCIAN 2013,611710,61,SCIAN 2013::611710,UH0220,,Continuidad sin cambio explícito,61,SUMA_DIRECTA,
SCIAN 2013,621111,62,SCIAN 2013::621111,FL04,FL04,Familia compleja resuelta,62,SUMA_DIRECTA,
SCIAN 2013,621112,62,SCIAN 2013::621112,FL05,FL05,Familia compleja resuelta,62,SUMA_DIRECTA,
SCIAN 2013,621113,62,SCIAN 2013::621113,FL04,FL04,Familia compleja resuelta,62,SUMA_DIRECTA,
SCIAN 2013,621115,62,SCIAN 2013::621115,FL04,FL04,Familia compleja resuelta,62,SUMA_DIRECTA,
SCIAN 2013,621116,62,SCIAN 2013::621116,FL05,FL05,Familia compleja resuelta,62,SUMA_DIRECTA,
SCIAN 2013,621211,62,SCIAN 2013::621211,UH0221,,Continuidad sin cambio explícito,62,SUMA_DIRECTA,
SCIAN 2013,621212,62,SCIAN 2013::621212,UH0222,,Continuidad sin cambio explícito,62,SUMA_DIRECTA,
SCIAN 2013,621311,62,SCIAN 2013::621311,UH0223,,Continuidad sin cambio explícito,62,SUMA_DIRECTA,
SCIAN 2013,621320,62,SCIAN 2013::621320,UH0224,,Continuidad sin cambio explícito,62,SUMA_DIRECTA,
SCIAN 2013,621331,62,SCIAN 2013::621331,UH0225,,Continuidad sin cambio explícito,62,SUMA_DIRECTA,
SCIAN 2013,621332,62,SCIAN 2013::621332,UH0226,,Continuidad sin cambio explícito,62,SUMA_DIRECTA,
SCIAN 2013,621341,62,SCIAN 2013::621341,UH0227,,Continuidad sin cambio explícito,62,SUMA_DIRECTA,
SCIAN 2013,621342,62,SCIAN 2013::621342,UH0228,,Continuidad sin cambio explícito,62,SUMA_DIRECTA,
SCIAN 2013,621391,62,SCIAN 2013::621391,UH0229,,Continuidad sin cambio explícito,62,SUMA_DIRECTA,
SCIAN 2013,621398,62,SCIAN 2013::621398,UH0230,,Continuidad sin cambio explícito,62,SUMA_DIRECTA,
SCIAN 2013,621399,62,SCIAN 2013::621399,UH0231,,Continuidad sin cambio explícito,62,SUMA_DIRECTA,
SCIAN 2013,621421,62,SCIAN 2013::621421,UH0233,,Continuidad sin cambio explícito,62,SUMA_DIRECTA,
SCIAN 2013,621491,62,SCIAN 2013::621491,UH0234,,Continuidad sin cambio explícito,62,SUMA_DIRECTA,
SCIAN 2013,621511,62,SCIAN 2013::621511,UH0235,,Continuidad sin cambio explícito,62,SUMA_DIRECTA,
SCIAN 2013,621512,62,SCIAN 2013::621512,UH0236,,Continuidad sin cambio explícito,62,SUMA_DIRECTA,
SCIAN 2013,621610,62,SCIAN 2013::621610,UH0237,,Continuidad sin cambio explícito,62,SUMA_DIRECTA,
SCIAN 2013,621910,62,SCIAN 2013::621910,UH0238,,Continuidad sin cambio explícito,62,SUMA_DIRECTA,
SCIAN 2013,621992,62,SCIAN 2013::621992,UH0240,,Continuidad sin cambio explícito,62,SUMA_DIRECTA,
SCIAN 2013,622111,62,SCIAN 2013::622111,UH0241,,Continuidad sin cambio explícito,62,SUMA_DIRECTA,
SCIAN 2013,622112,62,SCIAN 2013::622112,UH0242,,Continuidad sin cambio explícito,62,SUMA_DIRECTA,
SCIAN 2013,622212,62,SCIAN 2013::622212,UH0243,,Continuidad sin cambio explícito,62,SUMA_DIRECTA,
SCIAN 2013,622311,62,SCIAN 2013::622311,UH0244,,Continuidad sin cambio explícito,62,SUMA_DIRECTA,
SCIAN 2013,623111,62,SCIAN 2013::623111,UH0245,,Continuidad sin cambio explícito,62,SUMA_DIRECTA,
SCIAN 2013,623221,62,SCIAN 2013::623221,UH0247,,Continuidad sin cambio explícito,62,SUMA_DIRECTA,
SCIAN 2013,623311,62,SCIAN 2013::623311,UH0248,,Continuidad sin cambio explícito,62,SUMA_DIRECTA,
SCIAN 2013,623312,62,SCIAN 2013::623312,UH0249,,Continuidad sin cambio explícito,62,SUMA_DIRECTA,
SCIAN 2013,623991,62,SCIAN 2013::623991,UH0250,,Continuidad sin cambio explícito,62,SUMA_DIRECTA,
SCIAN 2013,623992,62,SCIAN 2013::623992,UH0251,,Continuidad sin cambio explícito,62,SUMA_DIRECTA,
SCIAN 2013,624111,62,SCIAN 2013::624111,UH0252,,Continuidad sin cambio explícito,62,SUMA_DIRECTA,
SCIAN 2013,624112,62,SCIAN 2013::624112,UH0253,,Continuidad sin cambio explícito,62,SUMA_DIRECTA,
SCIAN 2013,624121,62,SCIAN 2013::624121,UH0254,,Continuidad sin cambio explícito,62,SUMA_DIRECTA,
SCIAN 2013,624122,62,SCIAN 2013::624122,UH0255,,Continuidad sin cambio explícito,62,SUMA_DIRECTA,
SCIAN 2013,624191,62,SCIAN 2013::624191,UH0256,,Continuidad sin cambio explícito,62,SUMA_DIRECTA,
SCIAN 2013,624198,62,SCIAN 2013::624198,UH0257,,Continuidad sin cambio explícito,62,SUMA_DIRECTA,
SCIAN 2013,624199,62,SCIAN 2013::624199,UH0258,,Continuidad sin cambio explícito,62,SUMA_DIRECTA,
SCIAN 2013,624211,62,SCIAN 2013::624211,UH0259,,Continuidad sin cambio explícito,62,SUMA_DIRECTA,
SCIAN 2013,624212,62,SCIAN 2013::624212,UH0260,,Continuidad sin cambio explícito,62,SUMA_DIRECTA,
SCIAN 2013,624222,62,SCIAN 2013::624222,UH0262,,Continuidad sin cambio explícito,62,SUMA_DIRECTA,
SCIAN 2013,624231,62,SCIAN 2013::624231,UH0263,,Continuidad sin cambio explícito,62,SUMA_DIRECTA,
SCIAN 2013,624311,62,SCIAN 2013::624311,UH0264,,Continuidad sin cambio explícito,62,SUMA_DIRECTA,
SCIAN 2013,624312,62,SCIAN 2013::624312,UH0265,,Continuidad sin cambio explícito,62,SUMA_DIRECTA,
SCIAN 2013,624411,62,SCIAN 2013::624411,UH0266,,Continuidad sin cambio explícito,62,SUMA_DIRECTA,
SCIAN 2013,624412,62,SCIAN 2013::624412,UH0267,,Continuidad sin cambio explícito,62,SUMA_DIRECTA,
SCIAN 2013,711111,71,SCIAN 2013::711111,UH0268,,Continuidad sin cambio explícito,71,SUMA_DIRECTA,
SCIAN 2013,711112,71,SCIAN 2013::711112,UH0269,,Continuidad sin cambio explícito,71,SUMA_DIRECTA,
SCIAN 2013,711121,71,SCIAN 2013::711121,UH0270,,Continuidad sin cambio explícito,71,SUMA_DIRECTA,
SCIAN 2013,711131,71,SCIAN 2013::711131,UH0271,,Continuidad sin cambio explícito,71,SUMA_DIRECTA,
SCIAN 2013,711212,71,SCIAN 2013::711212,UH0275,,Continuidad sin cambio explícito,71,SUMA_DIRECTA,
SCIAN 2013,711311,71,SCIAN 2013::711311,UH0276,,Continuidad sin cambio explícito,71,SUMA_DIRECTA,
SCIAN 2013,711312,71,SCIAN 2013::711312,UH0277,,Continuidad sin cambio explícito,71,SUMA_DIRECTA,
SCIAN 2013,711320,71,SCIAN 2013::711320,UH0278,,Continuidad sin cambio explícito,71,SUMA_DIRECTA,
SCIAN 2013,711410,71,SCIAN 2013::711410,UH0279,,Continuidad sin cambio explícito,71,SUMA_DIRECTA,
SCIAN 2013,711510,71,SCIAN 2013::711510,UH0280,,Continuidad sin cambio explícito,71,SUMA_DIRECTA,
SCIAN 2013,712111,71,SCIAN 2013::712111,UH0281,,Continuidad sin cambio explícito,71,SUMA_DIRECTA,
SCIAN 2013,712112,71,SCIAN 2013::712112,UH0282,,Continuidad sin cambio explícito,71,SUMA_DIRECTA,
SCIAN 2013,712132,71,SCIAN 2013::712132,UH0283,,Continuidad sin cambio explícito,71,SUMA_DIRECTA,
SCIAN 2013,713111,71,SCIAN 2013::713111,UH0284,,Continuidad sin cambio explícito,71,SUMA_DIRECTA,
SCIAN 2013,713112,71,SCIAN 2013::713112,UH0285,,Continuidad sin cambio explícito,71,SUMA_DIRECTA,
SCIAN 2013,713113,71,SCIAN 2013::713113,UH0286,,Continuidad sin cambio explícito,71,SUMA_DIRECTA,
SCIAN 2013,713120,71,SCIAN 2013::713120,UH0287,,Continuidad sin cambio explícito,71,SUMA_DIRECTA,
SCIAN 2013,713291,71,SCIAN 2013::713291,UH0288,,Continuidad sin cambio explícito,71,SUMA_DIRECTA,
SCIAN 2013,713299,71,SCIAN 2013::713299,UH0289,,Continuidad sin cambio explícito,71,SUMA_DIRECTA,
SCIAN 2013,713910,71,SCIAN 2013::713910,UH0290,,Continuidad sin cambio explícito,71,SUMA_DIRECTA,
SCIAN 2013,713941,71,SCIAN 2013::713941,UH0291,,Continuidad sin cambio explícito,71,SUMA_DIRECTA,
SCIAN 2013,713942,71,SCIAN 2013::713942,UH0292,,Continuidad sin cambio explícito,71,SUMA_DIRECTA,
SCIAN 2013,713943,71,SCIAN 2013::713943,UH0293,,Continuidad sin cambio explícito,71,SUMA_DIRECTA,
SCIAN 2013,713944,71,SCIAN 2013::713944,UH0294,,Continuidad sin cambio explícito,71,SUMA_DIRECTA,
SCIAN 2013,713950,71,SCIAN 2013::713950,UH0295,,Continuidad sin cambio explícito,71,SUMA_DIRECTA,
SCIAN 2013,713991,71,SCIAN 2013::713991,UH0296,,Continuidad sin cambio explícito,71,SUMA_DIRECTA,
SCIAN 2013,713992,71,SCIAN 2013::713992,UH0297,,Continuidad sin cambio explícito,71,SUMA_DIRECTA,
SCIAN 2013,713998,71,SCIAN 2013::713998,UH0298,,Continuidad sin cambio explícito,71,SUMA_DIRECTA,
SCIAN 2013,721111,72,SCIAN 2013::721111,UH0300,,Continuidad sin cambio explícito,72,SUMA_DIRECTA,
SCIAN 2013,721112,72,SCIAN 2013::721112,UH0301,,Continuidad sin cambio explícito,72,SUMA_DIRECTA,
SCIAN 2013,721113,72,SCIAN 2013::721113,UH0302,,Continuidad sin cambio explícito,72,SUMA_DIRECTA,
SCIAN 2013,721190,72,SCIAN 2013::721190,UH0303,,Continuidad sin cambio explícito,72,SUMA_DIRECTA,
SCIAN 2013,721210,72,SCIAN 2013::721210,UH0304,,Continuidad sin cambio explícito,72,SUMA_DIRECTA,
SCIAN 2013,721311,72,SCIAN 2013::721311,UH0305,,Continuidad sin cambio explícito,72,SUMA_DIRECTA,
SCIAN 2013,721312,72,SCIAN 2013::721312,UH0306,,Continuidad sin cambio explícito,72,SUMA_DIRECTA,
SCIAN 2013,722310,72,SCIAN 2013::722310,UH0308,,Continuidad sin cambio explícito,72,SUMA_DIRECTA,
SCIAN 2013,722320,72,SCIAN 2013::722320,UH0309,,Continuidad sin cambio explícito,72,SUMA_DIRECTA,
SCIAN 2013,722411,72,SCIAN 2013::722411,UH0310,,Continuidad sin cambio explícito,72,SUMA_DIRECTA,
SCIAN 2013,722412,72,SCIAN 2013::722412,UH0311,,Continuidad sin cambio explícito,72,SUMA_DIRECTA,
SCIAN 2013,722511,72,SCIAN 2013::722511,FL06,FL06,Familia compleja resuelta,72,SUMA_DIRECTA,
SCIAN 2013,722512,72,SCIAN 2013::722512,FL06,FL06,Familia compleja resuelta,72,SUMA_DIRECTA,
SCIAN 2013,722513,72,SCIAN 2013::722513,FL06,FL06,Familia compleja resuelta,72,SUMA_DIRECTA,
SCIAN 2013,722514,72,SCIAN 2013::722514,FL06,FL06,Familia compleja resuelta,72,SUMA_DIRECTA,
SCIAN 2013,722515,72,SCIAN 2013::722515,FL06,FL06,Familia compleja resuelta,72,SUMA_DIRECTA,
SCIAN 2013,722516,72,SCIAN 2013::722516,UH0307,,Correspondencia directa 1 a 1,72,SUMA_DIRECTA,
SCIAN 2013,722517,72,SCIAN 2013::722517,FL07,FL07,Familia compleja resuelta,72,SUMA_DIRECTA,
SCIAN 2013,722518,72,SCIAN 2013::722518,FL07,FL07,Familia compleja resuelta,72,SUMA_DIRECTA,
SCIAN 2013,722519,72,SCIAN 2013::722519,FL06,FL06,Familia compleja resuelta,72,SUMA_DIRECTA,
SCIAN 2013,811111,81,SCIAN 2013::811111,UH0312,,Continuidad sin cambio explícito,81,SUMA_DIRECTA,
SCIAN 2013,811112,81,SCIAN 2013::811112,UH0313,,Continuidad sin cambio explícito,81,SUMA_DIRECTA,
SCIAN 2013,811113,81,SCIAN 2013::811113,UH0314,,Continuidad sin cambio explícito,81,SUMA_DIRECTA,
SCIAN 2013,811114,81,SCIAN 2013::811114,UH0315,,Continuidad sin cambio explícito,81,SUMA_DIRECTA,
SCIAN 2013,811115,81,SCIAN 2013::811115,UH0316,,Continuidad sin cambio explícito,81,SUMA_DIRECTA,
SCIAN 2013,811116,81,SCIAN 2013::811116,UH0317,,Continuidad sin cambio explícito,81,SUMA_DIRECTA,
SCIAN 2013,811119,81,SCIAN 2013::811119,UH0318,,Continuidad sin cambio explícito,81,SUMA_DIRECTA,
SCIAN 2013,811121,81,SCIAN 2013::811121,FL09,FL09,Familia compleja resuelta,33 | 81,INTERVALO_INFERIOR_SUPERIOR,811123 presenta transferencia intersectorial 33-81; reportar límite inferior y superior
SCIAN 2013,811122,81,SCIAN 2013::811122,UH0319,,Continuidad sin cambio explícito,81,SUMA_DIRECTA,
SCIAN 2013,811129,81,SCIAN 2013::811129,FL09,FL09,Familia compleja resuelta,33 | 81,INTERVALO_INFERIOR_SUPERIOR,811123 presenta transferencia intersectorial 33-81; reportar límite inferior y superior
SCIAN 2013,811191,81,SCIAN 2013::811191,UH0320,,Continuidad sin cambio explícito,81,SUMA_DIRECTA,
SCIAN 2013,811192,81,SCIAN 2013::811192,UH0321,,Continuidad sin cambio explícito,81,SUMA_DIRECTA,
SCIAN 2013,811199,81,SCIAN 2013::811199,UH0322,,Continuidad sin cambio explícito,81,SUMA_DIRECTA,
SCIAN 2013,811211,81,SCIAN 2013::811211,UH0323,,Continuidad sin cambio explícito,81,SUMA_DIRECTA,
SCIAN 2013,811219,81,SCIAN 2013::811219,UH0324,,Continuidad sin cambio explícito,81,SUMA_DIRECTA,
SCIAN 2013,811311,81,SCIAN 2013::811311,UH0325,,Continuidad sin cambio explícito,81,SUMA_DIRECTA,
SCIAN 2013,811312,81,SCIAN 2013::811312,UH0326,,Continuidad sin cambio explícito,81,SUMA_DIRECTA,
SCIAN 2013,811313,81,SCIAN 2013::811313,UH0327,,Continuidad sin cambio explícito,81,SUMA_DIRECTA,
SCIAN 2013,811314,81,SCIAN 2013::811314,UH0328,,Continuidad sin cambio explícito,81,SUMA_DIRECTA,
SCIAN 2013,811410,81,SCIAN 2013::811410,UH0329,,Continuidad sin cambio explícito,81,SUMA_DIRECTA,
SCIAN 2013,811420,81,SCIAN 2013::811420,UH0330,,Continuidad sin cambio explícito,81,SUMA_DIRECTA,
SCIAN 2013,811430,81,SCIAN 2013::811430,UH0331,,Continuidad sin cambio explícito,81,SUMA_DIRECTA,
SCIAN 2013,811491,81,SCIAN 2013::811491,UH0332,,Continuidad sin cambio explícito,81,SUMA_DIRECTA,
SCIAN 2013,811492,81,SCIAN 2013::811492,UH0333,,Continuidad sin cambio explícito,81,SUMA_DIRECTA,
SCIAN 2013,811493,81,SCIAN 2013::811493,UH0334,,Continuidad sin cambio explícito,81,SUMA_DIRECTA,
SCIAN 2013,811499,81,SCIAN 2013::811499,UH0335,,Continuidad sin cambio explícito,81,SUMA_DIRECTA,
SCIAN 2013,812110,81,SCIAN 2013::812110,UH0336,,Continuidad sin cambio explícito,81,SUMA_DIRECTA,
SCIAN 2013,812120,81,SCIAN 2013::812120,UH0337,,Continuidad sin cambio explícito,81,SUMA_DIRECTA,
SCIAN 2013,812130,81,SCIAN 2013::812130,UH0338,,Continuidad sin cambio explícito,81,SUMA_DIRECTA,
SCIAN 2013,812210,81,SCIAN 2013::812210,UH0339,,Continuidad sin cambio explícito,81,SUMA_DIRECTA,
SCIAN 2013,812310,81,SCIAN 2013::812310,UH0340,,Continuidad sin cambio explícito,81,SUMA_DIRECTA,
SCIAN 2013,812321,81,SCIAN 2013::812321,FL08,FL08,Familia compleja resuelta,81,SUMA_DIRECTA,
SCIAN 2013,812322,81,SCIAN 2013::812322,FL08,FL08,Familia compleja resuelta,81,SUMA_DIRECTA,
SCIAN 2013,812410,81,SCIAN 2013::812410,UH0341,,Continuidad sin cambio explícito,81,SUMA_DIRECTA,
SCIAN 2013,812910,81,SCIAN 2013::812910,UH0342,,Continuidad sin cambio explícito,81,SUMA_DIRECTA,
SCIAN 2013,812990,81,SCIAN 2013::812990,UH0343,,Continuidad sin cambio explícito,81,SUMA_DIRECTA,
SCIAN 2013,813110,81,SCIAN 2013::813110,UH0344,,Continuidad sin cambio explícito,81,SUMA_DIRECTA,
SCIAN 2013,813120,81,SCIAN 2013::813120,UH0345,,Continuidad sin cambio explícito,81,SUMA_DIRECTA,
SCIAN 2013,813130,81,SCIAN 2013::813130,UH0346,,Continuidad sin cambio explícito,81,SUMA_DIRECTA,
SCIAN 2013,813140,81,SCIAN 2013::813140,UH0347,,Continuidad sin cambio explícito,81,SUMA_DIRECTA,
SCIAN 2013,813210,81,SCIAN 2013::813210,UH0348,,Continuidad sin cambio explícito,81,SUMA_DIRECTA,
SCIAN 2013,813230,81,SCIAN 2013::813230,UH0349,,Continuidad sin cambio explícito,81,SUMA_DIRECTA,
SCIAN 2018,461110,46,SCIAN 2018::461110,FL01,FL01,Familia compleja resuelta,46,SUMA_DIRECTA,Familia equivalente al sector 46 observado; validación exacta 16/16 años
SCIAN 2018,461121,46,SCIAN 2018::461121,FL01,FL01,Familia compleja resuelta,46,SUMA_DIRECTA,Familia equivalente al sector 46 observado; validación exacta 16/16 años
SCIAN 2018,461122,46,SCIAN 2018::461122,FL01,FL01,Familia compleja resuelta,46,SUMA_DIRECTA,Familia equivalente al sector 46 observado; validación exacta 16/16 años
SCIAN 2018,461123,46,SCIAN 2018::461123,FL01,FL01,Familia compleja resuelta,46,SUMA_DIRECTA,Familia equivalente al sector 46 observado; validación exacta 16/16 años
SCIAN 2018,461130,46,SCIAN 2018::461130,FL01,FL01,Familia compleja resuelta,46,SUMA_DIRECTA,Familia equivalente al sector 46 observado; validación exacta 16/16 años
SCIAN 2018,461140,46,SCIAN 2018::461140,FL01,FL01,Familia compleja resuelta,46,SUMA_DIRECTA,Familia equivalente al sector 46 observado; validación exacta 16/16 años
SCIAN 2018,461150,46,SCIAN 2018::461150,FL01,FL01,Familia compleja resuelta,46,SUMA_DIRECTA,Familia equivalente al sector 46 observado; validación exacta 16/16 años
SCIAN 2018,461160,46,SCIAN 2018::461160,FL01,FL01,Familia compleja resuelta,46,SUMA_DIRECTA,Familia equivalente al sector 46 observado; validación exacta 16/16 años
SCIAN 2018,461170,46,SCIAN 2018::461170,FL01,FL01,Familia compleja resuelta,46,SUMA_DIRECTA,Familia equivalente al sector 46 observado; validación exacta 16/16 años
SCIAN 2018,461190,46,SCIAN 2018::461190,FL01,FL01,Familia compleja resuelta,46,SUMA_DIRECTA,Familia equivalente al sector 46 observado; validación exacta 16/16 años
SCIAN 2018,461211,46,SCIAN 2018::461211,FL01,FL01,Familia compleja resuelta,46,SUMA_DIRECTA,Familia equivalente al sector 46 observado; validación exacta 16/16 años
SCIAN 2018,461212,46,SCIAN 2018::461212,FL01,FL01,Familia compleja resuelta,46,SUMA_DIRECTA,Familia equivalente al sector 46 observado; validación exacta 16/16 años
SCIAN 2018,461213,46,SCIAN 2018::461213,FL01,FL01,Familia compleja resuelta,46,SUMA_DIRECTA,Familia equivalente al sector 46 observado; validación exacta 16/16 años
SCIAN 2018,461220,46,SCIAN 2018::461220,FL01,FL01,Familia compleja resuelta,46,SUMA_DIRECTA,Familia equivalente al sector 46 observado; validación exacta 16/16 años
SCIAN 2018,462111,46,SCIAN 2018::462111,FL01,FL01,Familia compleja resuelta,46,SUMA_DIRECTA,Familia equivalente al sector 46 observado; validación exacta 16/16 años
SCIAN 2018,462112,46,SCIAN 2018::462112,FL01,FL01,Familia compleja resuelta,46,SUMA_DIRECTA,Familia equivalente al sector 46 observado; validación exacta 16/16 años
SCIAN 2018,462210,46,SCIAN 2018::462210,FL01,FL01,Familia compleja resuelta,46,SUMA_DIRECTA,Familia equivalente al sector 46 observado; validación exacta 16/16 años
SCIAN 2018,463111,46,SCIAN 2018::463111,FL01,FL01,Familia compleja resuelta,46,SUMA_DIRECTA,Familia equivalente al sector 46 observado; validación exacta 16/16 años
SCIAN 2018,463112,46,SCIAN 2018::463112,FL01,FL01,Familia compleja resuelta,46,SUMA_DIRECTA,Familia equivalente al sector 46 observado; validación exacta 16/16 años
SCIAN 2018,463113,46,SCIAN 2018::463113,FL01,FL01,Familia compleja resuelta,46,SUMA_DIRECTA,Familia equivalente al sector 46 observado; validación exacta 16/16 años
SCIAN 2018,463211,46,SCIAN 2018::463211,FL01,FL01,Familia compleja resuelta,46,SUMA_DIRECTA,Familia equivalente al sector 46 observado; validación exacta 16/16 años
SCIAN 2018,463212,46,SCIAN 2018::463212,FL01,FL01,Familia compleja resuelta,46,SUMA_DIRECTA,Familia equivalente al sector 46 observado; validación exacta 16/16 años
SCIAN 2018,463213,46,SCIAN 2018::463213,FL01,FL01,Familia compleja resuelta,46,SUMA_DIRECTA,Familia equivalente al sector 46 observado; validación exacta 16/16 años
SCIAN 2018,463214,46,SCIAN 2018::463214,FL01,FL01,Familia compleja resuelta,46,SUMA_DIRECTA,Familia equivalente al sector 46 observado; validación exacta 16/16 años
SCIAN 2018,463215,46,SCIAN 2018::463215,FL01,FL01,Familia compleja resuelta,46,SUMA_DIRECTA,Familia equivalente al sector 46 observado; validación exacta 16/16 años
SCIAN 2018,463216,46,SCIAN 2018::463216,FL01,FL01,Familia compleja resuelta,46,SUMA_DIRECTA,Familia equivalente al sector 46 observado; validación exacta 16/16 años
SCIAN 2018,463217,46,SCIAN 2018::463217,FL01,FL01,Familia compleja resuelta,46,SUMA_DIRECTA,Familia equivalente al sector 46 observado; validación exacta 16/16 años
SCIAN 2018,463218,46,SCIAN 2018::463218,FL01,FL01,Familia compleja resuelta,46,SUMA_DIRECTA,Familia equivalente al sector 46 observado; validación exacta 16/16 años
SCIAN 2018,463310,46,SCIAN 2018::463310,FL01,FL01,Familia compleja resuelta,46,SUMA_DIRECTA,Familia equivalente al sector 46 observado; validación exacta 16/16 años
SCIAN 2018,464111,46,SCIAN 2018::464111,FL01,FL01,Familia compleja resuelta,46,SUMA_DIRECTA,Familia equivalente al sector 46 observado; validación exacta 16/16 años
SCIAN 2018,464112,46,SCIAN 2018::464112,FL01,FL01,Familia compleja resuelta,46,SUMA_DIRECTA,Familia equivalente al sector 46 observado; validación exacta 16/16 años
SCIAN 2018,464113,46,SCIAN 2018::464113,FL01,FL01,Familia compleja resuelta,46,SUMA_DIRECTA,Familia equivalente al sector 46 observado; validación exacta 16/16 años
SCIAN 2018,464121,46,SCIAN 2018::464121,FL01,FL01,Familia compleja resuelta,46,SUMA_DIRECTA,Familia equivalente al sector 46 observado; validación exacta 16/16 años
SCIAN 2018,464122,46,SCIAN 2018::464122,FL01,FL01,Familia compleja resuelta,46,SUMA_DIRECTA,Familia equivalente al sector 46 observado; validación exacta 16/16 años
SCIAN 2018,465111,46,SCIAN 2018::465111,FL01,FL01,Familia compleja resuelta,46,SUMA_DIRECTA,Familia equivalente al sector 46 observado; validación exacta 16/16 años
SCIAN 2018,465112,46,SCIAN 2018::465112,FL01,FL01,Familia compleja resuelta,46,SUMA_DIRECTA,Familia equivalente al sector 46 observado; validación exacta 16/16 años
SCIAN 2018,465211,46,SCIAN 2018::465211,FL01,FL01,Familia compleja resuelta,46,SUMA_DIRECTA,Familia equivalente al sector 46 observado; validación exacta 16/16 años
SCIAN 2018,465212,46,SCIAN 2018::465212,FL01,FL01,Familia compleja resuelta,46,SUMA_DIRECTA,Familia equivalente al sector 46 observado; validación exacta 16/16 años
SCIAN 2018,465213,46,SCIAN 2018::465213,FL01,FL01,Familia compleja resuelta,46,SUMA_DIRECTA,Familia equivalente al sector 46 observado; validación exacta 16/16 años
SCIAN 2018,465214,46,SCIAN 2018::465214,FL01,FL01,Familia compleja resuelta,46,SUMA_DIRECTA,Familia equivalente al sector 46 observado; validación exacta 16/16 años
SCIAN 2018,465215,46,SCIAN 2018::465215,FL01,FL01,Familia compleja resuelta,46,SUMA_DIRECTA,Familia equivalente al sector 46 observado; validación exacta 16/16 años
SCIAN 2018,465216,46,SCIAN 2018::465216,FL01,FL01,Familia compleja resuelta,46,SUMA_DIRECTA,Familia equivalente al sector 46 observado; validación exacta 16/16 años
SCIAN 2018,465311,46,SCIAN 2018::465311,FL01,FL01,Familia compleja resuelta,46,SUMA_DIRECTA,Familia equivalente al sector 46 observado; validación exacta 16/16 años
SCIAN 2018,465312,46,SCIAN 2018::465312,FL01,FL01,Familia compleja resuelta,46,SUMA_DIRECTA,Familia equivalente al sector 46 observado; validación exacta 16/16 años
SCIAN 2018,465313,46,SCIAN 2018::465313,FL01,FL01,Familia compleja resuelta,46,SUMA_DIRECTA,Familia equivalente al sector 46 observado; validación exacta 16/16 años
SCIAN 2018,465911,46,SCIAN 2018::465911,FL01,FL01,Familia compleja resuelta,46,SUMA_DIRECTA,Familia equivalente al sector 46 observado; validación exacta 16/16 años
SCIAN 2018,465912,46,SCIAN 2018::465912,FL01,FL01,Familia compleja resuelta,46,SUMA_DIRECTA,Familia equivalente al sector 46 observado; validación exacta 16/16 años
SCIAN 2018,465913,46,SCIAN 2018::465913,FL01,FL01,Familia compleja resuelta,46,SUMA_DIRECTA,Familia equivalente al sector 46 observado; validación exacta 16/16 años
SCIAN 2018,465914,46,SCIAN 2018::465914,FL01,FL01,Familia compleja resuelta,46,SUMA_DIRECTA,Familia equivalente al sector 46 observado; validación exacta 16/16 años
SCIAN 2018,465915,46,SCIAN 2018::465915,FL01,FL01,Familia compleja resuelta,46,SUMA_DIRECTA,Familia equivalente al sector 46 observado; validación exacta 16/16 años
SCIAN 2018,465919,46,SCIAN 2018::465919,FL01,FL01,Familia compleja resuelta,46,SUMA_DIRECTA,Familia equivalente al sector 46 observado; validación exacta 16/16 años
SCIAN 2018,466111,46,SCIAN 2018::466111,FL01,FL01,Familia compleja resuelta,46,SUMA_DIRECTA,Familia equivalente al sector 46 observado; validación exacta 16/16 años
SCIAN 2018,466112,46,SCIAN 2018::466112,FL01,FL01,Familia compleja resuelta,46,SUMA_DIRECTA,Familia equivalente al sector 46 observado; validación exacta 16/16 años
SCIAN 2018,466113,46,SCIAN 2018::466113,FL01,FL01,Familia compleja resuelta,46,SUMA_DIRECTA,Familia equivalente al sector 46 observado; validación exacta 16/16 años
SCIAN 2018,466114,46,SCIAN 2018::466114,FL01,FL01,Familia compleja resuelta,46,SUMA_DIRECTA,Familia equivalente al sector 46 observado; validación exacta 16/16 años
SCIAN 2018,466211,46,SCIAN 2018::466211,FL01,FL01,Familia compleja resuelta,46,SUMA_DIRECTA,Familia equivalente al sector 46 observado; validación exacta 16/16 años
SCIAN 2018,466212,46,SCIAN 2018::466212,FL01,FL01,Familia compleja resuelta,46,SUMA_DIRECTA,Familia equivalente al sector 46 observado; validación exacta 16/16 años
SCIAN 2018,466311,46,SCIAN 2018::466311,FL01,FL01,Familia compleja resuelta,46,SUMA_DIRECTA,Familia equivalente al sector 46 observado; validación exacta 16/16 años
SCIAN 2018,466312,46,SCIAN 2018::466312,FL01,FL01,Familia compleja resuelta,46,SUMA_DIRECTA,Familia equivalente al sector 46 observado; validación exacta 16/16 años
SCIAN 2018,466313,46,SCIAN 2018::466313,FL01,FL01,Familia compleja resuelta,46,SUMA_DIRECTA,Familia equivalente al sector 46 observado; validación exacta 16/16 años
SCIAN 2018,466314,46,SCIAN 2018::466314,FL01,FL01,Familia compleja resuelta,46,SUMA_DIRECTA,Familia equivalente al sector 46 observado; validación exacta 16/16 años
SCIAN 2018,466319,46,SCIAN 2018::466319,FL01,FL01,Familia compleja resuelta,46,SUMA_DIRECTA,Familia equivalente al sector 46 observado; validación exacta 16/16 años
SCIAN 2018,466410,46,SCIAN 2018::466410,FL01,FL01,Familia compleja resuelta,46,SUMA_DIRECTA,Familia equivalente al sector 46 observado; validación exacta 16/16 años
SCIAN 2018,467111,46,SCIAN 2018::467111,FL01,FL01,Familia compleja resuelta,46,SUMA_DIRECTA,Familia equivalente al sector 46 observado; validación exacta 16/16 años
SCIAN 2018,467112,46,SCIAN 2018::467112,FL01,FL01,Familia compleja resuelta,46,SUMA_DIRECTA,Familia equivalente al sector 46 observado; validación exacta 16/16 años
SCIAN 2018,467113,46,SCIAN 2018::467113,FL01,FL01,Familia compleja resuelta,46,SUMA_DIRECTA,Familia equivalente al sector 46 observado; validación exacta 16/16 años
SCIAN 2018,467114,46,SCIAN 2018::467114,FL01,FL01,Familia compleja resuelta,46,SUMA_DIRECTA,Familia equivalente al sector 46 observado; validación exacta 16/16 años
SCIAN 2018,467115,46,SCIAN 2018::467115,FL01,FL01,Familia compleja resuelta,46,SUMA_DIRECTA,Familia equivalente al sector 46 observado; validación exacta 16/16 años
SCIAN 2018,467116,46,SCIAN 2018::467116,FL01,FL01,Familia compleja resuelta,46,SUMA_DIRECTA,Familia equivalente al sector 46 observado; validación exacta 16/16 años
SCIAN 2018,467117,46,SCIAN 2018::467117,FL01,FL01,Familia compleja resuelta,46,SUMA_DIRECTA,Familia equivalente al sector 46 observado; validación exacta 16/16 años
SCIAN 2018,468111,46,SCIAN 2018::468111,FL01,FL01,Familia compleja resuelta,46,SUMA_DIRECTA,Familia equivalente al sector 46 observado; validación exacta 16/16 años
SCIAN 2018,468112,46,SCIAN 2018::468112,FL01,FL01,Familia compleja resuelta,46,SUMA_DIRECTA,Familia equivalente al sector 46 observado; validación exacta 16/16 años
SCIAN 2018,468211,46,SCIAN 2018::468211,FL01,FL01,Familia compleja resuelta,46,SUMA_DIRECTA,Familia equivalente al sector 46 observado; validación exacta 16/16 años
SCIAN 2018,468212,46,SCIAN 2018::468212,FL01,FL01,Familia compleja resuelta,46,SUMA_DIRECTA,Familia equivalente al sector 46 observado; validación exacta 16/16 años
SCIAN 2018,468213,46,SCIAN 2018::468213,FL01,FL01,Familia compleja resuelta,46,SUMA_DIRECTA,Familia equivalente al sector 46 observado; validación exacta 16/16 años
SCIAN 2018,468311,46,SCIAN 2018::468311,FL01,FL01,Familia compleja resuelta,46,SUMA_DIRECTA,Familia equivalente al sector 46 observado; validación exacta 16/16 años
SCIAN 2018,468411,46,SCIAN 2018::468411,FL01,FL01,Familia compleja resuelta,46,SUMA_DIRECTA,Familia equivalente al sector 46 observado; validación exacta 16/16 años
SCIAN 2018,468412,46,SCIAN 2018::468412,FL01,FL01,Familia compleja resuelta,46,SUMA_DIRECTA,Familia equivalente al sector 46 observado; validación exacta 16/16 años
SCIAN 2018,468413,46,SCIAN 2018::468413,FL01,FL01,Familia compleja resuelta,46,SUMA_DIRECTA,Familia equivalente al sector 46 observado; validación exacta 16/16 años
SCIAN 2018,468414,46,SCIAN 2018::468414,FL01,FL01,Familia compleja resuelta,46,SUMA_DIRECTA,Familia equivalente al sector 46 observado; validación exacta 16/16 años
SCIAN 2018,468419,46,SCIAN 2018::468419,FL01,FL01,Familia compleja resuelta,46,SUMA_DIRECTA,Familia equivalente al sector 46 observado; validación exacta 16/16 años
SCIAN 2018,468420,46,SCIAN 2018::468420,FL01,FL01,Familia compleja resuelta,46,SUMA_DIRECTA,Familia equivalente al sector 46 observado; validación exacta 16/16 años
SCIAN 2018,469110,46,SCIAN 2018::469110,FL01,FL01,Familia compleja resuelta,46,SUMA_DIRECTA,Familia equivalente al sector 46 observado; validación exacta 16/16 años
SCIAN 2018,481111,48,SCIAN 2018::481111,UH0034,,Continuidad sin cambio explícito,48,SUMA_DIRECTA,
SCIAN 2018,481210,48,SCIAN 2018::481210,UH0035,,Continuidad sin cambio explícito,48,SUMA_DIRECTA,
SCIAN 2018,482110,48,SCIAN 2018::482110,UH0036,,Continuidad sin cambio explícito,48,SUMA_DIRECTA,
SCIAN 2018,484119,48,SCIAN 2018::484119,UH0037,,Continuidad sin cambio explícito,48,SUMA_DIRECTA,
SCIAN 2018,484121,48,SCIAN 2018::484121,UH0038,,Continuidad sin cambio explícito,48,SUMA_DIRECTA,
SCIAN 2018,484129,48,SCIAN 2018::484129,UH0039,,Continuidad sin cambio explícito,48,SUMA_DIRECTA,
SCIAN 2018,484210,48,SCIAN 2018::484210,UH0040,,Continuidad sin cambio explícito,48,SUMA_DIRECTA,
SCIAN 2018,484221,48,SCIAN 2018::484221,UH0041,,Continuidad sin cambio explícito,48,SUMA_DIRECTA,
SCIAN 2018,484222,48,SCIAN 2018::484222,UH0042,,Continuidad sin cambio explícito,48,SUMA_DIRECTA,
SCIAN 2018,484229,48,SCIAN 2018::484229,UH0043,,Continuidad sin cambio explícito,48,SUMA_DIRECTA,
SCIAN 2018,484231,48,SCIAN 2018::484231,UH0044,,Continuidad sin cambio explícito,48,SUMA_DIRECTA,
SCIAN 2018,484232,48,SCIAN 2018::484232,UH0045,,Continuidad sin cambio explícito,48,SUMA_DIRECTA,
SCIAN 2018,484239,48,SCIAN 2018::484239,UH0046,,Continuidad sin cambio explícito,48,SUMA_DIRECTA,
SCIAN 2018,485111,48,SCIAN 2018::485111,FL10,FL10,Familia compleja resuelta,48,SUMA_DIRECTA,
SCIAN 2018,485112,48,SCIAN 2018::485112,UH0047,,Continuidad sin cambio explícito,48,SUMA_DIRECTA,
SCIAN 2018,485210,48,SCIAN 2018::485210,UH0048,,Continuidad sin cambio explícito,48,SUMA_DIRECTA,
SCIAN 2018,485311,48,SCIAN 2018::485311,UH0049,,Continuidad sin cambio explícito,48,SUMA_DIRECTA,
SCIAN 2018,485320,48,SCIAN 2018::485320,UH0050,,Continuidad sin cambio explícito,48,SUMA_DIRECTA,
SCIAN 2018,485410,48,SCIAN 2018::485410,UH0051,,Continuidad sin cambio explícito,48,SUMA_DIRECTA,
SCIAN 2018,485510,48,SCIAN 2018::485510,UH0052,,Continuidad sin cambio explícito,48,SUMA_DIRECTA,
SCIAN 2018,485990,48,SCIAN 2018::485990,UH0053,,Continuidad sin cambio explícito,48,SUMA_DIRECTA,
SCIAN 2018,487110,48,SCIAN 2018::487110,UH0054,,Continuidad sin cambio explícito,48,SUMA_DIRECTA,
SCIAN 2018,487990,48,SCIAN 2018::487990,UH0055,,Continuidad sin cambio explícito,48,SUMA_DIRECTA,
SCIAN 2018,488190,48,SCIAN 2018::488190,UH0370,,Continuidad sin cambio explícito,48,SUMA_DIRECTA,
SCIAN 2018,488410,48,SCIAN 2018::488410,UH0057,,Continuidad sin cambio explícito,48,SUMA_DIRECTA,
SCIAN 2018,488491,48,SCIAN 2018::488491,UH0058,,Continuidad sin cambio explícito,48,SUMA_DIRECTA,
SCIAN 2018,488492,48,SCIAN 2018::488492,UH0059,,Continuidad sin cambio explícito,48,SUMA_DIRECTA,
SCIAN 2018,488493,48,SCIAN 2018::488493,UH0060,,Continuidad sin cambio explícito,48,SUMA_DIRECTA,
SCIAN 2018,488511,48,SCIAN 2018::488511,UH0061,,Continuidad sin cambio explícito,48,SUMA_DIRECTA,
SCIAN 2018,488519,48,SCIAN 2018::488519,UH0062,,Continuidad sin cambio explícito,48,SUMA_DIRECTA,
SCIAN 2018,488990,48,SCIAN 2018::488990,UH0063,,Continuidad sin cambio explícito,48,SUMA_DIRECTA,
SCIAN 2018,491110,49,SCIAN 2018::491110,UH0064,,Continuidad sin cambio explícito,49,SUMA_DIRECTA,
SCIAN 2018,492110,49,SCIAN 2018::492110,UH0065,,Continuidad sin cambio explícito,49,SUMA_DIRECTA,
SCIAN 2018,492210,49,SCIAN 2018::492210,UH0066,,Continuidad sin cambio explícito,49,SUMA_DIRECTA,
SCIAN 2018,493111,49,SCIAN 2018::493111,UH0067,,Continuidad sin cambio explícito,49,SUMA_DIRECTA,
SCIAN 2018,493119,49,SCIAN 2018::493119,UH0068,,Continuidad sin cambio explícito,49,SUMA_DIRECTA,
SCIAN 2018,511111,51,SCIAN 2018::511111,FL12,FL12,Familia compleja resuelta,51,SUMA_DIRECTA,
SCIAN 2018,511112,51,SCIAN 2018::511112,FL12,FL12,Familia compleja resuelta,51,SUMA_DIRECTA,
SCIAN 2018,511121,51,SCIAN 2018::511121,FL12,FL12,Familia compleja resuelta,51,SUMA_DIRECTA,
SCIAN 2018,511131,51,SCIAN 2018::511131,FL12,FL12,Familia compleja resuelta,51,SUMA_DIRECTA,
SCIAN 2018,511132,51,SCIAN 2018::511132,FL12,FL12,Familia compleja resuelta,51,SUMA_DIRECTA,
SCIAN 2018,511192,51,SCIAN 2018::511192,FL12,FL12,Familia compleja resuelta,51,SUMA_DIRECTA,
SCIAN 2018,511210,51,SCIAN 2018::511210,FL12,FL12,Familia compleja resuelta,51,SUMA_DIRECTA,
SCIAN 2018,512112,51,SCIAN 2018::512112,UH0072,,Continuidad sin cambio explícito,51,SUMA_DIRECTA,
SCIAN 2018,512113,51,SCIAN 2018::512113,UH0073,,Continuidad sin cambio explícito,51,SUMA_DIRECTA,
SCIAN 2018,512130,51,SCIAN 2018::512130,UH0074,,Continuidad sin cambio explícito,51,SUMA_DIRECTA,
SCIAN 2018,512250,51,SCIAN 2018::512250,UH0075,,Agregación directa,51,SUMA_DIRECTA,
SCIAN 2018,512290,51,SCIAN 2018::512290,UH0076,,Continuidad sin cambio explícito,51,SUMA_DIRECTA,
SCIAN 2018,515110,51,SCIAN 2018::515110,FL12,FL12,Familia compleja resuelta,51,SUMA_DIRECTA,
SCIAN 2018,515120,51,SCIAN 2018::515120,FL12,FL12,Familia compleja resuelta,51,SUMA_DIRECTA,
SCIAN 2018,515210,51,SCIAN 2018::515210,FL12,FL12,Familia compleja resuelta,51,SUMA_DIRECTA,
SCIAN 2018,517311,51,SCIAN 2018::517311,UH0077,,Agregación directa,51,SUMA_DIRECTA,
SCIAN 2018,517312,51,SCIAN 2018::517312,UH0078,,Correspondencia directa 1 a 1,51,SUMA_DIRECTA,
SCIAN 2018,517410,51,SCIAN 2018::517410,UH0079,,Continuidad sin cambio explícito,51,SUMA_DIRECTA,
SCIAN 2018,517910,51,SCIAN 2018::517910,UH0080,,Continuidad sin cambio explícito,51,SUMA_DIRECTA,
SCIAN 2018,518210,51,SCIAN 2018::518210,UH0081,,Continuidad sin cambio explícito,51,SUMA_DIRECTA,
SCIAN 2018,519110,51,SCIAN 2018::519110,FL12,FL12,Familia compleja resuelta,51,SUMA_DIRECTA,
SCIAN 2018,519121,51,SCIAN 2018::519121,UH0082,,Correspondencia directa 1 a 1,51,SUMA_DIRECTA,
SCIAN 2018,519122,51,SCIAN 2018::519122,UH0083,,Correspondencia directa 1 a 1,51,SUMA_DIRECTA,
SCIAN 2018,519130,51,SCIAN 2018::519130,FL12,FL12,Familia compleja resuelta,51,SUMA_DIRECTA,
SCIAN 2018,519190,51,SCIAN 2018::519190,FL12,FL12,Familia compleja resuelta,51,SUMA_DIRECTA,
SCIAN 2018,521110,52,SCIAN 2018::521110,UH0084,,Continuidad sin cambio explícito,52,SUMA_DIRECTA,
SCIAN 2018,522110,52,SCIAN 2018::522110,UH0085,,Continuidad sin cambio explícito,52,SUMA_DIRECTA,
SCIAN 2018,522210,52,SCIAN 2018::522210,UH0086,,Continuidad sin cambio explícito,52,SUMA_DIRECTA,
SCIAN 2018,522220,52,SCIAN 2018::522220,UH0087,,Continuidad sin cambio explícito,52,SUMA_DIRECTA,
SCIAN 2018,522310,52,SCIAN 2018::522310,UH0088,,Continuidad sin cambio explícito,52,SUMA_DIRECTA,
SCIAN 2018,522320,52,SCIAN 2018::522320,UH0089,,Continuidad sin cambio explícito,52,SUMA_DIRECTA,
SCIAN 2018,522390,52,SCIAN 2018::522390,UH0090,,Continuidad sin cambio explícito,52,SUMA_DIRECTA,
SCIAN 2018,522440,52,SCIAN 2018::522440,UH0091,,Continuidad sin cambio explícito,52,SUMA_DIRECTA,
SCIAN 2018,522451,52,SCIAN 2018::522451,UH0092,,Continuidad sin cambio explícito,52,SUMA_DIRECTA,
SCIAN 2018,522452,52,SCIAN 2018::522452,UH0093,,Continuidad sin cambio explícito,52,SUMA_DIRECTA,
SCIAN 2018,522460,52,SCIAN 2018::522460,FL02,FL02,Familia compleja resuelta,52,SUMA_DIRECTA,
SCIAN 2018,522490,52,SCIAN 2018::522490,FL02,FL02,Familia compleja resuelta,52,SUMA_DIRECTA,
SCIAN 2018,522510,52,SCIAN 2018::522510,UH0094,,Continuidad sin cambio explícito,52,SUMA_DIRECTA,
SCIAN 2018,523110,52,SCIAN 2018::523110,UH0095,,Continuidad sin cambio explícito,52,SUMA_DIRECTA,
SCIAN 2018,523121,52,SCIAN 2018::523121,UH0096,,Continuidad sin cambio explícito,52,SUMA_DIRECTA,
SCIAN 2018,523122,52,SCIAN 2018::523122,UH0097,,Continuidad sin cambio explícito,52,SUMA_DIRECTA,
SCIAN 2018,523990,52,SCIAN 2018::523990,UH0371,,Continuidad sin cambio explícito,52,SUMA_DIRECTA,
SCIAN 2018,524110,52,SCIAN 2018::524110,UH0099,,Continuidad sin cambio explícito,52,SUMA_DIRECTA,
SCIAN 2018,524130,52,SCIAN 2018::524130,UH0100,,Continuidad sin cambio explícito,52,SUMA_DIRECTA,
SCIAN 2018,524210,52,SCIAN 2018::524210,UH0101,,Continuidad sin cambio explícito,52,SUMA_DIRECTA,
SCIAN 2018,524220,52,SCIAN 2018::524220,UH0102,,Continuidad sin cambio explícito,52,SUMA_DIRECTA,
SCIAN 2018,531111,53,SCIAN 2018::531111,UH0372,,Continuidad sin cambio explícito,53,SUMA_DIRECTA,
SCIAN 2018,531112,53,SCIAN 2018::531112,UH0103,,Continuidad sin cambio explícito,53,SUMA_DIRECTA,
SCIAN 2018,531113,53,SCIAN 2018::531113,UH0104,,Continuidad sin cambio explícito,53,SUMA_DIRECTA,
SCIAN 2018,531114,53,SCIAN 2018::531114,UH0105,,Continuidad sin cambio explícito,53,SUMA_DIRECTA,
SCIAN 2018,531115,53,SCIAN 2018::531115,UH0106,,Continuidad sin cambio explícito,53,SUMA_DIRECTA,
SCIAN 2018,531116,53,SCIAN 2018::531116,FL03,FL03,Familia compleja resuelta,53,SUMA_DIRECTA,
SCIAN 2018,531119,53,SCIAN 2018::531119,FL03,FL03,Familia compleja resuelta,53,SUMA_DIRECTA,
SCIAN 2018,531210,53,SCIAN 2018::531210,UH0107,,Continuidad sin cambio explícito,53,SUMA_DIRECTA,
SCIAN 2018,531311,53,SCIAN 2018::531311,UH0108,,Continuidad sin cambio explícito,53,SUMA_DIRECTA,
SCIAN 2018,531319,53,SCIAN 2018::531319,UH0109,,Continuidad sin cambio explícito,53,SUMA_DIRECTA,
SCIAN 2018,532110,53,SCIAN 2018::532110,UH0110,,Continuidad sin cambio explícito,53,SUMA_DIRECTA,
SCIAN 2018,532121,53,SCIAN 2018::532121,UH0111,,Continuidad sin cambio explícito,53,SUMA_DIRECTA,
SCIAN 2018,532122,53,SCIAN 2018::532122,UH0373,,Continuidad sin cambio explícito,53,SUMA_DIRECTA,
SCIAN 2018,532210,53,SCIAN 2018::532210,UH0112,,Continuidad sin cambio explícito,53,SUMA_DIRECTA,
SCIAN 2018,532281,53,SCIAN 2018::532281,UH0113,,Correspondencia directa 1 a 1,53,SUMA_DIRECTA,
SCIAN 2018,532282,53,SCIAN 2018::532282,UH0115,,Correspondencia directa 1 a 1,53,SUMA_DIRECTA,
SCIAN 2018,532289,53,SCIAN 2018::532289,UH0114,,Agregación directa,53,SUMA_DIRECTA,
SCIAN 2018,532310,53,SCIAN 2018::532310,UH0116,,Continuidad sin cambio explícito,53,SUMA_DIRECTA,
SCIAN 2018,532411,53,SCIAN 2018::532411,UH0117,,Continuidad sin cambio explícito,53,SUMA_DIRECTA,
SCIAN 2018,532420,53,SCIAN 2018::532420,UH0119,,Continuidad sin cambio explícito,53,SUMA_DIRECTA,
SCIAN 2018,532491,53,SCIAN 2018::532491,UH0374,,Continuidad sin cambio explícito,53,SUMA_DIRECTA,
SCIAN 2018,532492,53,SCIAN 2018::532492,UH0120,,Continuidad sin cambio explícito,53,SUMA_DIRECTA,
SCIAN 2018,532493,53,SCIAN 2018::532493,UH0121,,Continuidad sin cambio explícito,53,SUMA_DIRECTA,
SCIAN 2018,533110,53,SCIAN 2018::533110,UH0122,,Continuidad sin cambio explícito,53,SUMA_DIRECTA,
SCIAN 2018,541110,54,SCIAN 2018::541110,UH0123,,Continuidad sin cambio explícito,54,SUMA_DIRECTA,
SCIAN 2018,541120,54,SCIAN 2018::541120,UH0124,,Continuidad sin cambio explícito,54,SUMA_DIRECTA,
SCIAN 2018,541190,54,SCIAN 2018::541190,UH0125,,Continuidad sin cambio explícito,54,SUMA_DIRECTA,
SCIAN 2018,541211,54,SCIAN 2018::541211,UH0126,,Continuidad sin cambio explícito,54,SUMA_DIRECTA,
SCIAN 2018,541219,54,SCIAN 2018::541219,UH0127,,Continuidad sin cambio explícito,54,SUMA_DIRECTA,
SCIAN 2018,541310,54,SCIAN 2018::541310,UH0128,,Continuidad sin cambio explícito,54,SUMA_DIRECTA,
SCIAN 2018,541330,54,SCIAN 2018::541330,UH0130,,Continuidad sin cambio explícito,54,SUMA_DIRECTA,
SCIAN 2018,541340,54,SCIAN 2018::541340,UH0131,,Continuidad sin cambio explícito,54,SUMA_DIRECTA,
SCIAN 2018,541350,54,SCIAN 2018::541350,UH0132,,Continuidad sin cambio explícito,54,SUMA_DIRECTA,
SCIAN 2018,541370,54,SCIAN 2018::541370,UH0134,,Continuidad sin cambio explícito,54,SUMA_DIRECTA,
SCIAN 2018,541380,54,SCIAN 2018::541380,UH0135,,Continuidad sin cambio explícito,54,SUMA_DIRECTA,
SCIAN 2018,541410,54,SCIAN 2018::541410,UH0136,,Continuidad sin cambio explícito,54,SUMA_DIRECTA,
SCIAN 2018,541430,54,SCIAN 2018::541430,UH0137,,Continuidad sin cambio explícito,54,SUMA_DIRECTA,
SCIAN 2018,541490,54,SCIAN 2018::541490,UH0138,,Continuidad sin cambio explícito,54,SUMA_DIRECTA,
SCIAN 2018,541510,54,SCIAN 2018::541510,UH0139,,Continuidad sin cambio explícito,54,SUMA_DIRECTA,
SCIAN 2018,541610,54,SCIAN 2018::541610,UH0140,,Continuidad sin cambio explícito,54,SUMA_DIRECTA,
SCIAN 2018,541620,54,SCIAN 2018::541620,UH0141,,Continuidad sin cambio explícito,54,SUMA_DIRECTA,
SCIAN 2018,541690,54,SCIAN 2018::541690,UH0142,,Continuidad sin cambio explícito,54,SUMA_DIRECTA,
SCIAN 2018,541711,54,SCIAN 2018::541711,UH0143,,Continuidad sin cambio explícito,54,SUMA_DIRECTA,
SCIAN 2018,541712,54,SCIAN 2018::541712,UH0144,,Continuidad sin cambio explícito,54,SUMA_DIRECTA,
SCIAN 2018,541722,54,SCIAN 2018::541722,UH0146,,Continuidad sin cambio explícito,54,SUMA_DIRECTA,
SCIAN 2018,541810,54,SCIAN 2018::541810,UH0147,,Continuidad sin cambio explícito,54,SUMA_DIRECTA,
SCIAN 2018,541820,54,SCIAN 2018::541820,UH0375,,Continuidad sin cambio explícito,54,SUMA_DIRECTA,
SCIAN 2018,541830,54,SCIAN 2018::541830,UH0148,,Continuidad sin cambio explícito,54,SUMA_DIRECTA,
SCIAN 2018,541840,54,SCIAN 2018::541840,UH0149,,Continuidad sin cambio explícito,54,SUMA_DIRECTA,
SCIAN 2018,541850,54,SCIAN 2018::541850,UH0150,,Continuidad sin cambio explícito,54,SUMA_DIRECTA,
SCIAN 2018,541860,54,SCIAN 2018::541860,UH0376,,Continuidad sin cambio explícito,54,SUMA_DIRECTA,
SCIAN 2018,541870,54,SCIAN 2018::541870,UH0151,,Continuidad sin cambio explícito,54,SUMA_DIRECTA,
SCIAN 2018,541890,54,SCIAN 2018::541890,UH0152,,Continuidad sin cambio explícito,54,SUMA_DIRECTA,
SCIAN 2018,541910,54,SCIAN 2018::541910,UH0153,,Continuidad sin cambio explícito,54,SUMA_DIRECTA,
SCIAN 2018,541920,54,SCIAN 2018::541920,UH0154,,Continuidad sin cambio explícito,54,SUMA_DIRECTA,
SCIAN 2018,541941,54,SCIAN 2018::541941,UH0155,,Continuidad sin cambio explícito,54,SUMA_DIRECTA,
SCIAN 2018,541942,54,SCIAN 2018::541942,UH0156,,Continuidad sin cambio explícito,54,SUMA_DIRECTA,
SCIAN 2018,541943,54,SCIAN 2018::541943,UH0157,,Continuidad sin cambio explícito,54,SUMA_DIRECTA,
SCIAN 2018,541990,54,SCIAN 2018::541990,UH0158,,Continuidad sin cambio explícito,54,SUMA_DIRECTA,
SCIAN 2018,561110,56,SCIAN 2018::561110,UH0159,,Continuidad sin cambio explícito,56,SUMA_DIRECTA,
SCIAN 2018,561210,56,SCIAN 2018::561210,UH0160,,Continuidad sin cambio explícito,56,SUMA_DIRECTA,
SCIAN 2018,561310,56,SCIAN 2018::561310,UH0161,,Continuidad sin cambio explícito,56,SUMA_DIRECTA,
SCIAN 2018,561320,56,SCIAN 2018::561320,UH0162,,Continuidad sin cambio explícito,56,SUMA_DIRECTA,
SCIAN 2018,561330,56,SCIAN 2018::561330,UH0163,,Continuidad sin cambio explícito,56,SUMA_DIRECTA,
SCIAN 2018,561421,56,SCIAN 2018::561421,UH0165,,Continuidad sin cambio explícito,56,SUMA_DIRECTA,
SCIAN 2018,561422,56,SCIAN 2018::561422,UH0166,,Continuidad sin cambio explícito,56,SUMA_DIRECTA,
SCIAN 2018,561431,56,SCIAN 2018::561431,UH0167,,Continuidad sin cambio explícito,56,SUMA_DIRECTA,
SCIAN 2018,561432,56,SCIAN 2018::561432,UH0168,,Continuidad sin cambio explícito,56,SUMA_DIRECTA,
SCIAN 2018,561440,56,SCIAN 2018::561440,UH0169,,Continuidad sin cambio explícito,56,SUMA_DIRECTA,
SCIAN 2018,561450,56,SCIAN 2018::561450,UH0170,,Continuidad sin cambio explícito,56,SUMA_DIRECTA,
SCIAN 2018,561510,56,SCIAN 2018::561510,UH0172,,Continuidad sin cambio explícito,56,SUMA_DIRECTA,
SCIAN 2018,561520,56,SCIAN 2018::561520,UH0173,,Continuidad sin cambio explícito,56,SUMA_DIRECTA,
SCIAN 2018,561590,56,SCIAN 2018::561590,UH0174,,Continuidad sin cambio explícito,56,SUMA_DIRECTA,
SCIAN 2018,561610,56,SCIAN 2018::561610,UH0175,,Continuidad sin cambio explícito,56,SUMA_DIRECTA,
SCIAN 2018,561620,56,SCIAN 2018::561620,UH0176,,Continuidad sin cambio explícito,56,SUMA_DIRECTA,
SCIAN 2018,561710,56,SCIAN 2018::561710,UH0177,,Continuidad sin cambio explícito,56,SUMA_DIRECTA,
SCIAN 2018,561720,56,SCIAN 2018::561720,UH0178,,Continuidad sin cambio explícito,56,SUMA_DIRECTA,
SCIAN 2018,561730,56,SCIAN 2018::561730,UH0179,,Continuidad sin cambio explícito,56,SUMA_DIRECTA,
SCIAN 2018,561740,56,SCIAN 2018::561740,UH0180,,Continuidad sin cambio explícito,56,SUMA_DIRECTA,
SCIAN 2018,561790,56,SCIAN 2018::561790,UH0181,,Continuidad sin cambio explícito,56,SUMA_DIRECTA,
SCIAN 2018,561910,56,SCIAN 2018::561910,UH0182,,Continuidad sin cambio explícito,56,SUMA_DIRECTA,
SCIAN 2018,561920,56,SCIAN 2018::561920,UH0183,,Continuidad sin cambio explícito,56,SUMA_DIRECTA,
SCIAN 2018,561990,56,SCIAN 2018::561990,UH0184,,Continuidad sin cambio explícito,56,SUMA_DIRECTA,
SCIAN 2018,562111,56,SCIAN 2018::562111,FL11,FL11,Familia compleja resuelta,56,SUMA_DIRECTA,
SCIAN 2018,562112,56,SCIAN 2018::562112,UH0350,,Agregación directa,56 | 93,SUMA_DIRECTA,
SCIAN 2018,562121,56,SCIAN 2018::562121,FL11,FL11,Familia compleja resuelta,56,SUMA_DIRECTA,
SCIAN 2018,562221,56,SCIAN 2018::562221,FL11,FL11,Familia compleja resuelta,56,SUMA_DIRECTA,
SCIAN 2018,562911,56,SCIAN 2018::562911,FL11,FL11,Familia compleja resuelta,56,SUMA_DIRECTA,
SCIAN 2018,562998,56,SCIAN 2018::562998,FL11,FL11,Familia compleja resuelta,56,SUMA_DIRECTA,
SCIAN 2018,611111,61,SCIAN 2018::611111,UH0185,,Continuidad sin cambio explícito,61,SUMA_DIRECTA,
SCIAN 2018,611112,61,SCIAN 2018::611112,UH0186,,Continuidad sin cambio explícito,61,SUMA_DIRECTA,
SCIAN 2018,611121,61,SCIAN 2018::611121,UH0187,,Continuidad sin cambio explícito,61,SUMA_DIRECTA,
SCIAN 2018,611122,61,SCIAN 2018::611122,UH0188,,Continuidad sin cambio explícito,61,SUMA_DIRECTA,
SCIAN 2018,611131,61,SCIAN 2018::611131,UH0189,,Continuidad sin cambio explícito,61,SUMA_DIRECTA,
SCIAN 2018,611132,61,SCIAN 2018::611132,UH0190,,Continuidad sin cambio explícito,61,SUMA_DIRECTA,
SCIAN 2018,611142,61,SCIAN 2018::611142,UH0192,,Continuidad sin cambio explícito,61,SUMA_DIRECTA,
SCIAN 2018,611151,61,SCIAN 2018::611151,UH0193,,Continuidad sin cambio explícito,61,SUMA_DIRECTA,
SCIAN 2018,611152,61,SCIAN 2018::611152,UH0194,,Continuidad sin cambio explícito,61,SUMA_DIRECTA,
SCIAN 2018,611161,61,SCIAN 2018::611161,UH0195,,Continuidad sin cambio explícito,61,SUMA_DIRECTA,
SCIAN 2018,611162,61,SCIAN 2018::611162,UH0196,,Continuidad sin cambio explícito,61,SUMA_DIRECTA,
SCIAN 2018,611171,61,SCIAN 2018::611171,UH0197,,Continuidad sin cambio explícito,61,SUMA_DIRECTA,
SCIAN 2018,611172,61,SCIAN 2018::611172,UH0198,,Continuidad sin cambio explícito,61,SUMA_DIRECTA,
SCIAN 2018,611181,61,SCIAN 2018::611181,UH0199,,Continuidad sin cambio explícito,61,SUMA_DIRECTA,
SCIAN 2018,611182,61,SCIAN 2018::611182,UH0200,,Continuidad sin cambio explícito,61,SUMA_DIRECTA,
SCIAN 2018,611211,61,SCIAN 2018::611211,UH0201,,Continuidad sin cambio explícito,61,SUMA_DIRECTA,
SCIAN 2018,611212,61,SCIAN 2018::611212,UH0202,,Continuidad sin cambio explícito,61,SUMA_DIRECTA,
SCIAN 2018,611311,61,SCIAN 2018::611311,UH0203,,Continuidad sin cambio explícito,61,SUMA_DIRECTA,
SCIAN 2018,611312,61,SCIAN 2018::611312,UH0204,,Continuidad sin cambio explícito,61,SUMA_DIRECTA,
SCIAN 2018,611411,61,SCIAN 2018::611411,UH0205,,Continuidad sin cambio explícito,61,SUMA_DIRECTA,
SCIAN 2018,611412,61,SCIAN 2018::611412,UH0206,,Continuidad sin cambio explícito,61,SUMA_DIRECTA,
SCIAN 2018,611421,61,SCIAN 2018::611421,UH0207,,Continuidad sin cambio explícito,61,SUMA_DIRECTA,
SCIAN 2018,611422,61,SCIAN 2018::611422,UH0208,,Continuidad sin cambio explícito,61,SUMA_DIRECTA,
SCIAN 2018,611431,61,SCIAN 2018::611431,UH0209,,Continuidad sin cambio explícito,61,SUMA_DIRECTA,
SCIAN 2018,611432,61,SCIAN 2018::611432,UH0378,,Continuidad sin cambio explícito,61,SUMA_DIRECTA,
SCIAN 2018,611511,61,SCIAN 2018::611511,UH0210,,Continuidad sin cambio explícito,61,SUMA_DIRECTA,
SCIAN 2018,611512,61,SCIAN 2018::611512,UH0211,,Continuidad sin cambio explícito,61,SUMA_DIRECTA,
SCIAN 2018,611611,61,SCIAN 2018::611611,UH0212,,Continuidad sin cambio explícito,61,SUMA_DIRECTA,
SCIAN 2018,611612,61,SCIAN 2018::611612,UH0213,,Continuidad sin cambio explícito,61,SUMA_DIRECTA,
SCIAN 2018,611621,61,SCIAN 2018::611621,UH0214,,Continuidad sin cambio explícito,61,SUMA_DIRECTA,
SCIAN 2018,611622,61,SCIAN 2018::611622,UH0215,,Continuidad sin cambio explícito,61,SUMA_DIRECTA,
SCIAN 2018,611631,61,SCIAN 2018::611631,UH0216,,Continuidad sin cambio explícito,61,SUMA_DIRECTA,
SCIAN 2018,611632,61,SCIAN 2018::611632,UH0379,,Continuidad sin cambio explícito,61,SUMA_DIRECTA,
SCIAN 2018,611691,61,SCIAN 2018::611691,UH0217,,Continuidad sin cambio explícito,61,SUMA_DIRECTA,
SCIAN 2018,611698,61,SCIAN 2018::611698,UH0218,,Continuidad sin cambio explícito,61,SUMA_DIRECTA,
SCIAN 2018,611699,61,SCIAN 2018::611699,UH0219,,Continuidad sin cambio explícito,61,SUMA_DIRECTA,
SCIAN 2018,611710,61,SCIAN 2018::611710,UH0220,,Continuidad sin cambio explícito,61,SUMA_DIRECTA,
SCIAN 2018,621111,62,SCIAN 2018::621111,FL04,FL04,Familia compleja resuelta,62,SUMA_DIRECTA,
SCIAN 2018,621112,62,SCIAN 2018::621112,FL05,FL05,Familia compleja resuelta,62,SUMA_DIRECTA,
SCIAN 2018,621113,62,SCIAN 2018::621113,FL04,FL04,Familia compleja resuelta,62,SUMA_DIRECTA,
SCIAN 2018,621114,62,SCIAN 2018::621114,FL05,FL05,Familia compleja resuelta,62,SUMA_DIRECTA,
SCIAN 2018,621115,62,SCIAN 2018::621115,FL04,FL04,Familia compleja resuelta,62,SUMA_DIRECTA,
SCIAN 2018,621116,62,SCIAN 2018::621116,FL05,FL05,Familia compleja resuelta,62,SUMA_DIRECTA,
SCIAN 2018,621211,62,SCIAN 2018::621211,UH0221,,Continuidad sin cambio explícito,62,SUMA_DIRECTA,
SCIAN 2018,621212,62,SCIAN 2018::621212,UH0222,,Continuidad sin cambio explícito,62,SUMA_DIRECTA,
SCIAN 2018,621311,62,SCIAN 2018::621311,UH0223,,Continuidad sin cambio explícito,62,SUMA_DIRECTA,
SCIAN 2018,621312,62,SCIAN 2018::621312,UH0380,,Continuidad sin cambio explícito,62,SUMA_DIRECTA,
SCIAN 2018,621320,62,SCIAN 2018::621320,UH0224,,Continuidad sin cambio explícito,62,SUMA_DIRECTA,
SCIAN 2018,621331,62,SCIAN 2018::621331,UH0225,,Continuidad sin cambio explícito,62,SUMA_DIRECTA,
SCIAN 2018,621332,62,SCIAN 2018::621332,UH0226,,Continuidad sin cambio explícito,62,SUMA_DIRECTA,
SCIAN 2018,621341,62,SCIAN 2018::621341,UH0227,,Continuidad sin cambio explícito,62,SUMA_DIRECTA,
SCIAN 2018,621342,62,SCIAN 2018::621342,UH0228,,Continuidad sin cambio explícito,62,SUMA_DIRECTA,
SCIAN 2018,621391,62,SCIAN 2018::621391,UH0229,,Continuidad sin cambio explícito,62,SUMA_DIRECTA,
SCIAN 2018,621392,62,SCIAN 2018::621392,UH0381,,Continuidad sin cambio explícito,62,SUMA_DIRECTA,
SCIAN 2018,621398,62,SCIAN 2018::621398,UH0230,,Continuidad sin cambio explícito,62,SUMA_DIRECTA,
SCIAN 2018,621399,62,SCIAN 2018::621399,UH0231,,Continuidad sin cambio explícito,62,SUMA_DIRECTA,
SCIAN 2018,621411,62,SCIAN 2018::621411,UH0232,,Continuidad sin cambio explícito,62,SUMA_DIRECTA,
SCIAN 2018,621421,62,SCIAN 2018::621421,UH0233,,Continuidad sin cambio explícito,62,SUMA_DIRECTA,
SCIAN 2018,621491,62,SCIAN 2018::621491,UH0234,,Continuidad sin cambio explícito,62,SUMA_DIRECTA,
SCIAN 2018,621492,62,SCIAN 2018::621492,UH0382,,Continuidad sin cambio explícito,62,SUMA_DIRECTA,
SCIAN 2018,621511,62,SCIAN 2018::621511,UH0235,,Continuidad sin cambio explícito,62,SUMA_DIRECTA,
SCIAN 2018,621512,62,SCIAN 2018::621512,UH0236,,Continuidad sin cambio explícito,62,SUMA_DIRECTA,
SCIAN 2018,621610,62,SCIAN 2018::621610,UH0237,,Continuidad sin cambio explícito,62,SUMA_DIRECTA,
SCIAN 2018,621910,62,SCIAN 2018::621910,UH0238,,Continuidad sin cambio explícito,62,SUMA_DIRECTA,
SCIAN 2018,621991,62,SCIAN 2018::621991,UH0239,,Continuidad sin cambio explícito,62,SUMA_DIRECTA,
SCIAN 2018,621992,62,SCIAN 2018::621992,UH0240,,Continuidad sin cambio explícito,62,SUMA_DIRECTA,
SCIAN 2018,622111,62,SCIAN 2018::622111,UH0241,,Continuidad sin cambio explícito,62,SUMA_DIRECTA,
SCIAN 2018,622112,62,SCIAN 2018::622112,UH0242,,Continuidad sin cambio explícito,62,SUMA_DIRECTA,
SCIAN 2018,622211,62,SCIAN 2018::622211,UH0383,,Continuidad sin cambio explícito,62,SUMA_DIRECTA,
SCIAN 2018,622212,62,SCIAN 2018::622212,UH0243,,Continuidad sin cambio explícito,62,SUMA_DIRECTA,
SCIAN 2018,622311,62,SCIAN 2018::622311,UH0244,,Continuidad sin cambio explícito,62,SUMA_DIRECTA,
SCIAN 2018,622312,62,SCIAN 2018::622312,UH0384,,Continuidad sin cambio explícito,62,SUMA_DIRECTA,
SCIAN 2018,623111,62,SCIAN 2018::623111,UH0245,,Continuidad sin cambio explícito,62,SUMA_DIRECTA,
SCIAN 2018,623211,62,SCIAN 2018::623211,UH0385,,Continuidad sin cambio explícito,62,SUMA_DIRECTA,
SCIAN 2018,623221,62,SCIAN 2018::623221,UH0247,,Continuidad sin cambio explícito,62,SUMA_DIRECTA,
SCIAN 2018,623311,62,SCIAN 2018::623311,UH0248,,Continuidad sin cambio explícito,62,SUMA_DIRECTA,
SCIAN 2018,623312,62,SCIAN 2018::623312,UH0249,,Continuidad sin cambio explícito,62,SUMA_DIRECTA,
SCIAN 2018,623991,62,SCIAN 2018::623991,UH0250,,Continuidad sin cambio explícito,62,SUMA_DIRECTA,
SCIAN 2018,623992,62,SCIAN 2018::623992,UH0251,,Continuidad sin cambio explícito,62,SUMA_DIRECTA,
SCIAN 2018,624111,62,SCIAN 2018::624111,UH0252,,Continuidad sin cambio explícito,62,SUMA_DIRECTA,
SCIAN 2018,624112,62,SCIAN 2018::624112,UH0253,,Continuidad sin cambio explícito,62,SUMA_DIRECTA,
SCIAN 2018,624121,62,SCIAN 2018::624121,UH0254,,Continuidad sin cambio explícito,62,SUMA_DIRECTA,
SCIAN 2018,624122,62,SCIAN 2018::624122,UH0255,,Continuidad sin cambio explícito,62,SUMA_DIRECTA,
SCIAN 2018,624191,62,SCIAN 2018::624191,UH0256,,Continuidad sin cambio explícito,62,SUMA_DIRECTA,
SCIAN 2018,624198,62,SCIAN 2018::624198,UH0257,,Continuidad sin cambio explícito,62,SUMA_DIRECTA,
SCIAN 2018,624199,62,SCIAN 2018::624199,UH0258,,Continuidad sin cambio explícito,62,SUMA_DIRECTA,
SCIAN 2018,624211,62,SCIAN 2018::624211,UH0259,,Continuidad sin cambio explícito,62,SUMA_DIRECTA,
SCIAN 2018,624212,62,SCIAN 2018::624212,UH0260,,Continuidad sin cambio explícito,62,SUMA_DIRECTA,
SCIAN 2018,624221,62,SCIAN 2018::624221,UH0261,,Continuidad sin cambio explícito,62,SUMA_DIRECTA,
SCIAN 2018,624222,62,SCIAN 2018::624222,UH0262,,Continuidad sin cambio explícito,62,SUMA_DIRECTA,
SCIAN 2018,624231,62,SCIAN 2018::624231,UH0263,,Continuidad sin cambio explícito,62,SUMA_DIRECTA,
SCIAN 2018,624311,62,SCIAN 2018::624311,UH0264,,Continuidad sin cambio explícito,62,SUMA_DIRECTA,
SCIAN 2018,624312,62,SCIAN 2018::624312,UH0265,,Continuidad sin cambio explícito,62,SUMA_DIRECTA,
SCIAN 2018,624411,62,SCIAN 2018::624411,UH0266,,Continuidad sin cambio explícito,62,SUMA_DIRECTA,
SCIAN 2018,624412,62,SCIAN 2018::624412,UH0267,,Continuidad sin cambio explícito,62,SUMA_DIRECTA,
SCIAN 2018,711111,71,SCIAN 2018::711111,UH0268,,Continuidad sin cambio explícito,71,SUMA_DIRECTA,
SCIAN 2018,711112,71,SCIAN 2018::711112,UH0269,,Continuidad sin cambio explícito,71,SUMA_DIRECTA,
SCIAN 2018,711121,71,SCIAN 2018::711121,UH0270,,Continuidad sin cambio explícito,71,SUMA_DIRECTA,
SCIAN 2018,711131,71,SCIAN 2018::711131,UH0271,,Continuidad sin cambio explícito,71,SUMA_DIRECTA,
SCIAN 2018,711211,71,SCIAN 2018::711211,UH0274,,Continuidad sin cambio explícito,71,SUMA_DIRECTA,
SCIAN 2018,711212,71,SCIAN 2018::711212,UH0275,,Continuidad sin cambio explícito,71,SUMA_DIRECTA,
SCIAN 2018,711311,71,SCIAN 2018::711311,UH0276,,Continuidad sin cambio explícito,71,SUMA_DIRECTA,
SCIAN 2018,711312,71,SCIAN 2018::711312,UH0277,,Continuidad sin cambio explícito,71,SUMA_DIRECTA,
SCIAN 2018,711410,71,SCIAN 2018::711410,UH0279,,Continuidad sin cambio explícito,71,SUMA_DIRECTA,
SCIAN 2018,711510,71,SCIAN 2018::711510,UH0280,,Continuidad sin cambio explícito,71,SUMA_DIRECTA,
SCIAN 2018,712111,71,SCIAN 2018::712111,UH0281,,Continuidad sin cambio explícito,71,SUMA_DIRECTA,
SCIAN 2018,712112,71,SCIAN 2018::712112,UH0282,,Continuidad sin cambio explícito,71,SUMA_DIRECTA,
SCIAN 2018,712131,71,SCIAN 2018::712131,UH0386,,Continuidad sin cambio explícito,71,SUMA_DIRECTA,
SCIAN 2018,712132,71,SCIAN 2018::712132,UH0283,,Continuidad sin cambio explícito,71,SUMA_DIRECTA,
SCIAN 2018,713111,71,SCIAN 2018::713111,UH0284,,Continuidad sin cambio explícito,71,SUMA_DIRECTA,
SCIAN 2018,713112,71,SCIAN 2018::713112,UH0285,,Continuidad sin cambio explícito,71,SUMA_DIRECTA,
SCIAN 2018,713113,71,SCIAN 2018::713113,UH0286,,Continuidad sin cambio explícito,71,SUMA_DIRECTA,
SCIAN 2018,713120,71,SCIAN 2018::713120,UH0287,,Continuidad sin cambio explícito,71,SUMA_DIRECTA,
SCIAN 2018,713291,71,SCIAN 2018::713291,UH0288,,Continuidad sin cambio explícito,71,SUMA_DIRECTA,
SCIAN 2018,713299,71,SCIAN 2018::713299,UH0289,,Continuidad sin cambio explícito,71,SUMA_DIRECTA,
SCIAN 2018,713910,71,SCIAN 2018::713910,UH0290,,Continuidad sin cambio explícito,71,SUMA_DIRECTA,
SCIAN 2018,713941,71,SCIAN 2018::713941,UH0291,,Continuidad sin cambio explícito,71,SUMA_DIRECTA,
SCIAN 2018,713942,71,SCIAN 2018::713942,UH0292,,Continuidad sin cambio explícito,71,SUMA_DIRECTA,
SCIAN 2018,713943,71,SCIAN 2018::713943,UH0293,,Continuidad sin cambio explícito,71,SUMA_DIRECTA,
SCIAN 2018,713944,71,SCIAN 2018::713944,UH0294,,Continuidad sin cambio explícito,71,SUMA_DIRECTA,
SCIAN 2018,713950,71,SCIAN 2018::713950,UH0295,,Continuidad sin cambio explícito,71,SUMA_DIRECTA,
SCIAN 2018,713991,71,SCIAN 2018::713991,UH0296,,Continuidad sin cambio explícito,71,SUMA_DIRECTA,
SCIAN 2018,713992,71,SCIAN 2018::713992,UH0297,,Continuidad sin cambio explícito,71,SUMA_DIRECTA,
SCIAN 2018,713998,71,SCIAN 2018::713998,UH0298,,Continuidad sin cambio explícito,71,SUMA_DIRECTA,
SCIAN 2018,721111,72,SCIAN 2018::721111,UH0300,,Continuidad sin cambio explícito,72,SUMA_DIRECTA,
SCIAN 2018,721112,72,SCIAN 2018::721112,UH0301,,Continuidad sin cambio explícito,72,SUMA_DIRECTA,
SCIAN 2018,721113,72,SCIAN 2018::721113,UH0302,,Continuidad sin cambio explícito,72,SUMA_DIRECTA,
SCIAN 2018,721190,72,SCIAN 2018::721190,UH0303,,Continuidad sin cambio explícito,72,SUMA_DIRECTA,
SCIAN 2018,721210,72,SCIAN 2018::721210,UH0304,,Continuidad sin cambio explícito,72,SUMA_DIRECTA,
SCIAN 2018,721311,72,SCIAN 2018::721311,UH0305,,Continuidad sin cambio explícito,72,SUMA_DIRECTA,
SCIAN 2018,721312,72,SCIAN 2018::721312,UH0306,,Continuidad sin cambio explícito,72,SUMA_DIRECTA,
SCIAN 2018,722310,72,SCIAN 2018::722310,UH0308,,Continuidad sin cambio explícito,72,SUMA_DIRECTA,
SCIAN 2018,722320,72,SCIAN 2018::722320,UH0309,,Continuidad sin cambio explícito,72,SUMA_DIRECTA,
SCIAN 2018,722330,72,SCIAN 2018::722330,UH0387,,Continuidad sin cambio explícito,72,SUMA_DIRECTA,
SCIAN 2018,722411,72,SCIAN 2018::722411,UH0310,,Continuidad sin cambio explícito,72,SUMA_DIRECTA,
SCIAN 2018,722412,72,SCIAN 2018::722412,UH0311,,Continuidad sin cambio explícito,72,SUMA_DIRECTA,
SCIAN 2018,722511,72,SCIAN 2018::722511,FL06,FL06,Familia compleja resuelta,72,SUMA_DIRECTA,
SCIAN 2018,722512,72,SCIAN 2018::722512,FL06,FL06,Familia compleja resuelta,72,SUMA_DIRECTA,
SCIAN 2018,722513,72,SCIAN 2018::722513,FL06,FL06,Familia compleja resuelta,72,SUMA_DIRECTA,
SCIAN 2018,722514,72,SCIAN 2018::722514,FL06,FL06,Familia compleja resuelta,72,SUMA_DIRECTA,
SCIAN 2018,722515,72,SCIAN 2018::722515,FL06,FL06,Familia compleja resuelta,72,SUMA_DIRECTA,
SCIAN 2018,722516,72,SCIAN 2018::722516,UH0307,,Correspondencia directa 1 a 1,72,SUMA_DIRECTA,
SCIAN 2018,722517,72,SCIAN 2018::722517,FL07,FL07,Familia compleja resuelta,72,SUMA_DIRECTA,
SCIAN 2018,722518,72,SCIAN 2018::722518,FL07,FL07,Familia compleja resuelta,72,SUMA_DIRECTA,
SCIAN 2018,722519,72,SCIAN 2018::722519,FL06,FL06,Familia compleja resuelta,72,SUMA_DIRECTA,
SCIAN 2018,811111,81,SCIAN 2018::811111,UH0312,,Continuidad sin cambio explícito,81,SUMA_DIRECTA,
SCIAN 2018,811112,81,SCIAN 2018::811112,UH0313,,Continuidad sin cambio explícito,81,SUMA_DIRECTA,
SCIAN 2018,811113,81,SCIAN 2018::811113,UH0314,,Continuidad sin cambio explícito,81,SUMA_DIRECTA,
SCIAN 2018,811114,81,SCIAN 2018::811114,UH0315,,Continuidad sin cambio explícito,81,SUMA_DIRECTA,
SCIAN 2018,811115,81,SCIAN 2018::811115,UH0316,,Continuidad sin cambio explícito,81,SUMA_DIRECTA,
SCIAN 2018,811116,81,SCIAN 2018::811116,UH0317,,Continuidad sin cambio explícito,81,SUMA_DIRECTA,
SCIAN 2018,811119,81,SCIAN 2018::811119,UH0318,,Continuidad sin cambio explícito,81,SUMA_DIRECTA,
SCIAN 2018,811121,81,SCIAN 2018::811121,FL09,FL09,Familia compleja resuelta,33 | 81,INTERVALO_INFERIOR_SUPERIOR,811123 presenta transferencia intersectorial 33-81; reportar límite inferior y superior
SCIAN 2018,811122,81,SCIAN 2018::811122,UH0319,,Continuidad sin cambio explícito,81,SUMA_DIRECTA,
SCIAN 2018,811123,81,SCIAN 2018::811123,FL09,FL09,Familia compleja resuelta,33 | 81,INTERVALO_INFERIOR_SUPERIOR,811123 presenta transferencia intersectorial 33-81; reportar límite inferior y superior
SCIAN 2018,811129,81,SCIAN 2018::811129,FL09,FL09,Familia compleja resuelta,33 | 81,INTERVALO_INFERIOR_SUPERIOR,811123 presenta transferencia intersectorial 33-81; reportar límite inferior y superior
SCIAN 2018,811191,81,SCIAN 2018::811191,UH0320,,Continuidad sin cambio explícito,81,SUMA_DIRECTA,
SCIAN 2018,811192,81,SCIAN 2018::811192,UH0321,,Continuidad sin cambio explícito,81,SUMA_DIRECTA,
SCIAN 2018,811199,81,SCIAN 2018::811199,UH0322,,Continuidad sin cambio explícito,81,SUMA_DIRECTA,
SCIAN 2018,811211,81,SCIAN 2018::811211,UH0323,,Continuidad sin cambio explícito,81,SUMA_DIRECTA,
SCIAN 2018,811219,81,SCIAN 2018::811219,UH0324,,Continuidad sin cambio explícito,81,SUMA_DIRECTA,
SCIAN 2018,811311,81,SCIAN 2018::811311,UH0325,,Continuidad sin cambio explícito,81,SUMA_DIRECTA,
SCIAN 2018,811312,81,SCIAN 2018::811312,UH0326,,Continuidad sin cambio explícito,81,SUMA_DIRECTA,
SCIAN 2018,811313,81,SCIAN 2018::811313,UH0327,,Continuidad sin cambio explícito,81,SUMA_DIRECTA,
SCIAN 2018,811314,81,SCIAN 2018::811314,UH0328,,Continuidad sin cambio explícito,81,SUMA_DIRECTA,
SCIAN 2018,811410,81,SCIAN 2018::811410,UH0329,,Continuidad sin cambio explícito,81,SUMA_DIRECTA,
SCIAN 2018,811420,81,SCIAN 2018::811420,UH0330,,Continuidad sin cambio explícito,81,SUMA_DIRECTA,
SCIAN 2018,811430,81,SCIAN 2018::811430,UH0331,,Continuidad sin cambio explícito,81,SUMA_DIRECTA,
SCIAN 2018,811491,81,SCIAN 2018::811491,UH0332,,Continuidad sin cambio explícito,81,SUMA_DIRECTA,
SCIAN 2018,811492,81,SCIAN 2018::811492,UH0333,,Continuidad sin cambio explícito,81,SUMA_DIRECTA,
SCIAN 2018,811493,81,SCIAN 2018::811493,UH0334,,Continuidad sin cambio explícito,81,SUMA_DIRECTA,
SCIAN 2018,811499,81,SCIAN 2018::811499,UH0335,,Continuidad sin cambio explícito,81,SUMA_DIRECTA,
SCIAN 2018,812110,81,SCIAN 2018::812110,UH0336,,Continuidad sin cambio explícito,81,SUMA_DIRECTA,
SCIAN 2018,812120,81,SCIAN 2018::812120,UH0337,,Continuidad sin cambio explícito,81,SUMA_DIRECTA,
SCIAN 2018,812130,81,SCIAN 2018::812130,UH0338,,Continuidad sin cambio explícito,81,SUMA_DIRECTA,
SCIAN 2018,812210,81,SCIAN 2018::812210,UH0339,,Continuidad sin cambio explícito,81,SUMA_DIRECTA,
SCIAN 2018,812310,81,SCIAN 2018::812310,UH0340,,Continuidad sin cambio explícito,81,SUMA_DIRECTA,
SCIAN 2018,812321,81,SCIAN 2018::812321,FL08,FL08,Familia compleja resuelta,81,SUMA_DIRECTA,
SCIAN 2018,812322,81,SCIAN 2018::812322,FL08,FL08,Familia compleja resuelta,81,SUMA_DIRECTA,
SCIAN 2018,812410,81,SCIAN 2018::812410,UH0341,,Continuidad sin cambio explícito,81,SUMA_DIRECTA,
SCIAN 2018,812910,81,SCIAN 2018::812910,UH0342,,Continuidad sin cambio explícito,81,SUMA_DIRECTA,
SCIAN 2018,812990,81,SCIAN 2018::812990,UH0343,,Continuidad sin cambio explícito,81,SUMA_DIRECTA,
SCIAN 2018,813110,81,SCIAN 2018::813110,UH0344,,Continuidad sin cambio explícito,81,SUMA_DIRECTA,
SCIAN 2018,813120,81,SCIAN 2018::813120,UH0345,,Continuidad sin cambio explícito,81,SUMA_DIRECTA,
SCIAN 2018,813130,81,SCIAN 2018::813130,UH0346,,Continuidad sin cambio explícito,81,SUMA_DIRECTA,
SCIAN 2018,813140,81,SCIAN 2018::813140,UH0347,,Continuidad sin cambio explícito,81,SUMA_DIRECTA,
SCIAN 2018,813210,81,SCIAN 2018::813210,UH0348,,Continuidad sin cambio explícito,81,SUMA_DIRECTA,
SCIAN 2018,813230,81,SCIAN 2018::813230,UH0349,,Continuidad sin cambio explícito,81,SUMA_DIRECTA,
SCIAN 2023,461110,46,SCIAN 2023::461110,FL01,FL01,Familia compleja resuelta,46,SUMA_DIRECTA,Familia equivalente al sector 46 observado; validación exacta 16/16 años
SCIAN 2023,461121,46,SCIAN 2023::461121,FL01,FL01,Familia compleja resuelta,46,SUMA_DIRECTA,Familia equivalente al sector 46 observado; validación exacta 16/16 años
SCIAN 2023,461122,46,SCIAN 2023::461122,FL01,FL01,Familia compleja resuelta,46,SUMA_DIRECTA,Familia equivalente al sector 46 observado; validación exacta 16/16 años
SCIAN 2023,461123,46,SCIAN 2023::461123,FL01,FL01,Familia compleja resuelta,46,SUMA_DIRECTA,Familia equivalente al sector 46 observado; validación exacta 16/16 años
SCIAN 2023,461130,46,SCIAN 2023::461130,FL01,FL01,Familia compleja resuelta,46,SUMA_DIRECTA,Familia equivalente al sector 46 observado; validación exacta 16/16 años
SCIAN 2023,461140,46,SCIAN 2023::461140,FL01,FL01,Familia compleja resuelta,46,SUMA_DIRECTA,Familia equivalente al sector 46 observado; validación exacta 16/16 años
SCIAN 2023,461150,46,SCIAN 2023::461150,FL01,FL01,Familia compleja resuelta,46,SUMA_DIRECTA,Familia equivalente al sector 46 observado; validación exacta 16/16 años
SCIAN 2023,461160,46,SCIAN 2023::461160,FL01,FL01,Familia compleja resuelta,46,SUMA_DIRECTA,Familia equivalente al sector 46 observado; validación exacta 16/16 años
SCIAN 2023,461170,46,SCIAN 2023::461170,FL01,FL01,Familia compleja resuelta,46,SUMA_DIRECTA,Familia equivalente al sector 46 observado; validación exacta 16/16 años
SCIAN 2023,461190,46,SCIAN 2023::461190,FL01,FL01,Familia compleja resuelta,46,SUMA_DIRECTA,Familia equivalente al sector 46 observado; validación exacta 16/16 años
SCIAN 2023,461211,46,SCIAN 2023::461211,FL01,FL01,Familia compleja resuelta,46,SUMA_DIRECTA,Familia equivalente al sector 46 observado; validación exacta 16/16 años
SCIAN 2023,461212,46,SCIAN 2023::461212,FL01,FL01,Familia compleja resuelta,46,SUMA_DIRECTA,Familia equivalente al sector 46 observado; validación exacta 16/16 años
SCIAN 2023,461213,46,SCIAN 2023::461213,FL01,FL01,Familia compleja resuelta,46,SUMA_DIRECTA,Familia equivalente al sector 46 observado; validación exacta 16/16 años
SCIAN 2023,461220,46,SCIAN 2023::461220,FL01,FL01,Familia compleja resuelta,46,SUMA_DIRECTA,Familia equivalente al sector 46 observado; validación exacta 16/16 años
SCIAN 2023,462111,46,SCIAN 2023::462111,FL01,FL01,Familia compleja resuelta,46,SUMA_DIRECTA,Familia equivalente al sector 46 observado; validación exacta 16/16 años
SCIAN 2023,462112,46,SCIAN 2023::462112,FL01,FL01,Familia compleja resuelta,46,SUMA_DIRECTA,Familia equivalente al sector 46 observado; validación exacta 16/16 años
SCIAN 2023,462210,46,SCIAN 2023::462210,FL01,FL01,Familia compleja resuelta,46,SUMA_DIRECTA,Familia equivalente al sector 46 observado; validación exacta 16/16 años
SCIAN 2023,463111,46,SCIAN 2023::463111,FL01,FL01,Familia compleja resuelta,46,SUMA_DIRECTA,Familia equivalente al sector 46 observado; validación exacta 16/16 años
SCIAN 2023,463112,46,SCIAN 2023::463112,FL01,FL01,Familia compleja resuelta,46,SUMA_DIRECTA,Familia equivalente al sector 46 observado; validación exacta 16/16 años
SCIAN 2023,463113,46,SCIAN 2023::463113,FL01,FL01,Familia compleja resuelta,46,SUMA_DIRECTA,Familia equivalente al sector 46 observado; validación exacta 16/16 años
SCIAN 2023,463211,46,SCIAN 2023::463211,FL01,FL01,Familia compleja resuelta,46,SUMA_DIRECTA,Familia equivalente al sector 46 observado; validación exacta 16/16 años
SCIAN 2023,463212,46,SCIAN 2023::463212,FL01,FL01,Familia compleja resuelta,46,SUMA_DIRECTA,Familia equivalente al sector 46 observado; validación exacta 16/16 años
SCIAN 2023,463213,46,SCIAN 2023::463213,FL01,FL01,Familia compleja resuelta,46,SUMA_DIRECTA,Familia equivalente al sector 46 observado; validación exacta 16/16 años
SCIAN 2023,463214,46,SCIAN 2023::463214,FL01,FL01,Familia compleja resuelta,46,SUMA_DIRECTA,Familia equivalente al sector 46 observado; validación exacta 16/16 años
SCIAN 2023,463215,46,SCIAN 2023::463215,FL01,FL01,Familia compleja resuelta,46,SUMA_DIRECTA,Familia equivalente al sector 46 observado; validación exacta 16/16 años
SCIAN 2023,463216,46,SCIAN 2023::463216,FL01,FL01,Familia compleja resuelta,46,SUMA_DIRECTA,Familia equivalente al sector 46 observado; validación exacta 16/16 años
SCIAN 2023,463217,46,SCIAN 2023::463217,FL01,FL01,Familia compleja resuelta,46,SUMA_DIRECTA,Familia equivalente al sector 46 observado; validación exacta 16/16 años
SCIAN 2023,463218,46,SCIAN 2023::463218,FL01,FL01,Familia compleja resuelta,46,SUMA_DIRECTA,Familia equivalente al sector 46 observado; validación exacta 16/16 años
SCIAN 2023,463310,46,SCIAN 2023::463310,FL01,FL01,Familia compleja resuelta,46,SUMA_DIRECTA,Familia equivalente al sector 46 observado; validación exacta 16/16 años
SCIAN 2023,464111,46,SCIAN 2023::464111,FL01,FL01,Familia compleja resuelta,46,SUMA_DIRECTA,Familia equivalente al sector 46 observado; validación exacta 16/16 años
SCIAN 2023,464112,46,SCIAN 2023::464112,FL01,FL01,Familia compleja resuelta,46,SUMA_DIRECTA,Familia equivalente al sector 46 observado; validación exacta 16/16 años
SCIAN 2023,464113,46,SCIAN 2023::464113,FL01,FL01,Familia compleja resuelta,46,SUMA_DIRECTA,Familia equivalente al sector 46 observado; validación exacta 16/16 años
SCIAN 2023,464121,46,SCIAN 2023::464121,FL01,FL01,Familia compleja resuelta,46,SUMA_DIRECTA,Familia equivalente al sector 46 observado; validación exacta 16/16 años
SCIAN 2023,464122,46,SCIAN 2023::464122,FL01,FL01,Familia compleja resuelta,46,SUMA_DIRECTA,Familia equivalente al sector 46 observado; validación exacta 16/16 años
SCIAN 2023,465111,46,SCIAN 2023::465111,FL01,FL01,Familia compleja resuelta,46,SUMA_DIRECTA,Familia equivalente al sector 46 observado; validación exacta 16/16 años
SCIAN 2023,465112,46,SCIAN 2023::465112,FL01,FL01,Familia compleja resuelta,46,SUMA_DIRECTA,Familia equivalente al sector 46 observado; validación exacta 16/16 años
SCIAN 2023,465211,46,SCIAN 2023::465211,FL01,FL01,Familia compleja resuelta,46,SUMA_DIRECTA,Familia equivalente al sector 46 observado; validación exacta 16/16 años
SCIAN 2023,465212,46,SCIAN 2023::465212,FL01,FL01,Familia compleja resuelta,46,SUMA_DIRECTA,Familia equivalente al sector 46 observado; validación exacta 16/16 años
SCIAN 2023,465213,46,SCIAN 2023::465213,FL01,FL01,Familia compleja resuelta,46,SUMA_DIRECTA,Familia equivalente al sector 46 observado; validación exacta 16/16 años
SCIAN 2023,465214,46,SCIAN 2023::465214,FL01,FL01,Familia compleja resuelta,46,SUMA_DIRECTA,Familia equivalente al sector 46 observado; validación exacta 16/16 años
SCIAN 2023,465215,46,SCIAN 2023::465215,FL01,FL01,Familia compleja resuelta,46,SUMA_DIRECTA,Familia equivalente al sector 46 observado; validación exacta 16/16 años
SCIAN 2023,465216,46,SCIAN 2023::465216,FL01,FL01,Familia compleja resuelta,46,SUMA_DIRECTA,Familia equivalente al sector 46 observado; validación exacta 16/16 años
SCIAN 2023,465311,46,SCIAN 2023::465311,FL01,FL01,Familia compleja resuelta,46,SUMA_DIRECTA,Familia equivalente al sector 46 observado; validación exacta 16/16 años
SCIAN 2023,465312,46,SCIAN 2023::465312,FL01,FL01,Familia compleja resuelta,46,SUMA_DIRECTA,Familia equivalente al sector 46 observado; validación exacta 16/16 años
SCIAN 2023,465313,46,SCIAN 2023::465313,FL01,FL01,Familia compleja resuelta,46,SUMA_DIRECTA,Familia equivalente al sector 46 observado; validación exacta 16/16 años
SCIAN 2023,465911,46,SCIAN 2023::465911,FL01,FL01,Familia compleja resuelta,46,SUMA_DIRECTA,Familia equivalente al sector 46 observado; validación exacta 16/16 años
SCIAN 2023,465912,46,SCIAN 2023::465912,FL01,FL01,Familia compleja resuelta,46,SUMA_DIRECTA,Familia equivalente al sector 46 observado; validación exacta 16/16 años
SCIAN 2023,465913,46,SCIAN 2023::465913,FL01,FL01,Familia compleja resuelta,46,SUMA_DIRECTA,Familia equivalente al sector 46 observado; validación exacta 16/16 años
SCIAN 2023,465914,46,SCIAN 2023::465914,FL01,FL01,Familia compleja resuelta,46,SUMA_DIRECTA,Familia equivalente al sector 46 observado; validación exacta 16/16 años
SCIAN 2023,465915,46,SCIAN 2023::465915,FL01,FL01,Familia compleja resuelta,46,SUMA_DIRECTA,Familia equivalente al sector 46 observado; validación exacta 16/16 años
SCIAN 2023,465919,46,SCIAN 2023::465919,FL01,FL01,Familia compleja resuelta,46,SUMA_DIRECTA,Familia equivalente al sector 46 observado; validación exacta 16/16 años
SCIAN 2023,466111,46,SCIAN 2023::466111,FL01,FL01,Familia compleja resuelta,46,SUMA_DIRECTA,Familia equivalente al sector 46 observado; validación exacta 16/16 años
SCIAN 2023,466112,46,SCIAN 2023::466112,FL01,FL01,Familia compleja resuelta,46,SUMA_DIRECTA,Familia equivalente al sector 46 observado; validación exacta 16/16 años
SCIAN 2023,466113,46,SCIAN 2023::466113,FL01,FL01,Familia compleja resuelta,46,SUMA_DIRECTA,Familia equivalente al sector 46 observado; validación exacta 16/16 años
SCIAN 2023,466114,46,SCIAN 2023::466114,FL01,FL01,Familia compleja resuelta,46,SUMA_DIRECTA,Familia equivalente al sector 46 observado; validación exacta 16/16 años
SCIAN 2023,466211,46,SCIAN 2023::466211,FL01,FL01,Familia compleja resuelta,46,SUMA_DIRECTA,Familia equivalente al sector 46 observado; validación exacta 16/16 años
SCIAN 2023,466212,46,SCIAN 2023::466212,FL01,FL01,Familia compleja resuelta,46,SUMA_DIRECTA,Familia equivalente al sector 46 observado; validación exacta 16/16 años
SCIAN 2023,466311,46,SCIAN 2023::466311,FL01,FL01,Familia compleja resuelta,46,SUMA_DIRECTA,Familia equivalente al sector 46 observado; validación exacta 16/16 años
SCIAN 2023,466312,46,SCIAN 2023::466312,FL01,FL01,Familia compleja resuelta,46,SUMA_DIRECTA,Familia equivalente al sector 46 observado; validación exacta 16/16 años
SCIAN 2023,466313,46,SCIAN 2023::466313,FL01,FL01,Familia compleja resuelta,46,SUMA_DIRECTA,Familia equivalente al sector 46 observado; validación exacta 16/16 años
SCIAN 2023,466314,46,SCIAN 2023::466314,FL01,FL01,Familia compleja resuelta,46,SUMA_DIRECTA,Familia equivalente al sector 46 observado; validación exacta 16/16 años
SCIAN 2023,466319,46,SCIAN 2023::466319,FL01,FL01,Familia compleja resuelta,46,SUMA_DIRECTA,Familia equivalente al sector 46 observado; validación exacta 16/16 años
SCIAN 2023,466410,46,SCIAN 2023::466410,FL01,FL01,Familia compleja resuelta,46,SUMA_DIRECTA,Familia equivalente al sector 46 observado; validación exacta 16/16 años
SCIAN 2023,467111,46,SCIAN 2023::467111,FL01,FL01,Familia compleja resuelta,46,SUMA_DIRECTA,Familia equivalente al sector 46 observado; validación exacta 16/16 años
SCIAN 2023,467112,46,SCIAN 2023::467112,FL01,FL01,Familia compleja resuelta,46,SUMA_DIRECTA,Familia equivalente al sector 46 observado; validación exacta 16/16 años
SCIAN 2023,467113,46,SCIAN 2023::467113,FL01,FL01,Familia compleja resuelta,46,SUMA_DIRECTA,Familia equivalente al sector 46 observado; validación exacta 16/16 años
SCIAN 2023,467114,46,SCIAN 2023::467114,FL01,FL01,Familia compleja resuelta,46,SUMA_DIRECTA,Familia equivalente al sector 46 observado; validación exacta 16/16 años
SCIAN 2023,467115,46,SCIAN 2023::467115,FL01,FL01,Familia compleja resuelta,46,SUMA_DIRECTA,Familia equivalente al sector 46 observado; validación exacta 16/16 años
SCIAN 2023,467116,46,SCIAN 2023::467116,FL01,FL01,Familia compleja resuelta,46,SUMA_DIRECTA,Familia equivalente al sector 46 observado; validación exacta 16/16 años
SCIAN 2023,467117,46,SCIAN 2023::467117,FL01,FL01,Familia compleja resuelta,46,SUMA_DIRECTA,Familia equivalente al sector 46 observado; validación exacta 16/16 años
SCIAN 2023,468111,46,SCIAN 2023::468111,FL01,FL01,Familia compleja resuelta,46,SUMA_DIRECTA,Familia equivalente al sector 46 observado; validación exacta 16/16 años
SCIAN 2023,468112,46,SCIAN 2023::468112,FL01,FL01,Familia compleja resuelta,46,SUMA_DIRECTA,Familia equivalente al sector 46 observado; validación exacta 16/16 años
SCIAN 2023,468211,46,SCIAN 2023::468211,FL01,FL01,Familia compleja resuelta,46,SUMA_DIRECTA,Familia equivalente al sector 46 observado; validación exacta 16/16 años
SCIAN 2023,468212,46,SCIAN 2023::468212,FL01,FL01,Familia compleja resuelta,46,SUMA_DIRECTA,Familia equivalente al sector 46 observado; validación exacta 16/16 años
SCIAN 2023,468213,46,SCIAN 2023::468213,FL01,FL01,Familia compleja resuelta,46,SUMA_DIRECTA,Familia equivalente al sector 46 observado; validación exacta 16/16 años
SCIAN 2023,468311,46,SCIAN 2023::468311,FL01,FL01,Familia compleja resuelta,46,SUMA_DIRECTA,Familia equivalente al sector 46 observado; validación exacta 16/16 años
SCIAN 2023,468411,46,SCIAN 2023::468411,FL01,FL01,Familia compleja resuelta,46,SUMA_DIRECTA,Familia equivalente al sector 46 observado; validación exacta 16/16 años
SCIAN 2023,468412,46,SCIAN 2023::468412,FL01,FL01,Familia compleja resuelta,46,SUMA_DIRECTA,Familia equivalente al sector 46 observado; validación exacta 16/16 años
SCIAN 2023,468413,46,SCIAN 2023::468413,FL01,FL01,Familia compleja resuelta,46,SUMA_DIRECTA,Familia equivalente al sector 46 observado; validación exacta 16/16 años
SCIAN 2023,468414,46,SCIAN 2023::468414,FL01,FL01,Familia compleja resuelta,46,SUMA_DIRECTA,Familia equivalente al sector 46 observado; validación exacta 16/16 años
SCIAN 2023,468419,46,SCIAN 2023::468419,FL01,FL01,Familia compleja resuelta,46,SUMA_DIRECTA,Familia equivalente al sector 46 observado; validación exacta 16/16 años
SCIAN 2023,468420,46,SCIAN 2023::468420,FL01,FL01,Familia compleja resuelta,46,SUMA_DIRECTA,Familia equivalente al sector 46 observado; validación exacta 16/16 años
SCIAN 2023,469110,46,SCIAN 2023::469110,FL01,FL01,Familia compleja resuelta,46,SUMA_DIRECTA,Familia equivalente al sector 46 observado; validación exacta 16/16 años
SCIAN 2023,481111,48,SCIAN 2023::481111,UH0034,,Continuidad sin cambio explícito,48,SUMA_DIRECTA,
SCIAN 2023,481210,48,SCIAN 2023::481210,UH0035,,Continuidad sin cambio explícito,48,SUMA_DIRECTA,
SCIAN 2023,482110,48,SCIAN 2023::482110,UH0036,,Continuidad sin cambio explícito,48,SUMA_DIRECTA,
SCIAN 2023,484119,48,SCIAN 2023::484119,UH0037,,Continuidad sin cambio explícito,48,SUMA_DIRECTA,
SCIAN 2023,484121,48,SCIAN 2023::484121,UH0038,,Continuidad sin cambio explícito,48,SUMA_DIRECTA,
SCIAN 2023,484129,48,SCIAN 2023::484129,UH0039,,Continuidad sin cambio explícito,48,SUMA_DIRECTA,
SCIAN 2023,484210,48,SCIAN 2023::484210,UH0040,,Continuidad sin cambio explícito,48,SUMA_DIRECTA,
SCIAN 2023,484221,48,SCIAN 2023::484221,UH0041,,Continuidad sin cambio explícito,48,SUMA_DIRECTA,
SCIAN 2023,484222,48,SCIAN 2023::484222,UH0042,,Continuidad sin cambio explícito,48,SUMA_DIRECTA,
SCIAN 2023,484229,48,SCIAN 2023::484229,UH0043,,Continuidad sin cambio explícito,48,SUMA_DIRECTA,
SCIAN 2023,484231,48,SCIAN 2023::484231,UH0044,,Continuidad sin cambio explícito,48,SUMA_DIRECTA,
SCIAN 2023,484232,48,SCIAN 2023::484232,UH0045,,Continuidad sin cambio explícito,48,SUMA_DIRECTA,
SCIAN 2023,484233,48,SCIAN 2023::484233,UH0389,,Continuidad sin cambio explícito,48,SUMA_DIRECTA,
SCIAN 2023,484239,48,SCIAN 2023::484239,UH0046,,Continuidad sin cambio explícito,48,SUMA_DIRECTA,
SCIAN 2023,485111,48,SCIAN 2023::485111,FL10,FL10,Familia compleja resuelta,48,SUMA_DIRECTA,
SCIAN 2023,485210,48,SCIAN 2023::485210,UH0048,,Continuidad sin cambio explícito,48,SUMA_DIRECTA,
SCIAN 2023,485320,48,SCIAN 2023::485320,UH0050,,Continuidad sin cambio explícito,48,SUMA_DIRECTA,
SCIAN 2023,485410,48,SCIAN 2023::485410,UH0051,,Continuidad sin cambio explícito,48,SUMA_DIRECTA,
SCIAN 2023,485510,48,SCIAN 2023::485510,UH0052,,Continuidad sin cambio explícito,48,SUMA_DIRECTA,
SCIAN 2023,485990,48,SCIAN 2023::485990,UH0053,,Continuidad sin cambio explícito,48,SUMA_DIRECTA,
SCIAN 2023,487110,48,SCIAN 2023::487110,UH0054,,Continuidad sin cambio explícito,48,SUMA_DIRECTA,
SCIAN 2023,488190,48,SCIAN 2023::488190,UH0370,,Continuidad sin cambio explícito,48,SUMA_DIRECTA,
SCIAN 2023,488410,48,SCIAN 2023::488410,UH0057,,Continuidad sin cambio explícito,48,SUMA_DIRECTA,
SCIAN 2023,488491,48,SCIAN 2023::488491,UH0058,,Continuidad sin cambio explícito,48,SUMA_DIRECTA,
SCIAN 2023,488492,48,SCIAN 2023::488492,UH0059,,Continuidad sin cambio explícito,48,SUMA_DIRECTA,
SCIAN 2023,488493,48,SCIAN 2023::488493,UH0060,,Continuidad sin cambio explícito,48,SUMA_DIRECTA,
SCIAN 2023,488511,48,SCIAN 2023::488511,UH0061,,Continuidad sin cambio explícito,48,SUMA_DIRECTA,
SCIAN 2023,488519,48,SCIAN 2023::488519,UH0062,,Continuidad sin cambio explícito,48,SUMA_DIRECTA,
SCIAN 2023,488990,48,SCIAN 2023::488990,UH0063,,Continuidad sin cambio explícito,48,SUMA_DIRECTA,
SCIAN 2023,491110,49,SCIAN 2023::491110,UH0064,,Continuidad sin cambio explícito,49,SUMA_DIRECTA,
SCIAN 2023,492110,49,SCIAN 2023::492110,UH0065,,Continuidad sin cambio explícito,49,SUMA_DIRECTA,
SCIAN 2023,492210,49,SCIAN 2023::492210,UH0066,,Continuidad sin cambio explícito,49,SUMA_DIRECTA,
SCIAN 2023,493119,49,SCIAN 2023::493119,UH0068,,Continuidad sin cambio explícito,49,SUMA_DIRECTA,
SCIAN 2023,493190,49,SCIAN 2023::493190,UH0070,,Continuidad sin cambio explícito,49,SUMA_DIRECTA,
SCIAN 2023,512112,51,SCIAN 2023::512112,UH0072,,Continuidad sin cambio explícito,51,SUMA_DIRECTA,
SCIAN 2023,512113,51,SCIAN 2023::512113,UH0073,,Continuidad sin cambio explícito,51,SUMA_DIRECTA,
SCIAN 2023,512130,51,SCIAN 2023::512130,UH0074,,Continuidad sin cambio explícito,51,SUMA_DIRECTA,
SCIAN 2023,512290,51,SCIAN 2023::512290,UH0076,,Continuidad sin cambio explícito,51,SUMA_DIRECTA,
SCIAN 2023,513111,51,SCIAN 2023::513111,FL12,FL12,Familia compleja resuelta,51,SUMA_DIRECTA,
SCIAN 2023,513112,51,SCIAN 2023::513112,FL12,FL12,Familia compleja resuelta,51,SUMA_DIRECTA,
SCIAN 2023,513121,51,SCIAN 2023::513121,FL12,FL12,Familia compleja resuelta,51,SUMA_DIRECTA,
SCIAN 2023,513131,51,SCIAN 2023::513131,FL12,FL12,Familia compleja resuelta,51,SUMA_DIRECTA,
SCIAN 2023,513132,51,SCIAN 2023::513132,FL12,FL12,Familia compleja resuelta,51,SUMA_DIRECTA,
SCIAN 2023,513210,51,SCIAN 2023::513210,FL12,FL12,Familia compleja resuelta,51,SUMA_DIRECTA,
SCIAN 2023,516110,51,SCIAN 2023::516110,FL12,FL12,Familia compleja resuelta,51,SUMA_DIRECTA,
SCIAN 2023,516120,51,SCIAN 2023::516120,FL12,FL12,Familia compleja resuelta,51,SUMA_DIRECTA,
SCIAN 2023,516210,51,SCIAN 2023::516210,FL12,FL12,Familia compleja resuelta,51,SUMA_DIRECTA,
SCIAN 2023,517311,51,SCIAN 2023::517311,UH0077,,Agregación directa,51,SUMA_DIRECTA,
SCIAN 2023,517312,51,SCIAN 2023::517312,UH0078,,Correspondencia directa 1 a 1,51,SUMA_DIRECTA,
SCIAN 2023,517410,51,SCIAN 2023::517410,UH0079,,Continuidad sin cambio explícito,51,SUMA_DIRECTA,
SCIAN 2023,517910,51,SCIAN 2023::517910,UH0080,,Continuidad sin cambio explícito,51,SUMA_DIRECTA,
SCIAN 2023,518210,51,SCIAN 2023::518210,UH0081,,Continuidad sin cambio explícito,51,SUMA_DIRECTA,
SCIAN 2023,519211,51,SCIAN 2023::519211,UH0082,,Correspondencia directa 1 a 1,51,SUMA_DIRECTA,
SCIAN 2023,519212,51,SCIAN 2023::519212,UH0083,,Correspondencia directa 1 a 1,51,SUMA_DIRECTA,
SCIAN 2023,521110,52,SCIAN 2023::521110,UH0084,,Continuidad sin cambio explícito,52,SUMA_DIRECTA,
SCIAN 2023,522110,52,SCIAN 2023::522110,UH0085,,Continuidad sin cambio explícito,52,SUMA_DIRECTA,
SCIAN 2023,522210,52,SCIAN 2023::522210,UH0086,,Continuidad sin cambio explícito,52,SUMA_DIRECTA,
SCIAN 2023,522220,52,SCIAN 2023::522220,UH0087,,Continuidad sin cambio explícito,52,SUMA_DIRECTA,
SCIAN 2023,522320,52,SCIAN 2023::522320,UH0089,,Continuidad sin cambio explícito,52,SUMA_DIRECTA,
SCIAN 2023,522390,52,SCIAN 2023::522390,UH0090,,Continuidad sin cambio explícito,52,SUMA_DIRECTA,
SCIAN 2023,522440,52,SCIAN 2023::522440,UH0091,,Continuidad sin cambio explícito,52,SUMA_DIRECTA,
SCIAN 2023,522451,52,SCIAN 2023::522451,UH0092,,Continuidad sin cambio explícito,52,SUMA_DIRECTA,
SCIAN 2023,522452,52,SCIAN 2023::522452,UH0093,,Continuidad sin cambio explícito,52,SUMA_DIRECTA,
SCIAN 2023,522460,52,SCIAN 2023::522460,FL02,FL02,Familia compleja resuelta,52,SUMA_DIRECTA,
SCIAN 2023,522490,52,SCIAN 2023::522490,FL02,FL02,Familia compleja resuelta,52,SUMA_DIRECTA,
SCIAN 2023,523110,52,SCIAN 2023::523110,UH0095,,Continuidad sin cambio explícito,52,SUMA_DIRECTA,
SCIAN 2023,523121,52,SCIAN 2023::523121,UH0096,,Continuidad sin cambio explícito,52,SUMA_DIRECTA,
SCIAN 2023,523122,52,SCIAN 2023::523122,UH0097,,Continuidad sin cambio explícito,52,SUMA_DIRECTA,
SCIAN 2023,523910,52,SCIAN 2023::523910,UH0098,,Continuidad sin cambio explícito,52,SUMA_DIRECTA,
SCIAN 2023,523990,52,SCIAN 2023::523990,UH0371,,Continuidad sin cambio explícito,52,SUMA_DIRECTA,
SCIAN 2023,524110,52,SCIAN 2023::524110,UH0099,,Continuidad sin cambio explícito,52,SUMA_DIRECTA,
SCIAN 2023,524130,52,SCIAN 2023::524130,UH0100,,Continuidad sin cambio explícito,52,SUMA_DIRECTA,
SCIAN 2023,524210,52,SCIAN 2023::524210,UH0101,,Continuidad sin cambio explícito,52,SUMA_DIRECTA,
SCIAN 2023,524220,52,SCIAN 2023::524220,UH0102,,Continuidad sin cambio explícito,52,SUMA_DIRECTA,
SCIAN 2023,531111,53,SCIAN 2023::531111,UH0372,,Continuidad sin cambio explícito,53,SUMA_DIRECTA,
SCIAN 2023,531112,53,SCIAN 2023::531112,UH0103,,Continuidad sin cambio explícito,53,SUMA_DIRECTA,
SCIAN 2023,531113,53,SCIAN 2023::531113,UH0104,,Continuidad sin cambio explícito,53,SUMA_DIRECTA,
SCIAN 2023,531114,53,SCIAN 2023::531114,UH0105,,Continuidad sin cambio explícito,53,SUMA_DIRECTA,
SCIAN 2023,531115,53,SCIAN 2023::531115,UH0106,,Continuidad sin cambio explícito,53,SUMA_DIRECTA,
SCIAN 2023,531119,53,SCIAN 2023::531119,FL03,FL03,Familia compleja resuelta,53,SUMA_DIRECTA,
SCIAN 2023,531210,53,SCIAN 2023::531210,UH0107,,Continuidad sin cambio explícito,53,SUMA_DIRECTA,
SCIAN 2023,531311,53,SCIAN 2023::531311,UH0108,,Continuidad sin cambio explícito,53,SUMA_DIRECTA,
SCIAN 2023,531319,53,SCIAN 2023::531319,UH0109,,Continuidad sin cambio explícito,53,SUMA_DIRECTA,
SCIAN 2023,532110,53,SCIAN 2023::532110,UH0110,,Continuidad sin cambio explícito,53,SUMA_DIRECTA,
SCIAN 2023,532121,53,SCIAN 2023::532121,UH0111,,Continuidad sin cambio explícito,53,SUMA_DIRECTA,
SCIAN 2023,532210,53,SCIAN 2023::532210,UH0112,,Continuidad sin cambio explícito,53,SUMA_DIRECTA,
SCIAN 2023,532281,53,SCIAN 2023::532281,UH0113,,Correspondencia directa 1 a 1,53,SUMA_DIRECTA,
SCIAN 2023,532282,53,SCIAN 2023::532282,UH0115,,Correspondencia directa 1 a 1,53,SUMA_DIRECTA,
SCIAN 2023,532289,53,SCIAN 2023::532289,UH0114,,Agregación directa,53,SUMA_DIRECTA,
SCIAN 2023,532310,53,SCIAN 2023::532310,UH0116,,Continuidad sin cambio explícito,53,SUMA_DIRECTA,
SCIAN 2023,532411,53,SCIAN 2023::532411,UH0117,,Continuidad sin cambio explícito,53,SUMA_DIRECTA,
SCIAN 2023,532420,53,SCIAN 2023::532420,UH0119,,Continuidad sin cambio explícito,53,SUMA_DIRECTA,
SCIAN 2023,532491,53,SCIAN 2023::532491,UH0374,,Continuidad sin cambio explícito,53,SUMA_DIRECTA,
SCIAN 2023,532492,53,SCIAN 2023::532492,UH0120,,Continuidad sin cambio explícito,53,SUMA_DIRECTA,
SCIAN 2023,532493,53,SCIAN 2023::532493,UH0121,,Continuidad sin cambio explícito,53,SUMA_DIRECTA,
SCIAN 2023,541110,54,SCIAN 2023::541110,UH0123,,Continuidad sin cambio explícito,54,SUMA_DIRECTA,
SCIAN 2023,541120,54,SCIAN 2023::541120,UH0124,,Continuidad sin cambio explícito,54,SUMA_DIRECTA,
SCIAN 2023,541190,54,SCIAN 2023::541190,UH0125,,Continuidad sin cambio explícito,54,SUMA_DIRECTA,
SCIAN 2023,541211,54,SCIAN 2023::541211,UH0126,,Continuidad sin cambio explícito,54,SUMA_DIRECTA,
SCIAN 2023,541219,54,SCIAN 2023::541219,UH0127,,Continuidad sin cambio explícito,54,SUMA_DIRECTA,
SCIAN 2023,541310,54,SCIAN 2023::541310,UH0128,,Continuidad sin cambio explícito,54,SUMA_DIRECTA,
SCIAN 2023,541320,54,SCIAN 2023::541320,UH0129,,Continuidad sin cambio explícito,54,SUMA_DIRECTA,
SCIAN 2023,541330,54,SCIAN 2023::541330,UH0130,,Continuidad sin cambio explícito,54,SUMA_DIRECTA,
SCIAN 2023,541340,54,SCIAN 2023::541340,UH0131,,Continuidad sin cambio explícito,54,SUMA_DIRECTA,
SCIAN 2023,541350,54,SCIAN 2023::541350,UH0132,,Continuidad sin cambio explícito,54,SUMA_DIRECTA,
SCIAN 2023,541360,54,SCIAN 2023::541360,UH0133,,Continuidad sin cambio explícito,54,SUMA_DIRECTA,
SCIAN 2023,541370,54,SCIAN 2023::541370,UH0134,,Continuidad sin cambio explícito,54,SUMA_DIRECTA,
SCIAN 2023,541380,54,SCIAN 2023::541380,UH0135,,Continuidad sin cambio explícito,54,SUMA_DIRECTA,
SCIAN 2023,541410,54,SCIAN 2023::541410,UH0136,,Continuidad sin cambio explícito,54,SUMA_DIRECTA,
SCIAN 2023,541430,54,SCIAN 2023::541430,UH0137,,Continuidad sin cambio explícito,54,SUMA_DIRECTA,
SCIAN 2023,541490,54,SCIAN 2023::541490,UH0138,,Continuidad sin cambio explícito,54,SUMA_DIRECTA,
SCIAN 2023,541510,54,SCIAN 2023::541510,UH0139,,Continuidad sin cambio explícito,54,SUMA_DIRECTA,
SCIAN 2023,541610,54,SCIAN 2023::541610,UH0140,,Continuidad sin cambio explícito,54,SUMA_DIRECTA,
SCIAN 2023,541620,54,SCIAN 2023::541620,UH0141,,Continuidad sin cambio explícito,54,SUMA_DIRECTA,
SCIAN 2023,541690,54,SCIAN 2023::541690,UH0142,,Continuidad sin cambio explícito,54,SUMA_DIRECTA,
SCIAN 2023,541711,54,SCIAN 2023::541711,UH0143,,Continuidad sin cambio explícito,54,SUMA_DIRECTA,
SCIAN 2023,541712,54,SCIAN 2023::541712,UH0144,,Continuidad sin cambio explícito,54,SUMA_DIRECTA,
SCIAN 2023,541810,54,SCIAN 2023::541810,UH0147,,Continuidad sin cambio explícito,54,SUMA_DIRECTA,
SCIAN 2023,541820,54,SCIAN 2023::541820,UH0375,,Continuidad sin cambio explícito,54,SUMA_DIRECTA,
SCIAN 2023,541840,54,SCIAN 2023::541840,UH0149,,Continuidad sin cambio explícito,54,SUMA_DIRECTA,
SCIAN 2023,541850,54,SCIAN 2023::541850,UH0150,,Continuidad sin cambio explícito,54,SUMA_DIRECTA,
SCIAN 2023,541890,54,SCIAN 2023::541890,UH0152,,Continuidad sin cambio explícito,54,SUMA_DIRECTA,
SCIAN 2023,541920,54,SCIAN 2023::541920,UH0154,,Continuidad sin cambio explícito,54,SUMA_DIRECTA,
SCIAN 2023,541930,54,SCIAN 2023::541930,UH0390,,Continuidad sin cambio explícito,54,SUMA_DIRECTA,
SCIAN 2023,541941,54,SCIAN 2023::541941,UH0155,,Continuidad sin cambio explícito,54,SUMA_DIRECTA,
SCIAN 2023,541942,54,SCIAN 2023::541942,UH0156,,Continuidad sin cambio explícito,54,SUMA_DIRECTA,
SCIAN 2023,541943,54,SCIAN 2023::541943,UH0157,,Continuidad sin cambio explícito,54,SUMA_DIRECTA,
SCIAN 2023,541990,54,SCIAN 2023::541990,UH0158,,Continuidad sin cambio explícito,54,SUMA_DIRECTA,
SCIAN 2023,561110,56,SCIAN 2023::561110,UH0159,,Continuidad sin cambio explícito,56,SUMA_DIRECTA,
SCIAN 2023,561210,56,SCIAN 2023::561210,UH0160,,Continuidad sin cambio explícito,56,SUMA_DIRECTA,
SCIAN 2023,561310,56,SCIAN 2023::561310,UH0161,,Continuidad sin cambio explícito,56,SUMA_DIRECTA,
SCIAN 2023,561320,56,SCIAN 2023::561320,UH0162,,Continuidad sin cambio explícito,56,SUMA_DIRECTA,
SCIAN 2023,561330,56,SCIAN 2023::561330,UH0163,,Continuidad sin cambio explícito,56,SUMA_DIRECTA,
SCIAN 2023,561421,56,SCIAN 2023::561421,UH0165,,Continuidad sin cambio explícito,56,SUMA_DIRECTA,
SCIAN 2023,561422,56,SCIAN 2023::561422,UH0166,,Continuidad sin cambio explícito,56,SUMA_DIRECTA,
SCIAN 2023,561431,56,SCIAN 2023::561431,UH0167,,Continuidad sin cambio explícito,56,SUMA_DIRECTA,
SCIAN 2023,561432,56,SCIAN 2023::561432,UH0168,,Continuidad sin cambio explícito,56,SUMA_DIRECTA,
SCIAN 2023,561440,56,SCIAN 2023::561440,UH0169,,Continuidad sin cambio explícito,56,SUMA_DIRECTA,
SCIAN 2023,561490,56,SCIAN 2023::561490,UH0171,,Continuidad sin cambio explícito,56,SUMA_DIRECTA,
SCIAN 2023,561510,56,SCIAN 2023::561510,UH0172,,Continuidad sin cambio explícito,56,SUMA_DIRECTA,
SCIAN 2023,561520,56,SCIAN 2023::561520,UH0173,,Continuidad sin cambio explícito,56,SUMA_DIRECTA,
SCIAN 2023,561590,56,SCIAN 2023::561590,UH0174,,Continuidad sin cambio explícito,56,SUMA_DIRECTA,
SCIAN 2023,561610,56,SCIAN 2023::561610,UH0175,,Continuidad sin cambio explícito,56,SUMA_DIRECTA,
SCIAN 2023,561620,56,SCIAN 2023::561620,UH0176,,Continuidad sin cambio explícito,56,SUMA_DIRECTA,
SCIAN 2023,561710,56,SCIAN 2023::561710,UH0177,,Continuidad sin cambio explícito,56,SUMA_DIRECTA,
SCIAN 2023,561720,56,SCIAN 2023::561720,UH0178,,Continuidad sin cambio explícito,56,SUMA_DIRECTA,
SCIAN 2023,561730,56,SCIAN 2023::561730,UH0179,,Continuidad sin cambio explícito,56,SUMA_DIRECTA,
SCIAN 2023,561740,56,SCIAN 2023::561740,UH0180,,Continuidad sin cambio explícito,56,SUMA_DIRECTA,
SCIAN 2023,561790,56,SCIAN 2023::561790,UH0181,,Continuidad sin cambio explícito,56,SUMA_DIRECTA,
SCIAN 2023,561920,56,SCIAN 2023::561920,UH0183,,Continuidad sin cambio explícito,56,SUMA_DIRECTA,
SCIAN 2023,561990,56,SCIAN 2023::561990,UH0184,,Continuidad sin cambio explícito,56,SUMA_DIRECTA,
SCIAN 2023,562111,56,SCIAN 2023::562111,FL11,FL11,Familia compleja resuelta,56,SUMA_DIRECTA,
SCIAN 2023,562121,56,SCIAN 2023::562121,FL11,FL11,Familia compleja resuelta,56,SUMA_DIRECTA,
SCIAN 2023,562122,56,SCIAN 2023::562122,UH0350,,Agregación directa,56 | 93,SUMA_DIRECTA,
SCIAN 2023,562221,56,SCIAN 2023::562221,FL11,FL11,Familia compleja resuelta,56,SUMA_DIRECTA,
SCIAN 2023,562911,56,SCIAN 2023::562911,FL11,FL11,Familia compleja resuelta,56,SUMA_DIRECTA,
SCIAN 2023,562998,56,SCIAN 2023::562998,FL11,FL11,Familia compleja resuelta,56,SUMA_DIRECTA,
SCIAN 2023,611111,61,SCIAN 2023::611111,UH0185,,Continuidad sin cambio explícito,61,SUMA_DIRECTA,
SCIAN 2023,611112,61,SCIAN 2023::611112,UH0186,,Continuidad sin cambio explícito,61,SUMA_DIRECTA,
SCIAN 2023,611121,61,SCIAN 2023::611121,UH0187,,Continuidad sin cambio explícito,61,SUMA_DIRECTA,
SCIAN 2023,611122,61,SCIAN 2023::611122,UH0188,,Continuidad sin cambio explícito,61,SUMA_DIRECTA,
SCIAN 2023,611131,61,SCIAN 2023::611131,UH0189,,Continuidad sin cambio explícito,61,SUMA_DIRECTA,
SCIAN 2023,611132,61,SCIAN 2023::611132,UH0190,,Continuidad sin cambio explícito,61,SUMA_DIRECTA,
SCIAN 2023,611142,61,SCIAN 2023::611142,UH0192,,Continuidad sin cambio explícito,61,SUMA_DIRECTA,
SCIAN 2023,611151,61,SCIAN 2023::611151,UH0193,,Continuidad sin cambio explícito,61,SUMA_DIRECTA,
SCIAN 2023,611152,61,SCIAN 2023::611152,UH0194,,Continuidad sin cambio explícito,61,SUMA_DIRECTA,
SCIAN 2023,611161,61,SCIAN 2023::611161,UH0195,,Continuidad sin cambio explícito,61,SUMA_DIRECTA,
SCIAN 2023,611162,61,SCIAN 2023::611162,UH0196,,Continuidad sin cambio explícito,61,SUMA_DIRECTA,
SCIAN 2023,611171,61,SCIAN 2023::611171,UH0197,,Continuidad sin cambio explícito,61,SUMA_DIRECTA,
SCIAN 2023,611172,61,SCIAN 2023::611172,UH0198,,Continuidad sin cambio explícito,61,SUMA_DIRECTA,
SCIAN 2023,611181,61,SCIAN 2023::611181,UH0199,,Continuidad sin cambio explícito,61,SUMA_DIRECTA,
SCIAN 2023,611182,61,SCIAN 2023::611182,UH0200,,Continuidad sin cambio explícito,61,SUMA_DIRECTA,
SCIAN 2023,611211,61,SCIAN 2023::611211,UH0201,,Continuidad sin cambio explícito,61,SUMA_DIRECTA,
SCIAN 2023,611212,61,SCIAN 2023::611212,UH0202,,Continuidad sin cambio explícito,61,SUMA_DIRECTA,
SCIAN 2023,611311,61,SCIAN 2023::611311,UH0203,,Continuidad sin cambio explícito,61,SUMA_DIRECTA,
SCIAN 2023,611312,61,SCIAN 2023::611312,UH0204,,Continuidad sin cambio explícito,61,SUMA_DIRECTA,
SCIAN 2023,611411,61,SCIAN 2023::611411,UH0205,,Continuidad sin cambio explícito,61,SUMA_DIRECTA,
SCIAN 2023,611421,61,SCIAN 2023::611421,UH0207,,Continuidad sin cambio explícito,61,SUMA_DIRECTA,
SCIAN 2023,611422,61,SCIAN 2023::611422,UH0208,,Continuidad sin cambio explícito,61,SUMA_DIRECTA,
SCIAN 2023,611431,61,SCIAN 2023::611431,UH0209,,Continuidad sin cambio explícito,61,SUMA_DIRECTA,
SCIAN 2023,611511,61,SCIAN 2023::611511,UH0210,,Continuidad sin cambio explícito,61,SUMA_DIRECTA,
SCIAN 2023,611512,61,SCIAN 2023::611512,UH0211,,Continuidad sin cambio explícito,61,SUMA_DIRECTA,
SCIAN 2023,611611,61,SCIAN 2023::611611,UH0212,,Continuidad sin cambio explícito,61,SUMA_DIRECTA,
SCIAN 2023,611612,61,SCIAN 2023::611612,UH0213,,Continuidad sin cambio explícito,61,SUMA_DIRECTA,
SCIAN 2023,611621,61,SCIAN 2023::611621,UH0214,,Continuidad sin cambio explícito,61,SUMA_DIRECTA,
SCIAN 2023,611622,61,SCIAN 2023::611622,UH0215,,Continuidad sin cambio explícito,61,SUMA_DIRECTA,
SCIAN 2023,611631,61,SCIAN 2023::611631,UH0216,,Continuidad sin cambio explícito,61,SUMA_DIRECTA,
SCIAN 2023,611632,61,SCIAN 2023::611632,UH0379,,Continuidad sin cambio explícito,61,SUMA_DIRECTA,
SCIAN 2023,611691,61,SCIAN 2023::611691,UH0217,,Continuidad sin cambio explícito,61,SUMA_DIRECTA,
SCIAN 2023,611698,61,SCIAN 2023::611698,UH0218,,Continuidad sin cambio explícito,61,SUMA_DIRECTA,
SCIAN 2023,611699,61,SCIAN 2023::611699,UH0219,,Continuidad sin cambio explícito,61,SUMA_DIRECTA,
SCIAN 2023,621111,62,SCIAN 2023::621111,FL04,FL04,Familia compleja resuelta,62,SUMA_DIRECTA,
SCIAN 2023,621112,62,SCIAN 2023::621112,FL05,FL05,Familia compleja resuelta,62,SUMA_DIRECTA,
SCIAN 2023,621113,62,SCIAN 2023::621113,FL04,FL04,Familia compleja resuelta,62,SUMA_DIRECTA,
SCIAN 2023,621115,62,SCIAN 2023::621115,FL04,FL04,Familia compleja resuelta,62,SUMA_DIRECTA,
SCIAN 2023,621116,62,SCIAN 2023::621116,FL05,FL05,Familia compleja resuelta,62,SUMA_DIRECTA,
SCIAN 2023,621211,62,SCIAN 2023::621211,UH0221,,Continuidad sin cambio explícito,62,SUMA_DIRECTA,
SCIAN 2023,621212,62,SCIAN 2023::621212,UH0222,,Continuidad sin cambio explícito,62,SUMA_DIRECTA,
SCIAN 2023,621311,62,SCIAN 2023::621311,UH0223,,Continuidad sin cambio explícito,62,SUMA_DIRECTA,
SCIAN 2023,621312,62,SCIAN 2023::621312,UH0380,,Continuidad sin cambio explícito,62,SUMA_DIRECTA,
SCIAN 2023,621320,62,SCIAN 2023::621320,UH0224,,Continuidad sin cambio explícito,62,SUMA_DIRECTA,
SCIAN 2023,621331,62,SCIAN 2023::621331,UH0225,,Continuidad sin cambio explícito,62,SUMA_DIRECTA,
SCIAN 2023,621332,62,SCIAN 2023::621332,UH0226,,Continuidad sin cambio explícito,62,SUMA_DIRECTA,
SCIAN 2023,621341,62,SCIAN 2023::621341,UH0227,,Continuidad sin cambio explícito,62,SUMA_DIRECTA,
SCIAN 2023,621342,62,SCIAN 2023::621342,UH0228,,Continuidad sin cambio explícito,62,SUMA_DIRECTA,
SCIAN 2023,621391,62,SCIAN 2023::621391,UH0229,,Continuidad sin cambio explícito,62,SUMA_DIRECTA,
SCIAN 2023,621398,62,SCIAN 2023::621398,UH0230,,Continuidad sin cambio explícito,62,SUMA_DIRECTA,
SCIAN 2023,621411,62,SCIAN 2023::621411,UH0232,,Continuidad sin cambio explícito,62,SUMA_DIRECTA,
SCIAN 2023,621421,62,SCIAN 2023::621421,UH0233,,Continuidad sin cambio explícito,62,SUMA_DIRECTA,
SCIAN 2023,621491,62,SCIAN 2023::621491,UH0234,,Continuidad sin cambio explícito,62,SUMA_DIRECTA,
SCIAN 2023,621492,62,SCIAN 2023::621492,UH0382,,Continuidad sin cambio explícito,62,SUMA_DIRECTA,
SCIAN 2023,621511,62,SCIAN 2023::621511,UH0235,,Continuidad sin cambio explícito,62,SUMA_DIRECTA,
SCIAN 2023,621512,62,SCIAN 2023::621512,UH0236,,Continuidad sin cambio explícito,62,SUMA_DIRECTA,
SCIAN 2023,621610,62,SCIAN 2023::621610,UH0237,,Continuidad sin cambio explícito,62,SUMA_DIRECTA,
SCIAN 2023,621910,62,SCIAN 2023::621910,UH0238,,Continuidad sin cambio explícito,62,SUMA_DIRECTA,
SCIAN 2023,621991,62,SCIAN 2023::621991,UH0239,,Continuidad sin cambio explícito,62,SUMA_DIRECTA,
SCIAN 2023,621992,62,SCIAN 2023::621992,UH0240,,Continuidad sin cambio explícito,62,SUMA_DIRECTA,
SCIAN 2023,622111,62,SCIAN 2023::622111,UH0241,,Continuidad sin cambio explícito,62,SUMA_DIRECTA,
SCIAN 2023,622112,62,SCIAN 2023::622112,UH0242,,Continuidad sin cambio explícito,62,SUMA_DIRECTA,
SCIAN 2023,622211,62,SCIAN 2023::622211,UH0383,,Continuidad sin cambio explícito,62,SUMA_DIRECTA,
SCIAN 2023,622212,62,SCIAN 2023::622212,UH0243,,Continuidad sin cambio explícito,62,SUMA_DIRECTA,
SCIAN 2023,622311,62,SCIAN 2023::622311,UH0244,,Continuidad sin cambio explícito,62,SUMA_DIRECTA,
SCIAN 2023,622312,62,SCIAN 2023::622312,UH0384,,Continuidad sin cambio explícito,62,SUMA_DIRECTA,
SCIAN 2023,623111,62,SCIAN 2023::623111,UH0245,,Continuidad sin cambio explícito,62,SUMA_DIRECTA,
SCIAN 2023,623112,62,SCIAN 2023::623112,UH0246,,Continuidad sin cambio explícito,62,SUMA_DIRECTA,
SCIAN 2023,623211,62,SCIAN 2023::623211,UH0385,,Continuidad sin cambio explícito,62,SUMA_DIRECTA,
SCIAN 2023,623221,62,SCIAN 2023::623221,UH0247,,Continuidad sin cambio explícito,62,SUMA_DIRECTA,
SCIAN 2023,623311,62,SCIAN 2023::623311,UH0248,,Continuidad sin cambio explícito,62,SUMA_DIRECTA,
SCIAN 2023,623312,62,SCIAN 2023::623312,UH0249,,Continuidad sin cambio explícito,62,SUMA_DIRECTA,
SCIAN 2023,623991,62,SCIAN 2023::623991,UH0250,,Continuidad sin cambio explícito,62,SUMA_DIRECTA,
SCIAN 2023,623992,62,SCIAN 2023::623992,UH0251,,Continuidad sin cambio explícito,62,SUMA_DIRECTA,
SCIAN 2023,624111,62,SCIAN 2023::624111,UH0252,,Continuidad sin cambio explícito,62,SUMA_DIRECTA,
SCIAN 2023,624112,62,SCIAN 2023::624112,UH0253,,Continuidad sin cambio explícito,62,SUMA_DIRECTA,
SCIAN 2023,624121,62,SCIAN 2023::624121,UH0254,,Continuidad sin cambio explícito,62,SUMA_DIRECTA,
SCIAN 2023,624122,62,SCIAN 2023::624122,UH0255,,Continuidad sin cambio explícito,62,SUMA_DIRECTA,
SCIAN 2023,624191,62,SCIAN 2023::624191,UH0256,,Continuidad sin cambio explícito,62,SUMA_DIRECTA,
SCIAN 2023,624198,62,SCIAN 2023::624198,UH0257,,Continuidad sin cambio explícito,62,SUMA_DIRECTA,
SCIAN 2023,624199,62,SCIAN 2023::624199,UH0258,,Continuidad sin cambio explícito,62,SUMA_DIRECTA,
SCIAN 2023,624211,62,SCIAN 2023::624211,UH0259,,Continuidad sin cambio explícito,62,SUMA_DIRECTA,
SCIAN 2023,624212,62,SCIAN 2023::624212,UH0260,,Continuidad sin cambio explícito,62,SUMA_DIRECTA,
SCIAN 2023,624221,62,SCIAN 2023::624221,UH0261,,Continuidad sin cambio explícito,62,SUMA_DIRECTA,
SCIAN 2023,624222,62,SCIAN 2023::624222,UH0262,,Continuidad sin cambio explícito,62,SUMA_DIRECTA,
SCIAN 2023,624311,62,SCIAN 2023::624311,UH0264,,Continuidad sin cambio explícito,62,SUMA_DIRECTA,
SCIAN 2023,624312,62,SCIAN 2023::624312,UH0265,,Continuidad sin cambio explícito,62,SUMA_DIRECTA,
SCIAN 2023,624411,62,SCIAN 2023::624411,UH0266,,Continuidad sin cambio explícito,62,SUMA_DIRECTA,
SCIAN 2023,624412,62,SCIAN 2023::624412,UH0267,,Continuidad sin cambio explícito,62,SUMA_DIRECTA,
SCIAN 2023,711111,71,SCIAN 2023::711111,UH0268,,Continuidad sin cambio explícito,71,SUMA_DIRECTA,
SCIAN 2023,711121,71,SCIAN 2023::711121,UH0270,,Continuidad sin cambio explícito,71,SUMA_DIRECTA,
SCIAN 2023,711131,71,SCIAN 2023::711131,UH0271,,Continuidad sin cambio explícito,71,SUMA_DIRECTA,
SCIAN 2023,711132,71,SCIAN 2023::711132,UH0391,,Continuidad sin cambio explícito,71,SUMA_DIRECTA,
SCIAN 2023,711212,71,SCIAN 2023::711212,UH0275,,Continuidad sin cambio explícito,71,SUMA_DIRECTA,
SCIAN 2023,711311,71,SCIAN 2023::711311,UH0276,,Continuidad sin cambio explícito,71,SUMA_DIRECTA,
SCIAN 2023,711312,71,SCIAN 2023::711312,UH0277,,Continuidad sin cambio explícito,71,SUMA_DIRECTA,
SCIAN 2023,711410,71,SCIAN 2023::711410,UH0279,,Continuidad sin cambio explícito,71,SUMA_DIRECTA,
SCIAN 2023,711510,71,SCIAN 2023::711510,UH0280,,Continuidad sin cambio explícito,71,SUMA_DIRECTA,
SCIAN 2023,712111,71,SCIAN 2023::712111,UH0281,,Continuidad sin cambio explícito,71,SUMA_DIRECTA,
SCIAN 2023,712112,71,SCIAN 2023::712112,UH0282,,Continuidad sin cambio explícito,71,SUMA_DIRECTA,
SCIAN 2023,712131,71,SCIAN 2023::712131,UH0386,,Continuidad sin cambio explícito,71,SUMA_DIRECTA,
SCIAN 2023,712132,71,SCIAN 2023::712132,UH0283,,Continuidad sin cambio explícito,71,SUMA_DIRECTA,
SCIAN 2023,713111,71,SCIAN 2023::713111,UH0284,,Continuidad sin cambio explícito,71,SUMA_DIRECTA,
SCIAN 2023,713112,71,SCIAN 2023::713112,UH0285,,Continuidad sin cambio explícito,71,SUMA_DIRECTA,
SCIAN 2023,713113,71,SCIAN 2023::713113,UH0286,,Continuidad sin cambio explícito,71,SUMA_DIRECTA,
SCIAN 2023,713114,71,SCIAN 2023::713114,UH0392,,Continuidad sin cambio explícito,71,SUMA_DIRECTA,
SCIAN 2023,713120,71,SCIAN 2023::713120,UH0287,,Continuidad sin cambio explícito,71,SUMA_DIRECTA,
SCIAN 2023,713291,71,SCIAN 2023::713291,UH0288,,Continuidad sin cambio explícito,71,SUMA_DIRECTA,
SCIAN 2023,713299,71,SCIAN 2023::713299,UH0289,,Continuidad sin cambio explícito,71,SUMA_DIRECTA,
SCIAN 2023,713910,71,SCIAN 2023::713910,UH0290,,Continuidad sin cambio explícito,71,SUMA_DIRECTA,
SCIAN 2023,713941,71,SCIAN 2023::713941,UH0291,,Continuidad sin cambio explícito,71,SUMA_DIRECTA,
SCIAN 2023,713942,71,SCIAN 2023::713942,UH0292,,Continuidad sin cambio explícito,71,SUMA_DIRECTA,
SCIAN 2023,713943,71,SCIAN 2023::713943,UH0293,,Continuidad sin cambio explícito,71,SUMA_DIRECTA,
SCIAN 2023,713944,71,SCIAN 2023::713944,UH0294,,Continuidad sin cambio explícito,71,SUMA_DIRECTA,
SCIAN 2023,713950,71,SCIAN 2023::713950,UH0295,,Continuidad sin cambio explícito,71,SUMA_DIRECTA,
SCIAN 2023,713991,71,SCIAN 2023::713991,UH0296,,Continuidad sin cambio explícito,71,SUMA_DIRECTA,
SCIAN 2023,713992,71,SCIAN 2023::713992,UH0297,,Continuidad sin cambio explícito,71,SUMA_DIRECTA,
SCIAN 2023,713998,71,SCIAN 2023::713998,UH0298,,Continuidad sin cambio explícito,71,SUMA_DIRECTA,
SCIAN 2023,721111,72,SCIAN 2023::721111,UH0300,,Continuidad sin cambio explícito,72,SUMA_DIRECTA,
SCIAN 2023,721112,72,SCIAN 2023::721112,UH0301,,Continuidad sin cambio explícito,72,SUMA_DIRECTA,
SCIAN 2023,721113,72,SCIAN 2023::721113,UH0302,,Continuidad sin cambio explícito,72,SUMA_DIRECTA,
SCIAN 2023,721190,72,SCIAN 2023::721190,UH0303,,Continuidad sin cambio explícito,72,SUMA_DIRECTA,
SCIAN 2023,721210,72,SCIAN 2023::721210,UH0304,,Continuidad sin cambio explícito,72,SUMA_DIRECTA,
SCIAN 2023,721311,72,SCIAN 2023::721311,UH0305,,Continuidad sin cambio explícito,72,SUMA_DIRECTA,
SCIAN 2023,722310,72,SCIAN 2023::722310,UH0308,,Continuidad sin cambio explícito,72,SUMA_DIRECTA,
SCIAN 2023,722320,72,SCIAN 2023::722320,UH0309,,Continuidad sin cambio explícito,72,SUMA_DIRECTA,
SCIAN 2023,722330,72,SCIAN 2023::722330,UH0387,,Continuidad sin cambio explícito,72,SUMA_DIRECTA,
SCIAN 2023,722411,72,SCIAN 2023::722411,UH0310,,Continuidad sin cambio explícito,72,SUMA_DIRECTA,
SCIAN 2023,722412,72,SCIAN 2023::722412,UH0311,,Continuidad sin cambio explícito,72,SUMA_DIRECTA,
SCIAN 2023,722511,72,SCIAN 2023::722511,FL06,FL06,Familia compleja resuelta,72,SUMA_DIRECTA,
SCIAN 2023,722512,72,SCIAN 2023::722512,FL06,FL06,Familia compleja resuelta,72,SUMA_DIRECTA,
SCIAN 2023,722513,72,SCIAN 2023::722513,FL06,FL06,Familia compleja resuelta,72,SUMA_DIRECTA,
SCIAN 2023,722514,72,SCIAN 2023::722514,FL06,FL06,Familia compleja resuelta,72,SUMA_DIRECTA,
SCIAN 2023,722515,72,SCIAN 2023::722515,FL06,FL06,Familia compleja resuelta,72,SUMA_DIRECTA,
SCIAN 2023,722516,72,SCIAN 2023::722516,UH0307,,Correspondencia directa 1 a 1,72,SUMA_DIRECTA,
SCIAN 2023,722517,72,SCIAN 2023::722517,FL07,FL07,Familia compleja resuelta,72,SUMA_DIRECTA,
SCIAN 2023,722518,72,SCIAN 2023::722518,FL07,FL07,Familia compleja resuelta,72,SUMA_DIRECTA,
SCIAN 2023,722519,72,SCIAN 2023::722519,FL06,FL06,Familia compleja resuelta,72,SUMA_DIRECTA,
SCIAN 2023,811111,81,SCIAN 2023::811111,UH0312,,Continuidad sin cambio explícito,81,SUMA_DIRECTA,
SCIAN 2023,811112,81,SCIAN 2023::811112,UH0313,,Continuidad sin cambio explícito,81,SUMA_DIRECTA,
SCIAN 2023,811113,81,SCIAN 2023::811113,UH0314,,Continuidad sin cambio explícito,81,SUMA_DIRECTA,
SCIAN 2023,811114,81,SCIAN 2023::811114,UH0315,,Continuidad sin cambio explícito,81,SUMA_DIRECTA,
SCIAN 2023,811115,81,SCIAN 2023::811115,UH0316,,Continuidad sin cambio explícito,81,SUMA_DIRECTA,
SCIAN 2023,811116,81,SCIAN 2023::811116,UH0317,,Continuidad sin cambio explícito,81,SUMA_DIRECTA,
SCIAN 2023,811119,81,SCIAN 2023::811119,UH0318,,Continuidad sin cambio explícito,81,SUMA_DIRECTA,
SCIAN 2023,811121,81,SCIAN 2023::811121,FL09,FL09,Familia compleja resuelta,33 | 81,INTERVALO_INFERIOR_SUPERIOR,811123 presenta transferencia intersectorial 33-81; reportar límite inferior y superior
SCIAN 2023,811122,81,SCIAN 2023::811122,UH0319,,Continuidad sin cambio explícito,81,SUMA_DIRECTA,
SCIAN 2023,811123,81,SCIAN 2023::811123,FL09,FL09,Familia compleja resuelta,33 | 81,INTERVALO_INFERIOR_SUPERIOR,811123 presenta transferencia intersectorial 33-81; reportar límite inferior y superior
SCIAN 2023,811129,81,SCIAN 2023::811129,FL09,FL09,Familia compleja resuelta,33 | 81,INTERVALO_INFERIOR_SUPERIOR,811123 presenta transferencia intersectorial 33-81; reportar límite inferior y superior
SCIAN 2023,811191,81,SCIAN 2023::811191,UH0320,,Continuidad sin cambio explícito,81,SUMA_DIRECTA,
SCIAN 2023,811192,81,SCIAN 2023::811192,UH0321,,Continuidad sin cambio explícito,81,SUMA_DIRECTA,
SCIAN 2023,811199,81,SCIAN 2023::811199,UH0322,,Continuidad sin cambio explícito,81,SUMA_DIRECTA,
SCIAN 2023,811211,81,SCIAN 2023::811211,UH0323,,Continuidad sin cambio explícito,81,SUMA_DIRECTA,
SCIAN 2023,811219,81,SCIAN 2023::811219,UH0324,,Continuidad sin cambio explícito,81,SUMA_DIRECTA,
SCIAN 2023,811311,81,SCIAN 2023::811311,UH0325,,Continuidad sin cambio explícito,81,SUMA_DIRECTA,
SCIAN 2023,811312,81,SCIAN 2023::811312,UH0326,,Continuidad sin cambio explícito,81,SUMA_DIRECTA,
SCIAN 2023,811313,81,SCIAN 2023::811313,UH0327,,Continuidad sin cambio explícito,81,SUMA_DIRECTA,
SCIAN 2023,811314,81,SCIAN 2023::811314,UH0328,,Continuidad sin cambio explícito,81,SUMA_DIRECTA,
SCIAN 2023,811410,81,SCIAN 2023::811410,UH0329,,Continuidad sin cambio explícito,81,SUMA_DIRECTA,
SCIAN 2023,811420,81,SCIAN 2023::811420,UH0330,,Continuidad sin cambio explícito,81,SUMA_DIRECTA,
SCIAN 2023,811430,81,SCIAN 2023::811430,UH0331,,Continuidad sin cambio explícito,81,SUMA_DIRECTA,
SCIAN 2023,811491,81,SCIAN 2023::811491,UH0332,,Continuidad sin cambio explícito,81,SUMA_DIRECTA,
SCIAN 2023,811492,81,SCIAN 2023::811492,UH0333,,Continuidad sin cambio explícito,81,SUMA_DIRECTA,
SCIAN 2023,811493,81,SCIAN 2023::811493,UH0334,,Continuidad sin cambio explícito,81,SUMA_DIRECTA,
SCIAN 2023,811499,81,SCIAN 2023::811499,UH0335,,Continuidad sin cambio explícito,81,SUMA_DIRECTA,
SCIAN 2023,812110,81,SCIAN 2023::812110,UH0336,,Continuidad sin cambio explícito,81,SUMA_DIRECTA,
SCIAN 2023,812120,81,SCIAN 2023::812120,UH0337,,Continuidad sin cambio explícito,81,SUMA_DIRECTA,
SCIAN 2023,812130,81,SCIAN 2023::812130,UH0338,,Continuidad sin cambio explícito,81,SUMA_DIRECTA,
SCIAN 2023,812210,81,SCIAN 2023::812210,UH0339,,Continuidad sin cambio explícito,81,SUMA_DIRECTA,
SCIAN 2023,812310,81,SCIAN 2023::812310,UH0340,,Continuidad sin cambio explícito,81,SUMA_DIRECTA,
SCIAN 2023,812321,81,SCIAN 2023::812321,FL08,FL08,Familia compleja resuelta,81,SUMA_DIRECTA,
SCIAN 2023,812322,81,SCIAN 2023::812322,FL08,FL08,Familia compleja resuelta,81,SUMA_DIRECTA,
SCIAN 2023,812410,81,SCIAN 2023::812410,UH0341,,Continuidad sin cambio explícito,81,SUMA_DIRECTA,
SCIAN 2023,812910,81,SCIAN 2023::812910,UH0342,,Continuidad sin cambio explícito,81,SUMA_DIRECTA,
SCIAN 2023,812990,81,SCIAN 2023::812990,UH0343,,Continuidad sin cambio explícito,81,SUMA_DIRECTA,
SCIAN 2023,813110,81,SCIAN 2023::813110,UH0344,,Continuidad sin cambio explícito,81,SUMA_DIRECTA,
SCIAN 2023,813120,81,SCIAN 2023::813120,UH0345,,Continuidad sin cambio explícito,81,SUMA_DIRECTA,
SCIAN 2023,813130,81,SCIAN 2023::813130,UH0346,,Continuidad sin cambio explícito,81,SUMA_DIRECTA,
SCIAN 2023,813140,81,SCIAN 2023::813140,UH0347,,Continuidad sin cambio explícito,81,SUMA_DIRECTA,
SCIAN 2023,813210,81,SCIAN 2023::813210,UH0348,,Continuidad sin cambio explícito,81,SUMA_DIRECTA,
SCIAN 2023,813230,81,SCIAN 2023::813230,UH0349,,Continuidad sin cambio explícito,81,SUMA_DIRECTA,
