Año,Version_SCIAN,SCIAN_original,Sector,Establecimientos,Unidad_homologada
2010,SCIAN 2007,461110,46,4179,FL01
2010,SCIAN 2007,722212,72,1975,FL07
2010,SCIAN 2007,722219,72,1707,FL06
2010,SCIAN 2007,812110,81,1582,UH0336
2010,SCIAN 2007,463211,46,1481,FL01
2010,SCIAN 2007,461130,46,1174,FL01
2010,SCIAN 2007,621211,62,913,UH0221
2010,SCIAN 2007,465311,46,849,FL01
2010,SCIAN 2007,811111,81,656,UH0312
2010,SCIAN 2007,561432,56,578,UH0168
2010,SCIAN 2007,621113,62,499,FL04
2010,SCIAN 2007,541110,54,493,UH0123
2010,SCIAN 2007,461160,46,463,FL01
2010,SCIAN 2007,465912,46,453,FL01
2010,SCIAN 2007,621111,62,441,FL04
2010,SCIAN 2007,467111,46,414,FL01
2010,SCIAN 2007,461121,46,414,FL01
2010,SCIAN 2007,463310,46,392,FL01
2010,SCIAN 2007,464111,46,389,FL01
2010,SCIAN 2007,468211,46,345,FL01
2010,SCIAN 2007,811121,81,335,FL09
2010,SCIAN 2007,813210,81,324,UH0348
2010,SCIAN 2007,467115,46,309,FL01
2010,SCIAN 2007,531113,53,283,UH0104
2010,SCIAN 2007,541211,54,268,UH0126
2010,SCIAN 2007,466410,46,268,FL01
2010,SCIAN 2007,466212,46,246,FL01
2010,SCIAN 2007,812210,81,246,UH0339
2010,SCIAN 2007,713120,71,246,UH0287
2010,SCIAN 2007,466312,46,229,FL01
2010,SCIAN 2007,461122,46,227,FL01
2010,SCIAN 2007,463215,46,226,FL01
2010,SCIAN 2007,811499,81,220,UH0335
2010,SCIAN 2007,611122,61,217,UH0188
2010,SCIAN 2007,722110,72,217,FL06
2010,SCIAN 2007,461212,46,212,FL01
2010,SCIAN 2007,461190,46,191,FL01
2010,SCIAN 2007,466111,46,189,FL01
2010,SCIAN 2007,811112,81,176,UH0313
2010,SCIAN 2007,464113,46,175,FL01
2010,SCIAN 2007,811192,81,174,UH0321
2010,SCIAN 2007,811191,81,172,UH0320
2010,SCIAN 2007,624191,62,164,UH0256
2010,SCIAN 2007,811211,81,159,UH0323
2010,SCIAN 2007,461170,46,158,FL01
2010,SCIAN 2007,467113,46,156,FL01
2010,SCIAN 2007,465112,46,156,FL01
2010,SCIAN 2007,611112,61,155,UH0186
2010,SCIAN 2007,722211,72,150,UH0307
2010,SCIAN 2007,465111,46,146,FL01
2010,SCIAN 2007,621511,62,143,UH0235
2010,SCIAN 2007,461140,46,142,FL01
2010,SCIAN 2007,463113,46,139,FL01
2010,SCIAN 2007,811119,81,138,UH0318
2010,SCIAN 2007,466211,46,136,FL01
2010,SCIAN 2007,461150,46,136,FL01
2010,SCIAN 2007,811219,81,136,UH0324
2010,SCIAN 2007,812410,81,134,UH0341
2010,SCIAN 2007,467114,46,134,FL01
2010,SCIAN 2007,811430,81,133,UH0331
2010,SCIAN 2007,465914,46,132,FL01
2010,SCIAN 2007,624411,62,129,UH0266
2010,SCIAN 2007,466114,46,129,FL01
2010,SCIAN 2007,468420,46,129,FL01
2010,SCIAN 2007,464121,46,127,FL01
2010,SCIAN 2007,561510,56,126,UH0172
2010,SCIAN 2007,722412,72,124,UH0311
2010,SCIAN 2007,561431,56,119,UH0167
2010,SCIAN 2007,611621,61,102,UH0214
2010,SCIAN 2007,811491,81,99,UH0332
2010,SCIAN 2007,541920,54,99,UH0154
2010,SCIAN 2007,462112,46,96,FL01
2010,SCIAN 2007,811420,81,92,UH0330
2010,SCIAN 2007,531210,53,91,UH0107
2010,SCIAN 2007,465212,46,90,FL01
2010,SCIAN 2007,461123,46,90,FL01
2010,SCIAN 2007,463212,46,90,FL01
2010,SCIAN 2007,464112,46,88,FL01
2010,SCIAN 2007,465313,46,86,FL01
2010,SCIAN 2007,811199,81,86,UH0322
2010,SCIAN 2007,465215,46,86,FL01
2010,SCIAN 2007,465211,46,85,FL01
2010,SCIAN 2007,611111,61,85,UH0185
2010,SCIAN 2007,465911,46,84,FL01
2010,SCIAN 2007,811410,81,84,UH0329
2010,SCIAN 2007,465919,46,83,FL01
2010,SCIAN 2007,713943,71,79,UH0293
2010,SCIAN 2007,485111,48,77,FL10
2010,SCIAN 2007,541941,54,76,UH0155
2010,SCIAN 2007,463213,46,76,FL01
2010,SCIAN 2007,621331,62,76,UH0225
2010,SCIAN 2007,467112,46,75,FL01
2010,SCIAN 2007,561421,56,74,UH0165
2010,SCIAN 2007,466319,46,73,FL01
2010,SCIAN 2007,813230,81,73,UH0349
2010,SCIAN 2007,466112,46,68,FL01
2010,SCIAN 2007,541310,54,68,UH0128
2010,SCIAN 2007,811312,81,67,UH0326
2010,SCIAN 2007,721112,72,64,UH0301
2010,SCIAN 2007,611611,61,63,UH0212
2010,SCIAN 2007,468213,46,60,FL01
2010,SCIAN 2007,532230,53,60,UH0114
2010,SCIAN 2007,541890,54,59,UH0152
2010,SCIAN 2007,621398,62,58,UH0230
2010,SCIAN 2007,468112,46,58,FL01
2010,SCIAN 2007,811492,81,57,UH0333
2010,SCIAN 2007,461213,46,55,FL01
2010,SCIAN 2007,532291,53,53,UH0115
2010,SCIAN 2007,522452,52,50,UH0093
2010,SCIAN 2007,468212,46,48,FL01
2010,SCIAN 2007,611121,61,48,UH0187
2010,SCIAN 2007,461211,46,47,FL01
2010,SCIAN 2007,721111,72,47,UH0300
2010,SCIAN 2007,468411,46,47,FL01
2010,SCIAN 2007,713991,71,46,UH0296
2010,SCIAN 2007,811493,81,46,UH0334
2010,SCIAN 2007,812990,81,46,UH0343
2010,SCIAN 2007,624412,62,46,UH0267
2010,SCIAN 2007,541430,54,44,UH0137
2010,SCIAN 2007,465312,46,43,FL01
2010,SCIAN 2007,813110,81,43,UH0344
2010,SCIAN 2007,463112,46,43,FL01
2010,SCIAN 2007,813120,81,42,UH0345
2010,SCIAN 2007,466311,46,42,FL01
2010,SCIAN 2007,463214,46,42,FL01
2010,SCIAN 2007,517910,51,41,UH0080
2010,SCIAN 2007,463216,46,40,FL01
2010,SCIAN 2007,611312,61,39,UH0204
2010,SCIAN 2007,811116,81,38,UH0317
2010,SCIAN 2007,524210,52,38,UH0101
2010,SCIAN 2007,541120,54,37,UH0124
2010,SCIAN 2007,463217,46,37,FL01
2010,SCIAN 2007,522320,52,37,UH0089
2010,SCIAN 2007,541810,54,37,UH0147
2010,SCIAN 2007,465913,46,36,FL01
2010,SCIAN 2007,484222,48,36,UH0042
2010,SCIAN 2007,713941,71,35,UH0291
2010,SCIAN 2007,611411,61,35,UH0205
2010,SCIAN 2007,468111,46,34,FL01
2010,SCIAN 2007,561520,56,33,UH0173
2010,SCIAN 2007,611161,61,32,UH0195
2010,SCIAN 2007,532310,53,32,UH0116
2010,SCIAN 2007,611132,61,32,UH0190
2010,SCIAN 2007,811129,81,31,FL09
2010,SCIAN 2007,611171,61,31,UH0197
2010,SCIAN 2007,611631,61,31,UH0216
2010,SCIAN 2007,492110,49,30,UH0065
2010,SCIAN 2007,621341,62,29,UH0227
2010,SCIAN 2007,721113,72,29,UH0302
2010,SCIAN 2007,622111,62,28,UH0241
2010,SCIAN 2007,468419,46,28,FL01
2010,SCIAN 2007,713291,71,27,UH0288
2010,SCIAN 2007,541330,54,27,UH0130
2010,SCIAN 2007,623992,62,27,UH0251
2010,SCIAN 2007,611311,61,26,UH0203
2010,SCIAN 2007,561110,56,26,UH0159
2010,SCIAN 2007,812130,81,26,UH0338
2010,SCIAN 2007,523122,52,26,UH0097
2010,SCIAN 2007,463111,46,25,FL01
2010,SCIAN 2007,468311,46,25,FL01
2010,SCIAN 2007,484221,48,25,UH0041
2010,SCIAN 2007,812310,81,24,UH0340
2010,SCIAN 2007,485210,48,23,UH0048
2010,SCIAN 2007,811114,81,23,UH0315
2010,SCIAN 2007,621311,62,23,UH0223
2010,SCIAN 2007,811122,81,22,UH0319
2010,SCIAN 2007,462111,46,22,FL01
2010,SCIAN 2007,541610,54,22,UH0140
2010,SCIAN 2007,532493,53,22,UH0121
2010,SCIAN 2007,561610,56,21,UH0175
2010,SCIAN 2007,812910,81,21,UH0342
2010,SCIAN 2007,621391,62,21,UH0229
2010,SCIAN 2007,722411,72,20,UH0310
2010,SCIAN 2007,462210,46,19,FL01
2010,SCIAN 2007,465216,46,19,FL01
2010,SCIAN 2007,622311,62,19,UH0244
2010,SCIAN 2007,484129,48,19,UH0039
2010,SCIAN 2007,484119,48,19,UH0037
2010,SCIAN 2007,531311,53,19,UH0108
2010,SCIAN 2007,811113,81,19,UH0314
2010,SCIAN 2007,811115,81,19,UH0316
2010,SCIAN 2007,611142,61,18,UH0192
2010,SCIAN 2007,611511,61,18,UH0210
2010,SCIAN 2007,611698,61,17,UH0218
2010,SCIAN 2007,611131,61,17,UH0189
2010,SCIAN 2007,541690,54,16,UH0142
2010,SCIAN 2007,532411,53,16,UH0117
2010,SCIAN 2007,517112,51,16,UH0077
2010,SCIAN 2007,517210,51,16,UH0078
2010,SCIAN 2007,611162,61,16,UH0196
2010,SCIAN 2007,622112,62,16,UH0242
2010,SCIAN 2007,541990,54,15,UH0158
2010,SCIAN 2007,468412,46,15,FL01
2010,SCIAN 2007,493119,49,14,UH0068
2010,SCIAN 2007,465213,46,14,FL01
2010,SCIAN 2007,541410,54,14,UH0136
2010,SCIAN 2007,466313,46,14,FL01
2010,SCIAN 2007,469110,46,13,FL01
2010,SCIAN 2007,611431,61,13,UH0209
2010,SCIAN 2007,541510,54,13,UH0139
2010,SCIAN 2007,532220,53,13,UH0113
2010,SCIAN 2007,464122,46,13,FL01
2010,SCIAN 2007,511112,51,12,FL12
2010,SCIAN 2007,561990,56,12,UH0184
2010,SCIAN 2007,611181,61,12,UH0199
2010,SCIAN 2007,531114,53,11,UH0105
2010,SCIAN 2007,522490,52,11,FL02
2010,SCIAN 2007,721311,72,11,UH0305
2010,SCIAN 2007,611699,61,11,UH0219
2010,SCIAN 2007,611691,61,11,UH0217
2010,SCIAN 2007,621112,62,11,FL05
2010,SCIAN 2007,484229,48,11,UH0043
2010,SCIAN 2007,512130,51,11,UH0074
2010,SCIAN 2007,532420,53,11,UH0119
2010,SCIAN 2007,463218,46,11,FL01
2010,SCIAN 2007,531319,53,10,UH0109
2010,SCIAN 2007,465214,46,10,FL01
2010,SCIAN 2007,484210,48,10,UH0040
2010,SCIAN 2007,515110,51,10,FL12
2010,SCIAN 2007,712112,71,10,UH0282
2010,SCIAN 2007,624198,62,10,UH0257
2010,SCIAN 2007,713998,71,9,UH0298
2010,SCIAN 2007,623991,62,9,UH0250
2010,SCIAN 2007,812320,81,9,FL08
2010,SCIAN 2007,561620,56,9,UH0176
2010,SCIAN 2007,541340,54,9,UH0131
2010,SCIAN 2007,561440,56,9,UH0169
2010,SCIAN 2007,722320,72,8,UH0309
2010,SCIAN 2007,611421,61,8,UH0207
2010,SCIAN 2007,611612,61,8,UH0213
2010,SCIAN 2007,561710,56,8,UH0177
2010,SCIAN 2007,611182,61,8,UH0200
2010,SCIAN 2007,531119,53,8,FL03
2010,SCIAN 2007,531112,53,8,UH0103
2010,SCIAN 2007,541380,54,8,UH0135
2010,SCIAN 2007,541190,54,8,UH0125
2010,SCIAN 2007,522390,52,7,UH0090
2010,SCIAN 2007,813130,81,7,UH0346
2010,SCIAN 2007,561720,56,7,UH0178
2010,SCIAN 2007,541620,54,7,UH0141
2010,SCIAN 2007,541850,54,7,UH0150
2010,SCIAN 2007,561330,56,7,UH0163
2010,SCIAN 2007,524110,52,6,UH0099
2010,SCIAN 2007,541219,54,6,UH0127
2010,SCIAN 2007,611152,61,6,UH0194
2010,SCIAN 2007,611512,61,6,UH0211
2010,SCIAN 2007,811313,81,6,UH0327
2010,SCIAN 2007,811314,81,6,UH0328
2010,SCIAN 2007,484231,48,6,UH0044
2010,SCIAN 2007,611151,61,6,UH0193
2010,SCIAN 2007,611172,61,6,UH0198
2010,SCIAN 2007,515120,51,6,FL12
2010,SCIAN 2007,711191,71,6,UH0272
2010,SCIAN 2007,711311,71,5,UH0276
2010,SCIAN 2007,519122,51,5,UH0083
2010,SCIAN 2007,487110,48,5,UH0054
2010,SCIAN 2007,621320,62,5,UH0224
2010,SCIAN 2007,621332,62,5,UH0226
2010,SCIAN 2007,466314,46,5,FL01
2010,SCIAN 2007,532110,53,5,UH0110
2010,SCIAN 2007,561310,56,5,UH0161
2010,SCIAN 2007,624311,62,5,UH0264
2010,SCIAN 2007,523121,52,5,UH0096
2010,SCIAN 2007,561590,56,5,UH0174
2010,SCIAN 2007,624212,62,5,UH0260
2010,SCIAN 2007,467116,46,5,FL01
2010,SCIAN 2007,561920,56,5,UH0183
2010,SCIAN 2007,812120,81,5,UH0337
2010,SCIAN 2007,713992,71,5,UH0297
2010,SCIAN 2007,488990,48,4,UH0063
2010,SCIAN 2007,621491,62,4,UH0234
2010,SCIAN 2007,621910,62,4,UH0238
2010,SCIAN 2007,611211,61,4,UH0201
2010,SCIAN 2007,517111,51,4,UH0077
2010,SCIAN 2007,711510,71,4,UH0280
2010,SCIAN 2007,711312,71,4,UH0277
2010,SCIAN 2007,711212,71,4,UH0275
2010,SCIAN 2007,522440,52,4,UH0091
2010,SCIAN 2007,468413,46,4,FL01
2010,SCIAN 2007,531115,53,4,UH0106
2010,SCIAN 2007,713112,71,4,UH0285
2010,SCIAN 2007,624211,62,4,UH0259
2010,SCIAN 2007,623311,62,4,UH0248
2010,SCIAN 2007,561410,56,4,UH0164
2010,SCIAN 2007,541711,54,4,UH0143
2010,SCIAN 2007,621421,62,4,UH0233
2010,SCIAN 2007,811311,81,4,UH0325
2010,SCIAN 2007,562112,56,4,FL11
2010,SCIAN 2007,611710,61,4,UH0220
2010,SCIAN 2007,541943,54,3,UH0157
2010,SCIAN 2007,561790,56,3,UH0181
2010,SCIAN 2007,467117,46,3,FL01
2010,SCIAN 2007,713944,71,3,UH0294
2010,SCIAN 2007,511131,51,3,FL12
2010,SCIAN 2007,713111,71,3,UH0284
2010,SCIAN 2007,712111,71,3,UH0281
2010,SCIAN 2007,711320,71,3,UH0278
2010,SCIAN 2007,522220,52,3,UH0087
2010,SCIAN 2007,713113,71,3,UH0286
2010,SCIAN 2007,624312,62,3,UH0265
2010,SCIAN 2007,517410,51,3,UH0079
2010,SCIAN 2007,511132,51,3,FL12
2010,SCIAN 2007,488410,48,3,UH0057
2010,SCIAN 2007,713999,71,3,UH0299
2010,SCIAN 2007,713942,71,3,UH0292
2010,SCIAN 2007,712132,71,2,UH0283
2010,SCIAN 2007,721210,72,2,UH0304
2010,SCIAN 2007,721190,72,2,UH0303
2010,SCIAN 2007,488210,48,2,UH0056
2010,SCIAN 2007,512113,51,2,UH0073
2010,SCIAN 2007,711211,71,2,UH0274
2010,SCIAN 2007,493111,49,2,UH0067
2010,SCIAN 2007,488493,48,2,UH0060
2010,SCIAN 2007,485410,48,2,UH0051
2010,SCIAN 2007,485510,48,2,UH0052
2010,SCIAN 2007,511121,51,2,FL12
2010,SCIAN 2007,541350,54,2,UH0132
2010,SCIAN 2007,713299,71,2,UH0289
2010,SCIAN 2007,621991,62,2,UH0239
2010,SCIAN 2007,541910,54,2,UH0153
2010,SCIAN 2007,541490,54,2,UH0138
2010,SCIAN 2007,541370,54,2,UH0134
2010,SCIAN 2007,711111,71,2,UH0268
2010,SCIAN 2007,532121,53,2,UH0111
2010,SCIAN 2007,624221,62,2,UH0261
2010,SCIAN 2007,532492,53,2,UH0120
2010,SCIAN 2007,711131,71,2,UH0271
2010,SCIAN 2007,611212,61,2,UH0202
2010,SCIAN 2007,561740,56,2,UH0180
2010,SCIAN 2007,561910,56,2,UH0182
2010,SCIAN 2007,621399,62,2,UH0231
2010,SCIAN 2007,484239,48,1,UH0046
2010,SCIAN 2007,621411,62,1,UH0232
2010,SCIAN 2007,621212,62,1,UH0222
2010,SCIAN 2007,562111,56,1,FL11
2010,SCIAN 2007,611141,61,1,UH0191
2010,SCIAN 2007,621610,62,1,UH0237
2010,SCIAN 2007,621512,62,1,UH0236
2010,SCIAN 2007,624199,62,1,UH0258
2010,SCIAN 2007,624122,62,1,UH0255
2010,SCIAN 2007,624121,62,1,UH0254
2010,SCIAN 2007,624112,62,1,UH0253
2010,SCIAN 2007,624111,62,1,UH0252
2010,SCIAN 2007,623312,62,1,UH0249
2010,SCIAN 2007,623221,62,1,UH0247
2010,SCIAN 2007,561450,56,1,UH0170
2010,SCIAN 2007,561422,56,1,UH0166
2010,SCIAN 2007,623112,62,1,UH0246
2010,SCIAN 2007,622212,62,1,UH0243
2010,SCIAN 2007,711121,71,1,UH0270
2010,SCIAN 2007,532299,53,1,UH0114
2010,SCIAN 2007,561320,56,1,UH0162
2010,SCIAN 2007,561210,56,1,UH0160
2010,SCIAN 2007,541942,54,1,UH0156
2010,SCIAN 2007,541830,54,1,UH0148
2010,SCIAN 2007,541721,54,1,UH0145
2010,SCIAN 2007,523910,52,1,UH0098
2010,SCIAN 2007,522510,52,1,UH0094
2010,SCIAN 2007,541360,54,1,UH0133
2010,SCIAN 2007,519110,51,1,FL12
2010,SCIAN 2007,713910,71,1,UH0290
2010,SCIAN 2007,711410,71,1,UH0279
2010,SCIAN 2007,519121,51,1,UH0082
2010,SCIAN 2007,488491,48,1,UH0058
2010,SCIAN 2007,512290,51,1,UH0076
2010,SCIAN 2007,512210,51,1,UH0075
2010,SCIAN 2007,511210,51,1,FL12
2010,SCIAN 2007,711192,71,1,UH0273
2010,SCIAN 2007,511122,51,1,FL12
2010,SCIAN 2007,511111,51,1,FL12
2010,SCIAN 2007,492210,49,1,UH0066
2010,SCIAN 2007,491110,49,1,UH0064
2010,SCIAN 2007,488519,48,1,UH0062
2010,SCIAN 2007,721312,72,1,UH0306
2010,SCIAN 2007,466113,46,1,FL01
2010,SCIAN 2007,713950,71,1,UH0295
2011,SCIAN 2007,461110,46,4194,FL01
2011,SCIAN 2007,722212,72,1975,FL07
2011,SCIAN 2007,722219,72,1708,FL06
2011,SCIAN 2007,812110,81,1582,UH0336
2011,SCIAN 2007,463211,46,1495,FL01
2011,SCIAN 2007,461130,46,1179,FL01
2011,SCIAN 2007,621211,62,914,UH0221
2011,SCIAN 2007,465311,46,857,FL01
2011,SCIAN 2007,811111,81,657,UH0312
2011,SCIAN 2007,561432,56,578,UH0168
2011,SCIAN 2007,621113,62,500,FL04
2011,SCIAN 2007,541110,54,493,UH0123
2011,SCIAN 2007,461160,46,461,FL01
2011,SCIAN 2007,465912,46,459,FL01
2011,SCIAN 2007,621111,62,441,FL04
2011,SCIAN 2007,467111,46,421,FL01
2011,SCIAN 2007,461121,46,415,FL01
2011,SCIAN 2007,464111,46,394,FL01
2011,SCIAN 2007,463310,46,392,FL01
2011,SCIAN 2007,468211,46,349,FL01
2011,SCIAN 2007,811121,81,336,FL09
2011,SCIAN 2007,813210,81,325,UH0348
2011,SCIAN 2007,467115,46,311,FL01
2011,SCIAN 2007,531113,53,283,UH0104
2011,SCIAN 2007,466410,46,279,FL01
2011,SCIAN 2007,541211,54,268,UH0126
2011,SCIAN 2007,466212,46,249,FL01
2011,SCIAN 2007,713120,71,246,UH0287
2011,SCIAN 2007,812210,81,246,UH0339
2011,SCIAN 2007,461122,46,229,FL01
2011,SCIAN 2007,466312,46,229,FL01
2011,SCIAN 2007,463215,46,226,FL01
2011,SCIAN 2007,722110,72,222,FL06
2011,SCIAN 2007,811499,81,220,UH0335
2011,SCIAN 2007,611122,61,217,UH0188
2011,SCIAN 2007,461212,46,213,FL01
2011,SCIAN 2007,461190,46,194,FL01
2011,SCIAN 2007,466111,46,188,FL01
2011,SCIAN 2007,464113,46,181,FL01
2011,SCIAN 2007,811112,81,176,UH0313
2011,SCIAN 2007,811192,81,174,UH0321
2011,SCIAN 2007,811191,81,172,UH0320
2011,SCIAN 2007,624191,62,165,UH0256
2011,SCIAN 2007,522110,52,161,UH0085
2011,SCIAN 2007,811211,81,159,UH0323
2011,SCIAN 2007,465112,46,158,FL01
2011,SCIAN 2007,461170,46,158,FL01
2011,SCIAN 2007,467113,46,157,FL01
2011,SCIAN 2007,611112,61,155,UH0186
2011,SCIAN 2007,722211,72,150,UH0307
2011,SCIAN 2007,465111,46,146,FL01
2011,SCIAN 2007,466211,46,145,FL01
2011,SCIAN 2007,621511,62,143,UH0235
2011,SCIAN 2007,461140,46,142,FL01
2011,SCIAN 2007,463113,46,141,FL01
2011,SCIAN 2007,811119,81,139,UH0318
2011,SCIAN 2007,467114,46,137,FL01
2011,SCIAN 2007,461150,46,136,FL01
2011,SCIAN 2007,811219,81,136,UH0324
2011,SCIAN 2007,812410,81,134,UH0341
2011,SCIAN 2007,811430,81,133,UH0331
2011,SCIAN 2007,465914,46,132,FL01
2011,SCIAN 2007,468420,46,132,FL01
2011,SCIAN 2007,466114,46,130,FL01
2011,SCIAN 2007,624411,62,130,UH0266
2011,SCIAN 2007,561510,56,126,UH0172
2011,SCIAN 2007,464121,46,125,FL01
2011,SCIAN 2007,722412,72,124,UH0311
2011,SCIAN 2007,561431,56,119,UH0167
2011,SCIAN 2007,611621,61,102,UH0214
2011,SCIAN 2007,811491,81,101,UH0332
2011,SCIAN 2007,541920,54,98,UH0154
2011,SCIAN 2007,462112,46,98,FL01
2011,SCIAN 2007,811420,81,92,UH0330
2011,SCIAN 2007,465212,46,91,FL01
2011,SCIAN 2007,531210,53,91,UH0107
2011,SCIAN 2007,461123,46,90,FL01
2011,SCIAN 2007,463212,46,90,FL01
2011,SCIAN 2007,465215,46,88,FL01
2011,SCIAN 2007,465313,46,87,FL01
2011,SCIAN 2007,464112,46,87,FL01
2011,SCIAN 2007,465211,46,87,FL01
2011,SCIAN 2007,811199,81,86,UH0322
2011,SCIAN 2007,611111,61,85,UH0185
2011,SCIAN 2007,465919,46,85,FL01
2011,SCIAN 2007,465911,46,84,FL01
2011,SCIAN 2007,811410,81,84,UH0329
2011,SCIAN 2007,713943,71,79,UH0293
2011,SCIAN 2007,467112,46,79,FL01
2011,SCIAN 2007,485111,48,77,FL10
2011,SCIAN 2007,621331,62,76,UH0225
2011,SCIAN 2007,463213,46,76,FL01
2011,SCIAN 2007,541941,54,76,UH0155
2011,SCIAN 2007,466319,46,76,FL01
2011,SCIAN 2007,813230,81,75,UH0349
2011,SCIAN 2007,561421,56,74,UH0165
2011,SCIAN 2007,541310,54,68,UH0128
2011,SCIAN 2007,811312,81,67,UH0326
2011,SCIAN 2007,466112,46,65,FL01
2011,SCIAN 2007,611611,61,63,UH0212
2011,SCIAN 2007,721112,72,63,UH0301
2011,SCIAN 2007,468213,46,60,FL01
2011,SCIAN 2007,532230,53,60,UH0114
2011,SCIAN 2007,541890,54,59,UH0152
2011,SCIAN 2007,468112,46,59,FL01
2011,SCIAN 2007,621398,62,58,UH0230
2011,SCIAN 2007,811492,81,57,UH0333
2011,SCIAN 2007,461213,46,55,FL01
2011,SCIAN 2007,522452,52,54,UH0093
2011,SCIAN 2007,532291,53,53,UH0115
2011,SCIAN 2007,721111,72,50,UH0300
2011,SCIAN 2007,468212,46,49,FL01
2011,SCIAN 2007,468411,46,49,FL01
2011,SCIAN 2007,611121,61,48,UH0187
2011,SCIAN 2007,713991,71,46,UH0296
2011,SCIAN 2007,812990,81,46,UH0343
2011,SCIAN 2007,811493,81,46,UH0334
2011,SCIAN 2007,624412,62,46,UH0267
2011,SCIAN 2007,541810,54,46,UH0147
2011,SCIAN 2007,461211,46,46,FL01
2011,SCIAN 2007,463112,46,46,FL01
2011,SCIAN 2007,465312,46,44,FL01
2011,SCIAN 2007,463214,46,44,FL01
2011,SCIAN 2007,541430,54,44,UH0137
2011,SCIAN 2007,813110,81,43,UH0344
2011,SCIAN 2007,813120,81,42,UH0345
2011,SCIAN 2007,466311,46,42,FL01
2011,SCIAN 2007,517910,51,41,UH0080
2011,SCIAN 2007,524210,52,41,UH0101
2011,SCIAN 2007,492110,49,41,UH0065
2011,SCIAN 2007,463216,46,40,FL01
2011,SCIAN 2007,522320,52,38,UH0089
2011,SCIAN 2007,463217,46,38,FL01
2011,SCIAN 2007,811116,81,38,UH0317
2011,SCIAN 2007,611312,61,38,UH0204
2011,SCIAN 2007,541120,54,37,UH0124
2011,SCIAN 2007,465913,46,37,FL01
2011,SCIAN 2007,484222,48,36,UH0042
2011,SCIAN 2007,611411,61,35,UH0205
2011,SCIAN 2007,713941,71,35,UH0291
2011,SCIAN 2007,468111,46,35,FL01
2011,SCIAN 2007,561520,56,33,UH0173
2011,SCIAN 2007,611161,61,32,UH0195
2011,SCIAN 2007,611132,61,32,UH0190
2011,SCIAN 2007,532310,53,32,UH0116
2011,SCIAN 2007,611631,61,31,UH0216
2011,SCIAN 2007,611171,61,31,UH0197
2011,SCIAN 2007,811129,81,31,FL09
2011,SCIAN 2007,622111,62,31,UH0241
2011,SCIAN 2007,721113,72,30,UH0302
2011,SCIAN 2007,621341,62,29,UH0227
2011,SCIAN 2007,561110,56,28,UH0159
2011,SCIAN 2007,623992,62,28,UH0251
2011,SCIAN 2007,713291,71,27,UH0288
2011,SCIAN 2007,541330,54,27,UH0130
2011,SCIAN 2007,611311,61,27,UH0203
2011,SCIAN 2007,523122,52,27,UH0097
2011,SCIAN 2007,468419,46,27,FL01
2011,SCIAN 2007,812130,81,26,UH0338
2011,SCIAN 2007,484221,48,25,UH0041
2011,SCIAN 2007,468311,46,24,FL01
2011,SCIAN 2007,463111,46,24,FL01
2011,SCIAN 2007,812310,81,23,UH0340
2011,SCIAN 2007,621311,62,23,UH0223
2011,SCIAN 2007,811114,81,23,UH0315
2011,SCIAN 2007,462111,46,22,FL01
2011,SCIAN 2007,561610,56,22,UH0175
2011,SCIAN 2007,485210,48,22,UH0048
2011,SCIAN 2007,811122,81,22,UH0319
2011,SCIAN 2007,541610,54,22,UH0140
2011,SCIAN 2007,621391,62,21,UH0229
2011,SCIAN 2007,531311,53,21,UH0108
2011,SCIAN 2007,517210,51,20,UH0078
2011,SCIAN 2007,532493,53,20,UH0121
2011,SCIAN 2007,484129,48,20,UH0039
2011,SCIAN 2007,462210,46,20,FL01
2011,SCIAN 2007,811115,81,19,UH0316
2011,SCIAN 2007,811113,81,19,UH0314
2011,SCIAN 2007,722411,72,19,UH0310
2011,SCIAN 2007,465216,46,19,FL01
2011,SCIAN 2007,484119,48,19,UH0037
2011,SCIAN 2007,622311,62,18,UH0244
2011,SCIAN 2007,517112,51,18,UH0077
2011,SCIAN 2007,611511,61,18,UH0210
2011,SCIAN 2007,611142,61,18,UH0192
2011,SCIAN 2007,611698,61,17,UH0218
2011,SCIAN 2007,812910,81,17,UH0342
2011,SCIAN 2007,611131,61,17,UH0189
2011,SCIAN 2007,611162,61,16,UH0196
2011,SCIAN 2007,622112,62,16,UH0242
2011,SCIAN 2007,541690,54,16,UH0142
2011,SCIAN 2007,532411,53,16,UH0117
2011,SCIAN 2007,468412,46,15,FL01
2011,SCIAN 2007,469110,46,15,FL01
2011,SCIAN 2007,466313,46,14,FL01
2011,SCIAN 2007,541410,54,14,UH0136
2011,SCIAN 2007,465213,46,14,FL01
2011,SCIAN 2007,541990,54,14,UH0158
2011,SCIAN 2007,522490,52,14,FL02
2011,SCIAN 2007,493119,49,14,UH0068
2011,SCIAN 2007,611431,61,14,UH0209
2011,SCIAN 2007,532220,53,13,UH0113
2011,SCIAN 2007,532420,53,13,UH0119
2011,SCIAN 2007,541510,54,13,UH0139
2011,SCIAN 2007,464122,46,13,FL01
2011,SCIAN 2007,524110,52,13,UH0099
2011,SCIAN 2007,611181,61,12,UH0199
2011,SCIAN 2007,511112,51,12,FL12
2011,SCIAN 2007,517111,51,12,UH0077
2011,SCIAN 2007,561990,56,12,UH0184
2011,SCIAN 2007,484229,48,11,UH0043
2011,SCIAN 2007,531114,53,11,UH0105
2011,SCIAN 2007,561440,56,11,UH0169
2011,SCIAN 2007,512130,51,11,UH0074
2011,SCIAN 2007,463218,46,11,FL01
2011,SCIAN 2007,491110,49,11,UH0064
2011,SCIAN 2007,611691,61,11,UH0217
2011,SCIAN 2007,611699,61,11,UH0219
2011,SCIAN 2007,721311,72,11,UH0305
2011,SCIAN 2007,621112,62,11,FL05
2011,SCIAN 2007,531319,53,10,UH0109
2011,SCIAN 2007,515110,51,10,FL12
2011,SCIAN 2007,465214,46,10,FL01
2011,SCIAN 2007,712112,71,10,UH0282
2011,SCIAN 2007,541340,54,10,UH0131
2011,SCIAN 2007,484210,48,10,UH0040
2011,SCIAN 2007,624198,62,10,UH0257
2011,SCIAN 2007,561620,56,9,UH0176
2011,SCIAN 2007,812320,81,9,FL08
2011,SCIAN 2007,623991,62,9,UH0250
2011,SCIAN 2007,541850,54,9,UH0150
2011,SCIAN 2007,522390,52,9,UH0090
2011,SCIAN 2007,522430,52,9,FL02
2011,SCIAN 2007,531112,53,8,UH0103
2011,SCIAN 2007,611612,61,8,UH0213
2011,SCIAN 2007,611421,61,8,UH0207
2011,SCIAN 2007,722320,72,8,UH0309
2011,SCIAN 2007,541380,54,8,UH0135
2011,SCIAN 2007,531119,53,8,FL03
2011,SCIAN 2007,523121,52,8,UH0096
2011,SCIAN 2007,713998,71,8,UH0298
2011,SCIAN 2007,611182,61,8,UH0200
2011,SCIAN 2007,561710,56,8,UH0177
2011,SCIAN 2007,541190,54,8,UH0125
2011,SCIAN 2007,541620,54,7,UH0141
2011,SCIAN 2007,515120,51,7,FL12
2011,SCIAN 2007,484231,48,7,UH0044
2011,SCIAN 2007,561720,56,7,UH0178
2011,SCIAN 2007,813130,81,7,UH0346
2011,SCIAN 2007,711311,71,6,UH0276
2011,SCIAN 2007,611152,61,6,UH0194
2011,SCIAN 2007,611172,61,6,UH0198
2011,SCIAN 2007,611512,61,6,UH0211
2011,SCIAN 2007,711191,71,6,UH0272
2011,SCIAN 2007,487110,48,6,UH0054
2011,SCIAN 2007,811313,81,6,UH0327
2011,SCIAN 2007,561310,56,6,UH0161
2011,SCIAN 2007,541219,54,6,UH0127
2011,SCIAN 2007,561330,56,6,UH0163
2011,SCIAN 2007,811314,81,6,UH0328
2011,SCIAN 2007,611151,61,6,UH0193
2011,SCIAN 2007,561590,56,5,UH0174
2011,SCIAN 2007,621320,62,5,UH0224
2011,SCIAN 2007,623311,62,5,UH0248
2011,SCIAN 2007,532110,53,5,UH0110
2011,SCIAN 2007,621332,62,5,UH0226
2011,SCIAN 2007,524220,52,5,UH0102
2011,SCIAN 2007,519122,51,5,UH0083
2011,SCIAN 2007,466314,46,5,FL01
2011,SCIAN 2007,541711,54,5,UH0143
2011,SCIAN 2007,624311,62,5,UH0264
2011,SCIAN 2007,624212,62,5,UH0260
2011,SCIAN 2007,713992,71,5,UH0297
2011,SCIAN 2007,562112,56,5,FL11
2011,SCIAN 2007,561920,56,5,UH0183
2011,SCIAN 2007,812120,81,5,UH0337
2011,SCIAN 2007,611211,61,4,UH0201
2011,SCIAN 2007,711212,71,4,UH0275
2011,SCIAN 2007,611710,61,4,UH0220
2011,SCIAN 2007,711510,71,4,UH0280
2011,SCIAN 2007,711312,71,4,UH0277
2011,SCIAN 2007,713112,71,4,UH0285
2011,SCIAN 2007,713111,71,4,UH0284
2011,SCIAN 2007,561410,56,4,UH0164
2011,SCIAN 2007,624211,62,4,UH0259
2011,SCIAN 2007,488990,48,4,UH0063
2011,SCIAN 2007,468413,46,4,FL01
2011,SCIAN 2007,522440,52,4,UH0091
2011,SCIAN 2007,531115,53,4,UH0106
2011,SCIAN 2007,511132,51,4,FL12
2011,SCIAN 2007,811311,81,4,UH0325
2011,SCIAN 2007,621910,62,4,UH0238
2011,SCIAN 2007,621421,62,4,UH0233
2011,SCIAN 2007,621491,62,4,UH0234
2011,SCIAN 2007,523110,52,3,UH0095
2011,SCIAN 2007,517410,51,3,UH0079
2011,SCIAN 2007,532492,53,3,UH0120
2011,SCIAN 2007,467116,46,3,FL01
2011,SCIAN 2007,467117,46,3,FL01
2011,SCIAN 2007,488410,48,3,UH0057
2011,SCIAN 2007,624312,62,3,UH0265
2011,SCIAN 2007,519130,51,3,FL12
2011,SCIAN 2007,522451,52,3,UH0092
2011,SCIAN 2007,522220,52,3,UH0087
2011,SCIAN 2007,511121,51,3,FL12
2011,SCIAN 2007,511210,51,3,FL12
2011,SCIAN 2007,541943,54,3,UH0157
2011,SCIAN 2007,541910,54,3,UH0153
2011,SCIAN 2007,488519,48,3,UH0062
2011,SCIAN 2007,713999,71,3,UH0299
2011,SCIAN 2007,713944,71,3,UH0294
2011,SCIAN 2007,713942,71,3,UH0292
2011,SCIAN 2007,711320,71,3,UH0278
2011,SCIAN 2007,713113,71,3,UH0286
2011,SCIAN 2007,561790,56,3,UH0181
2011,SCIAN 2007,712111,71,3,UH0281
2011,SCIAN 2007,532121,53,2,UH0111
2011,SCIAN 2007,523910,52,2,UH0098
2011,SCIAN 2007,485510,48,2,UH0052
2011,SCIAN 2007,485112,48,2,UH0047
2011,SCIAN 2007,624221,62,2,UH0261
2011,SCIAN 2007,492210,49,2,UH0066
2011,SCIAN 2007,493111,49,2,UH0067
2011,SCIAN 2007,488493,48,2,UH0060
2011,SCIAN 2007,488210,48,2,UH0056
2011,SCIAN 2007,511131,51,2,FL12
2011,SCIAN 2007,541370,54,2,UH0134
2011,SCIAN 2007,541490,54,2,UH0138
2011,SCIAN 2007,541350,54,2,UH0132
2011,SCIAN 2007,485410,48,2,UH0051
2011,SCIAN 2007,711131,71,2,UH0271
2011,SCIAN 2007,711111,71,2,UH0268
2011,SCIAN 2007,512113,51,2,UH0073
2011,SCIAN 2007,623221,62,2,UH0247
2011,SCIAN 2007,518210,51,2,UH0081
2011,SCIAN 2007,621399,62,2,UH0231
2011,SCIAN 2007,621991,62,2,UH0239
2011,SCIAN 2007,711211,71,2,UH0274
2011,SCIAN 2007,712132,71,2,UH0283
2011,SCIAN 2007,713299,71,2,UH0289
2011,SCIAN 2007,721190,72,2,UH0303
2011,SCIAN 2007,721210,72,2,UH0304
2011,SCIAN 2007,561740,56,2,UH0180
2011,SCIAN 2007,561910,56,2,UH0182
2011,SCIAN 2007,611212,61,2,UH0202
2011,SCIAN 2007,562111,56,1,FL11
2011,SCIAN 2007,611141,61,1,UH0191
2011,SCIAN 2007,561450,56,1,UH0170
2011,SCIAN 2007,621212,62,1,UH0222
2011,SCIAN 2007,541721,54,1,UH0145
2011,SCIAN 2007,541830,54,1,UH0148
2011,SCIAN 2007,541942,54,1,UH0156
2011,SCIAN 2007,561210,56,1,UH0160
2011,SCIAN 2007,561320,56,1,UH0162
2011,SCIAN 2007,561422,56,1,UH0166
2011,SCIAN 2007,541360,54,1,UH0133
2011,SCIAN 2007,532299,53,1,UH0114
2011,SCIAN 2007,522510,52,1,UH0094
2011,SCIAN 2007,621512,62,1,UH0236
2011,SCIAN 2007,621610,62,1,UH0237
2011,SCIAN 2007,622212,62,1,UH0243
2011,SCIAN 2007,623112,62,1,UH0246
2011,SCIAN 2007,623312,62,1,UH0249
2011,SCIAN 2007,519110,51,1,FL12
2011,SCIAN 2007,519121,51,1,UH0082
2011,SCIAN 2007,519190,51,1,FL12
2011,SCIAN 2007,522210,52,1,UH0086
2011,SCIAN 2007,522310,52,1,UH0088
2011,SCIAN 2007,522420,52,1,FL02
2011,SCIAN 2007,511122,51,1,FL12
2011,SCIAN 2007,512111,51,1,UH0071
2011,SCIAN 2007,512210,51,1,UH0075
2011,SCIAN 2007,512290,51,1,UH0076
2011,SCIAN 2007,624111,62,1,UH0252
2011,SCIAN 2007,624112,62,1,UH0253
2011,SCIAN 2007,624121,62,1,UH0254
2011,SCIAN 2007,624122,62,1,UH0255
2011,SCIAN 2007,624199,62,1,UH0258
2011,SCIAN 2007,711121,71,1,UH0270
2011,SCIAN 2007,485990,48,1,UH0053
2011,SCIAN 2007,488491,48,1,UH0058
2011,SCIAN 2007,511111,51,1,FL12
2011,SCIAN 2007,484121,48,1,UH0038
2011,SCIAN 2007,484239,48,1,UH0046
2011,SCIAN 2007,711192,71,1,UH0273
2011,SCIAN 2007,711410,71,1,UH0279
2011,SCIAN 2007,713910,71,1,UH0290
2011,SCIAN 2007,713950,71,1,UH0295
2011,SCIAN 2007,721312,72,1,UH0306
2012,SCIAN 2007,461110,46,4199,FL01
2012,SCIAN 2007,722212,72,1977,FL07
2012,SCIAN 2007,722219,72,1718,FL06
2012,SCIAN 2007,812110,81,1583,UH0336
2012,SCIAN 2007,463211,46,1500,FL01
2012,SCIAN 2007,461130,46,1180,FL01
2012,SCIAN 2007,621211,62,915,UH0221
2012,SCIAN 2007,465311,46,857,FL01
2012,SCIAN 2007,811111,81,657,UH0312
2012,SCIAN 2007,561432,56,580,UH0168
2012,SCIAN 2007,621113,62,501,FL04
2012,SCIAN 2007,541110,54,493,UH0123
2012,SCIAN 2007,461160,46,461,FL01
2012,SCIAN 2007,465912,46,459,FL01
2012,SCIAN 2007,621111,62,442,FL04
2012,SCIAN 2007,467111,46,419,FL01
2012,SCIAN 2007,461121,46,415,FL01
2012,SCIAN 2007,464111,46,404,FL01
2012,SCIAN 2007,463310,46,393,FL01
2012,SCIAN 2007,468211,46,347,FL01
2012,SCIAN 2007,811121,81,337,FL09
2012,SCIAN 2007,813210,81,325,UH0348
2012,SCIAN 2007,467115,46,311,FL01
2012,SCIAN 2007,531113,53,283,UH0104
2012,SCIAN 2007,466410,46,276,FL01
2012,SCIAN 2007,541211,54,271,UH0126
2012,SCIAN 2007,466212,46,247,FL01
2012,SCIAN 2007,713120,71,247,UH0287
2012,SCIAN 2007,812210,81,246,UH0339
2012,SCIAN 2007,466312,46,229,FL01
2012,SCIAN 2007,461122,46,228,FL01
2012,SCIAN 2007,463215,46,227,FL01
2012,SCIAN 2007,722110,72,225,FL06
2012,SCIAN 2007,811499,81,220,UH0335
2012,SCIAN 2007,611122,61,217,UH0188
2012,SCIAN 2007,461212,46,213,FL01
2012,SCIAN 2007,461190,46,194,FL01
2012,SCIAN 2007,466111,46,188,FL01
2012,SCIAN 2007,464113,46,181,FL01
2012,SCIAN 2007,811112,81,176,UH0313
2012,SCIAN 2007,811192,81,174,UH0321
2012,SCIAN 2007,811191,81,172,UH0320
2012,SCIAN 2007,624191,62,165,UH0256
2012,SCIAN 2007,522110,52,163,UH0085
2012,SCIAN 2007,811211,81,159,UH0323
2012,SCIAN 2007,467113,46,158,FL01
2012,SCIAN 2007,461170,46,158,FL01
2012,SCIAN 2007,465112,46,158,FL01
2012,SCIAN 2007,611112,61,155,UH0186
2012,SCIAN 2007,621511,62,151,UH0235
2012,SCIAN 2007,722211,72,151,UH0307
2012,SCIAN 2007,466211,46,147,FL01
2012,SCIAN 2007,465111,46,146,FL01
2012,SCIAN 2007,461140,46,142,FL01
2012,SCIAN 2007,463113,46,141,FL01
2012,SCIAN 2007,811119,81,139,UH0318
2012,SCIAN 2007,461150,46,137,FL01
2012,SCIAN 2007,467114,46,137,FL01
2012,SCIAN 2007,811219,81,136,UH0324
2012,SCIAN 2007,811430,81,133,UH0331
2012,SCIAN 2007,812410,81,133,UH0341
2012,SCIAN 2007,468420,46,132,FL01
2012,SCIAN 2007,465914,46,132,FL01
2012,SCIAN 2007,624411,62,130,UH0266
2012,SCIAN 2007,466114,46,130,FL01
2012,SCIAN 2007,561510,56,127,UH0172
2012,SCIAN 2007,464121,46,126,FL01
2012,SCIAN 2007,722412,72,124,UH0311
2012,SCIAN 2007,561431,56,119,UH0167
2012,SCIAN 2007,611621,61,102,UH0214
2012,SCIAN 2007,811491,81,101,UH0332
2012,SCIAN 2007,462112,46,99,FL01
2012,SCIAN 2007,541920,54,98,UH0154
2012,SCIAN 2007,811420,81,92,UH0330
2012,SCIAN 2007,531210,53,91,UH0107
2012,SCIAN 2007,465212,46,91,FL01
2012,SCIAN 2007,464112,46,90,FL01
2012,SCIAN 2007,461123,46,90,FL01
2012,SCIAN 2007,463212,46,90,FL01
2012,SCIAN 2007,811199,81,88,UH0322
2012,SCIAN 2007,465215,46,87,FL01
2012,SCIAN 2007,465211,46,87,FL01
2012,SCIAN 2007,465313,46,86,FL01
2012,SCIAN 2007,465919,46,86,FL01
2012,SCIAN 2007,611111,61,85,UH0185
2012,SCIAN 2007,811410,81,84,UH0329
2012,SCIAN 2007,465911,46,84,FL01
2012,SCIAN 2007,467112,46,83,FL01
2012,SCIAN 2007,713943,71,79,UH0293
2012,SCIAN 2007,485111,48,78,FL10
2012,SCIAN 2007,463213,46,77,FL01
2012,SCIAN 2007,466319,46,76,FL01
2012,SCIAN 2007,621331,62,76,UH0225
2012,SCIAN 2007,813230,81,76,UH0349
2012,SCIAN 2007,541941,54,76,UH0155
2012,SCIAN 2007,541310,54,72,UH0128
2012,SCIAN 2007,811312,81,69,UH0326
2012,SCIAN 2007,561421,56,69,UH0165
2012,SCIAN 2007,466112,46,67,FL01
2012,SCIAN 2007,611611,61,63,UH0212
2012,SCIAN 2007,721112,72,62,UH0301
2012,SCIAN 2007,541890,54,60,UH0152
2012,SCIAN 2007,532230,53,60,UH0114
2012,SCIAN 2007,468112,46,60,FL01
2012,SCIAN 2007,468213,46,60,FL01
2012,SCIAN 2007,811492,81,58,UH0333
2012,SCIAN 2007,621398,62,58,UH0230
2012,SCIAN 2007,522452,52,55,UH0093
2012,SCIAN 2007,461213,46,55,FL01
2012,SCIAN 2007,468411,46,53,FL01
2012,SCIAN 2007,532291,53,53,UH0115
2012,SCIAN 2007,721111,72,51,UH0300
2012,SCIAN 2007,541810,54,50,UH0147
2012,SCIAN 2007,468212,46,49,FL01
2012,SCIAN 2007,611121,61,48,UH0187
2012,SCIAN 2007,812990,81,46,UH0343
2012,SCIAN 2007,463112,46,46,FL01
2012,SCIAN 2007,713991,71,46,UH0296
2012,SCIAN 2007,461211,46,46,FL01
2012,SCIAN 2007,624412,62,46,UH0267
2012,SCIAN 2007,811493,81,46,UH0334
2012,SCIAN 2007,465312,46,44,FL01
2012,SCIAN 2007,463214,46,44,FL01
2012,SCIAN 2007,813110,81,43,UH0344
2012,SCIAN 2007,541430,54,43,UH0137
2012,SCIAN 2007,466311,46,42,FL01
2012,SCIAN 2007,813120,81,42,UH0345
2012,SCIAN 2007,524210,52,41,UH0101
2012,SCIAN 2007,517910,51,41,UH0080
2012,SCIAN 2007,492110,49,41,UH0065
2012,SCIAN 2007,463216,46,40,FL01
2012,SCIAN 2007,611312,61,40,UH0204
2012,SCIAN 2007,463217,46,38,FL01
2012,SCIAN 2007,811116,81,38,UH0317
2012,SCIAN 2007,522320,52,38,UH0089
2012,SCIAN 2007,541120,54,37,UH0124
2012,SCIAN 2007,541610,54,37,UH0140
2012,SCIAN 2007,465913,46,37,FL01
2012,SCIAN 2007,468111,46,36,FL01
2012,SCIAN 2007,484222,48,36,UH0042
2012,SCIAN 2007,713941,71,36,UH0291
2012,SCIAN 2007,611411,61,35,UH0205
2012,SCIAN 2007,561520,56,33,UH0173
2012,SCIAN 2007,532310,53,32,UH0116
2012,SCIAN 2007,622111,62,32,UH0241
2012,SCIAN 2007,721113,72,32,UH0302
2012,SCIAN 2007,611161,61,32,UH0195
2012,SCIAN 2007,611132,61,32,UH0190
2012,SCIAN 2007,611171,61,31,UH0197
2012,SCIAN 2007,561110,56,31,UH0159
2012,SCIAN 2007,811129,81,31,FL09
2012,SCIAN 2007,541330,54,31,UH0130
2012,SCIAN 2007,611631,61,31,UH0216
2012,SCIAN 2007,611311,61,29,UH0203
2012,SCIAN 2007,621341,62,28,UH0227
2012,SCIAN 2007,713291,71,27,UH0288
2012,SCIAN 2007,623992,62,27,UH0251
2012,SCIAN 2007,523122,52,27,UH0097
2012,SCIAN 2007,468419,46,27,FL01
2012,SCIAN 2007,812130,81,26,UH0338
2012,SCIAN 2007,484221,48,25,UH0041
2012,SCIAN 2007,468311,46,24,FL01
2012,SCIAN 2007,484129,48,24,UH0039
2012,SCIAN 2007,463111,46,24,FL01
2012,SCIAN 2007,517210,51,23,UH0078
2012,SCIAN 2007,541990,54,23,UH0158
2012,SCIAN 2007,561610,56,23,UH0175
2012,SCIAN 2007,611698,61,23,UH0218
2012,SCIAN 2007,812310,81,23,UH0340
2012,SCIAN 2007,621311,62,23,UH0223
2012,SCIAN 2007,811114,81,23,UH0315
2012,SCIAN 2007,485210,48,22,UH0048
2012,SCIAN 2007,811122,81,22,UH0319
2012,SCIAN 2007,462111,46,22,FL01
2012,SCIAN 2007,621391,62,22,UH0229
2012,SCIAN 2007,532493,53,21,UH0121
2012,SCIAN 2007,541690,54,21,UH0142
2012,SCIAN 2007,811113,81,20,UH0314
2012,SCIAN 2007,541510,54,20,UH0139
2012,SCIAN 2007,531311,53,20,UH0108
2012,SCIAN 2007,462210,46,20,FL01
2012,SCIAN 2007,622311,62,19,UH0244
2012,SCIAN 2007,465216,46,19,FL01
2012,SCIAN 2007,811115,81,19,UH0316
2012,SCIAN 2007,722411,72,19,UH0310
2012,SCIAN 2007,611511,61,19,UH0210
2012,SCIAN 2007,484119,48,19,UH0037
2012,SCIAN 2007,532411,53,18,UH0117
2012,SCIAN 2007,611142,61,18,UH0192
2012,SCIAN 2007,517112,51,18,UH0077
2012,SCIAN 2007,611131,61,17,UH0189
2012,SCIAN 2007,812910,81,17,UH0342
2012,SCIAN 2007,622112,62,17,UH0242
2012,SCIAN 2007,611162,61,16,UH0196
2012,SCIAN 2007,465213,46,15,FL01
2012,SCIAN 2007,469110,46,15,FL01
2012,SCIAN 2007,468412,46,15,FL01
2012,SCIAN 2007,561990,56,14,UH0184
2012,SCIAN 2007,541410,54,14,UH0136
2012,SCIAN 2007,611431,61,14,UH0209
2012,SCIAN 2007,493119,49,14,UH0068
2012,SCIAN 2007,522490,52,14,FL02
2012,SCIAN 2007,466313,46,14,FL01
2012,SCIAN 2007,532420,53,13,UH0119
2012,SCIAN 2007,532220,53,13,UH0113
2012,SCIAN 2007,464122,46,13,FL01
2012,SCIAN 2007,524110,52,13,UH0099
2012,SCIAN 2007,561440,56,13,UH0169
2012,SCIAN 2007,484229,48,12,UH0043
2012,SCIAN 2007,511112,51,12,FL12
2012,SCIAN 2007,611181,61,12,UH0199
2012,SCIAN 2007,484210,48,12,UH0040
2012,SCIAN 2007,531319,53,12,UH0109
2012,SCIAN 2007,621112,62,11,FL05
2012,SCIAN 2007,721311,72,11,UH0305
2012,SCIAN 2007,611699,61,11,UH0219
2012,SCIAN 2007,611691,61,11,UH0217
2012,SCIAN 2007,463218,46,11,FL01
2012,SCIAN 2007,517111,51,11,UH0077
2012,SCIAN 2007,512130,51,11,UH0074
2012,SCIAN 2007,491110,49,11,UH0064
2012,SCIAN 2007,531114,53,11,UH0105
2012,SCIAN 2007,561620,56,11,UH0176
2012,SCIAN 2007,522390,52,10,UH0090
2012,SCIAN 2007,515110,51,10,FL12
2012,SCIAN 2007,541340,54,10,UH0131
2012,SCIAN 2007,541850,54,10,UH0150
2012,SCIAN 2007,465214,46,10,FL01
2012,SCIAN 2007,712112,71,10,UH0282
2012,SCIAN 2007,624198,62,10,UH0257
2012,SCIAN 2007,623991,62,9,UH0250
2012,SCIAN 2007,722320,72,9,UH0309
2012,SCIAN 2007,541190,54,9,UH0125
2012,SCIAN 2007,531119,53,9,FL03
2012,SCIAN 2007,522430,52,9,FL02
2012,SCIAN 2007,812320,81,9,FL08
2012,SCIAN 2007,561720,56,9,UH0178
2012,SCIAN 2007,484231,48,9,UH0044
2012,SCIAN 2007,713998,71,8,UH0298
2012,SCIAN 2007,561710,56,8,UH0177
2012,SCIAN 2007,561330,56,8,UH0163
2012,SCIAN 2007,487110,48,8,UH0054
2012,SCIAN 2007,523121,52,8,UH0096
2012,SCIAN 2007,611421,61,8,UH0207
2012,SCIAN 2007,611182,61,8,UH0200
2012,SCIAN 2007,611612,61,8,UH0213
2012,SCIAN 2007,541380,54,8,UH0135
2012,SCIAN 2007,515120,51,8,FL12
2012,SCIAN 2007,531112,53,8,UH0103
2012,SCIAN 2007,541620,54,8,UH0141
2012,SCIAN 2007,813130,81,7,UH0346
2012,SCIAN 2007,561310,56,7,UH0161
2012,SCIAN 2007,611151,61,6,UH0193
2012,SCIAN 2007,611152,61,6,UH0194
2012,SCIAN 2007,541219,54,6,UH0127
2012,SCIAN 2007,811313,81,6,UH0327
2012,SCIAN 2007,811314,81,6,UH0328
2012,SCIAN 2007,711311,71,6,UH0276
2012,SCIAN 2007,611172,61,6,UH0198
2012,SCIAN 2007,621320,62,6,UH0224
2012,SCIAN 2007,611512,61,6,UH0211
2012,SCIAN 2007,711191,71,6,UH0272
2012,SCIAN 2007,713992,71,5,UH0297
2012,SCIAN 2007,812120,81,5,UH0337
2012,SCIAN 2007,623311,62,5,UH0248
2012,SCIAN 2007,624212,62,5,UH0260
2012,SCIAN 2007,624311,62,5,UH0264
2012,SCIAN 2007,713111,71,5,UH0284
2012,SCIAN 2007,466314,46,5,FL01
2012,SCIAN 2007,621332,62,5,UH0226
2012,SCIAN 2007,561590,56,5,UH0174
2012,SCIAN 2007,562112,56,5,FL11
2012,SCIAN 2007,561920,56,5,UH0183
2012,SCIAN 2007,541711,54,5,UH0143
2012,SCIAN 2007,511132,51,5,FL12
2012,SCIAN 2007,532110,53,5,UH0110
2012,SCIAN 2007,519122,51,5,UH0083
2012,SCIAN 2007,524220,52,5,UH0102
2012,SCIAN 2007,811311,81,4,UH0325
2012,SCIAN 2007,488990,48,4,UH0063
2012,SCIAN 2007,531115,53,4,UH0106
2012,SCIAN 2007,611211,61,4,UH0201
2012,SCIAN 2007,611710,61,4,UH0220
2012,SCIAN 2007,621421,62,4,UH0233
2012,SCIAN 2007,621491,62,4,UH0234
2012,SCIAN 2007,621910,62,4,UH0238
2012,SCIAN 2007,624211,62,4,UH0259
2012,SCIAN 2007,511210,51,4,FL12
2012,SCIAN 2007,522440,52,4,UH0091
2012,SCIAN 2007,711131,71,4,UH0271
2012,SCIAN 2007,711212,71,4,UH0275
2012,SCIAN 2007,711312,71,4,UH0277
2012,SCIAN 2007,711510,71,4,UH0280
2012,SCIAN 2007,713112,71,4,UH0285
2012,SCIAN 2007,467117,46,4,FL01
2012,SCIAN 2007,468413,46,4,FL01
2012,SCIAN 2007,561410,56,3,UH0164
2012,SCIAN 2007,488519,48,3,UH0062
2012,SCIAN 2007,541910,54,3,UH0153
2012,SCIAN 2007,519130,51,3,FL12
2012,SCIAN 2007,518210,51,3,UH0081
2012,SCIAN 2007,511121,51,3,FL12
2012,SCIAN 2007,522220,52,3,UH0087
2012,SCIAN 2007,541943,54,3,UH0157
2012,SCIAN 2007,522451,52,3,UH0092
2012,SCIAN 2007,621991,62,3,UH0239
2012,SCIAN 2007,512113,51,3,UH0073
2012,SCIAN 2007,517410,51,3,UH0079
2012,SCIAN 2007,561790,56,3,UH0181
2012,SCIAN 2007,532492,53,3,UH0120
2012,SCIAN 2007,523110,52,3,UH0095
2012,SCIAN 2007,712111,71,3,UH0281
2012,SCIAN 2007,713999,71,3,UH0299
2012,SCIAN 2007,713113,71,3,UH0286
2012,SCIAN 2007,713942,71,3,UH0292
2012,SCIAN 2007,713944,71,3,UH0294
2012,SCIAN 2007,467116,46,3,FL01
2012,SCIAN 2007,624312,62,3,UH0265
2012,SCIAN 2007,711320,71,3,UH0278
2012,SCIAN 2007,621399,62,2,UH0231
2012,SCIAN 2007,511122,51,2,FL12
2012,SCIAN 2007,511131,51,2,FL12
2012,SCIAN 2007,484239,48,2,UH0046
2012,SCIAN 2007,485112,48,2,UH0047
2012,SCIAN 2007,485410,48,2,UH0051
2012,SCIAN 2007,485510,48,2,UH0052
2012,SCIAN 2007,488210,48,2,UH0056
2012,SCIAN 2007,623221,62,2,UH0247
2012,SCIAN 2007,492210,49,2,UH0066
2012,SCIAN 2007,624221,62,2,UH0261
2012,SCIAN 2007,711111,71,2,UH0268
2012,SCIAN 2007,711211,71,2,UH0274
2012,SCIAN 2007,523910,52,2,UH0098
2012,SCIAN 2007,721210,72,2,UH0304
2012,SCIAN 2007,712132,71,2,UH0283
2012,SCIAN 2007,532121,53,2,UH0111
2012,SCIAN 2007,713299,71,2,UH0289
2012,SCIAN 2007,488410,48,2,UH0057
2012,SCIAN 2007,561740,56,2,UH0180
2012,SCIAN 2007,541350,54,2,UH0132
2012,SCIAN 2007,561910,56,2,UH0182
2012,SCIAN 2007,541370,54,2,UH0134
2012,SCIAN 2007,541490,54,2,UH0138
2012,SCIAN 2007,541721,54,2,UH0145
2012,SCIAN 2007,721190,72,2,UH0303
2012,SCIAN 2007,493111,49,2,UH0067
2012,SCIAN 2007,488493,48,2,UH0060
2012,SCIAN 2007,721312,72,2,UH0306
2012,SCIAN 2007,611212,61,2,UH0202
2012,SCIAN 2007,561320,56,2,UH0162
2012,SCIAN 2007,621512,62,1,UH0236
2012,SCIAN 2007,621610,62,1,UH0237
2012,SCIAN 2007,493120,49,1,UH0069
2012,SCIAN 2007,622212,62,1,UH0243
2012,SCIAN 2007,623112,62,1,UH0246
2012,SCIAN 2007,484232,48,1,UH0045
2012,SCIAN 2007,532299,53,1,UH0114
2012,SCIAN 2007,485990,48,1,UH0053
2012,SCIAN 2007,623312,62,1,UH0249
2012,SCIAN 2007,624111,62,1,UH0252
2012,SCIAN 2007,624112,62,1,UH0253
2012,SCIAN 2007,624121,62,1,UH0254
2012,SCIAN 2007,624122,62,1,UH0255
2012,SCIAN 2007,624199,62,1,UH0258
2012,SCIAN 2007,541320,54,1,UH0129
2012,SCIAN 2007,541360,54,1,UH0133
2012,SCIAN 2007,541830,54,1,UH0148
2012,SCIAN 2007,711121,71,1,UH0270
2012,SCIAN 2007,541942,54,1,UH0156
2012,SCIAN 2007,711192,71,1,UH0273
2012,SCIAN 2007,561210,56,1,UH0160
2012,SCIAN 2007,512111,51,1,UH0071
2012,SCIAN 2007,512210,51,1,UH0075
2012,SCIAN 2007,512290,51,1,UH0076
2012,SCIAN 2007,519110,51,1,FL12
2012,SCIAN 2007,519121,51,1,UH0082
2012,SCIAN 2007,519190,51,1,FL12
2012,SCIAN 2007,561422,56,1,UH0166
2012,SCIAN 2007,561450,56,1,UH0170
2012,SCIAN 2007,562111,56,1,FL11
2012,SCIAN 2007,611141,61,1,UH0191
2012,SCIAN 2007,713910,71,1,UH0290
2012,SCIAN 2007,488491,48,1,UH0058
2012,SCIAN 2007,713950,71,1,UH0295
2012,SCIAN 2007,511111,51,1,FL12
2012,SCIAN 2007,484121,48,1,UH0038
2012,SCIAN 2007,722310,72,1,UH0308
2012,SCIAN 2007,711410,71,1,UH0279
2012,SCIAN 2007,522210,52,1,UH0086
2012,SCIAN 2007,522310,52,1,UH0088
2012,SCIAN 2007,522420,52,1,FL02
2012,SCIAN 2007,621212,62,1,UH0222
2012,SCIAN 2007,522510,52,1,UH0094
2013,SCIAN 2007,461110,46,4214,FL01
2013,SCIAN 2007,722212,72,1971,FL07
2013,SCIAN 2007,722219,72,1729,FL06
2013,SCIAN 2007,812110,81,1587,UH0336
2013,SCIAN 2007,463211,46,1514,FL01
2013,SCIAN 2007,461130,46,1179,FL01
2013,SCIAN 2007,621211,62,914,UH0221
2013,SCIAN 2007,465311,46,861,FL01
2013,SCIAN 2007,811111,81,662,UH0312
2013,SCIAN 2007,561432,56,584,UH0168
2013,SCIAN 2007,621113,62,502,FL04
2013,SCIAN 2007,541110,54,499,UH0123
2013,SCIAN 2007,461160,46,462,FL01
2013,SCIAN 2007,465912,46,458,FL01
2013,SCIAN 2007,621111,62,447,FL04
2013,SCIAN 2007,467111,46,424,FL01
2013,SCIAN 2007,461121,46,415,FL01
2013,SCIAN 2007,464111,46,402,FL01
2013,SCIAN 2007,463310,46,402,FL01
2013,SCIAN 2007,468211,46,348,FL01
2013,SCIAN 2007,811121,81,337,FL09
2013,SCIAN 2007,813210,81,324,UH0348
2013,SCIAN 2007,467115,46,315,FL01
2013,SCIAN 2007,531113,53,283,UH0104
2013,SCIAN 2007,541211,54,276,UH0126
2013,SCIAN 2007,466410,46,275,FL01
2013,SCIAN 2007,466212,46,269,FL01
2013,SCIAN 2007,812210,81,249,UH0339
2013,SCIAN 2007,713120,71,246,UH0287
2013,SCIAN 2007,463215,46,237,FL01
2013,SCIAN 2007,722110,72,233,FL06
2013,SCIAN 2007,466312,46,230,FL01
2013,SCIAN 2007,461122,46,229,FL01
2013,SCIAN 2007,811499,81,220,UH0335
2013,SCIAN 2007,611122,61,217,UH0188
2013,SCIAN 2007,461212,46,212,FL01
2013,SCIAN 2007,461190,46,202,FL01
2013,SCIAN 2007,466111,46,190,FL01
2013,SCIAN 2007,464113,46,180,FL01
2013,SCIAN 2007,811191,81,175,UH0320
2013,SCIAN 2007,811192,81,174,UH0321
2013,SCIAN 2007,811112,81,174,UH0313
2013,SCIAN 2007,465112,46,171,FL01
2013,SCIAN 2007,811219,81,169,UH0324
2013,SCIAN 2007,466211,46,169,FL01
2013,SCIAN 2007,624191,62,166,UH0256
2013,SCIAN 2007,811211,81,164,UH0323
2013,SCIAN 2007,461170,46,162,FL01
2013,SCIAN 2007,522110,52,162,UH0085
2013,SCIAN 2007,467113,46,161,FL01
2013,SCIAN 2007,611112,61,155,UH0186
2013,SCIAN 2007,621511,62,153,UH0235
2013,SCIAN 2007,722211,72,148,UH0307
2013,SCIAN 2007,463113,46,147,FL01
2013,SCIAN 2007,465111,46,145,FL01
2013,SCIAN 2007,461140,46,144,FL01
2013,SCIAN 2007,811119,81,140,UH0318
2013,SCIAN 2007,461150,46,139,FL01
2013,SCIAN 2007,467114,46,136,FL01
2013,SCIAN 2007,811430,81,133,UH0331
2013,SCIAN 2007,624411,62,133,UH0266
2013,SCIAN 2007,812410,81,133,UH0341
2013,SCIAN 2007,465914,46,132,FL01
2013,SCIAN 2007,561510,56,131,UH0172
2013,SCIAN 2007,466114,46,130,FL01
2013,SCIAN 2007,468420,46,129,FL01
2013,SCIAN 2007,722412,72,128,UH0311
2013,SCIAN 2007,464121,46,127,FL01
2013,SCIAN 2007,561431,56,121,UH0167
2013,SCIAN 2007,462112,46,106,FL01
2013,SCIAN 2007,611621,61,102,UH0214
2013,SCIAN 2007,811491,81,100,UH0332
2013,SCIAN 2007,541920,54,98,UH0154
2013,SCIAN 2007,463212,46,93,FL01
2013,SCIAN 2007,531210,53,92,UH0107
2013,SCIAN 2007,465212,46,92,FL01
2013,SCIAN 2007,485111,48,92,FL10
2013,SCIAN 2007,811199,81,91,UH0322
2013,SCIAN 2007,811420,81,91,UH0330
2013,SCIAN 2007,464112,46,90,FL01
2013,SCIAN 2007,461123,46,90,FL01
2013,SCIAN 2007,465215,46,90,FL01
2013,SCIAN 2007,465211,46,89,FL01
2013,SCIAN 2007,465919,46,86,FL01
2013,SCIAN 2007,465313,46,86,FL01
2013,SCIAN 2007,611111,61,85,UH0185
2013,SCIAN 2007,811410,81,84,UH0329
2013,SCIAN 2007,467112,46,84,FL01
2013,SCIAN 2007,465911,46,83,FL01
2013,SCIAN 2007,713943,71,80,UH0293
2013,SCIAN 2007,463213,46,79,FL01
2013,SCIAN 2007,621331,62,79,UH0225
2013,SCIAN 2007,466319,46,78,FL01
2013,SCIAN 2007,813230,81,77,UH0349
2013,SCIAN 2007,541310,54,77,UH0128
2013,SCIAN 2007,541941,54,75,UH0155
2013,SCIAN 2007,811312,81,69,UH0326
2013,SCIAN 2007,466112,46,69,FL01
2013,SCIAN 2007,561421,56,66,UH0165
2013,SCIAN 2007,721112,72,65,UH0301
2013,SCIAN 2007,611611,61,63,UH0212
2013,SCIAN 2007,468213,46,62,FL01
2013,SCIAN 2007,541890,54,62,UH0152
2013,SCIAN 2007,468112,46,60,FL01
2013,SCIAN 2007,532230,53,60,UH0114
2013,SCIAN 2007,811492,81,59,UH0333
2013,SCIAN 2007,621398,62,57,UH0230
2013,SCIAN 2007,522452,52,56,UH0093
2013,SCIAN 2007,468411,46,56,FL01
2013,SCIAN 2007,461213,46,55,FL01
2013,SCIAN 2007,541810,54,53,UH0147
2013,SCIAN 2007,532291,53,53,UH0115
2013,SCIAN 2007,721111,72,52,UH0300
2013,SCIAN 2007,492110,49,51,UH0065
2013,SCIAN 2007,468212,46,49,FL01
2013,SCIAN 2007,485210,48,48,UH0048
2013,SCIAN 2007,611121,61,48,UH0187
2013,SCIAN 2007,461211,46,47,FL01
2013,SCIAN 2007,812990,81,47,UH0343
2013,SCIAN 2007,463112,46,46,FL01
2013,SCIAN 2007,811493,81,45,UH0334
2013,SCIAN 2007,624412,62,45,UH0267
2013,SCIAN 2007,713991,71,45,UH0296
2013,SCIAN 2007,465312,46,44,FL01
2013,SCIAN 2007,813120,81,44,UH0345
2013,SCIAN 2007,541610,54,44,UH0140
2013,SCIAN 2007,813110,81,44,UH0344
2013,SCIAN 2007,463214,46,44,FL01
2013,SCIAN 2007,517910,51,44,UH0080
2013,SCIAN 2007,541430,54,43,UH0137
2013,SCIAN 2007,524210,52,42,UH0101
2013,SCIAN 2007,466311,46,42,FL01
2013,SCIAN 2007,561110,56,41,UH0159
2013,SCIAN 2007,463216,46,40,FL01
2013,SCIAN 2007,611312,61,40,UH0204
2013,SCIAN 2007,541990,54,38,UH0158
2013,SCIAN 2007,811116,81,38,UH0317
2013,SCIAN 2007,522320,52,38,UH0089
2013,SCIAN 2007,463217,46,38,FL01
2013,SCIAN 2007,541120,54,37,UH0124
2013,SCIAN 2007,465913,46,37,FL01
2013,SCIAN 2007,484222,48,36,UH0042
2013,SCIAN 2007,541330,54,36,UH0130
2013,SCIAN 2007,468111,46,36,FL01
2013,SCIAN 2007,713941,71,35,UH0291
2013,SCIAN 2007,611411,61,35,UH0205
2013,SCIAN 2007,721113,72,33,UH0302
2013,SCIAN 2007,611631,61,33,UH0216
2013,SCIAN 2007,462111,46,33,FL01
2013,SCIAN 2007,611132,61,33,UH0190
2013,SCIAN 2007,611161,61,33,UH0195
2013,SCIAN 2007,611171,61,32,UH0197
2013,SCIAN 2007,622111,62,32,UH0241
2013,SCIAN 2007,561520,56,32,UH0173
2013,SCIAN 2007,811129,81,31,FL09
2013,SCIAN 2007,532310,53,31,UH0116
2013,SCIAN 2007,523122,52,31,UH0097
2013,SCIAN 2007,611311,61,30,UH0203
2013,SCIAN 2007,484129,48,29,UH0039
2013,SCIAN 2007,621341,62,28,UH0227
2013,SCIAN 2007,468419,46,27,FL01
2013,SCIAN 2007,623992,62,27,UH0251
2013,SCIAN 2007,713291,71,27,UH0288
2013,SCIAN 2007,541510,54,26,UH0139
2013,SCIAN 2007,812130,81,26,UH0338
2013,SCIAN 2007,517210,51,26,UH0078
2013,SCIAN 2007,812310,81,25,UH0340
2013,SCIAN 2007,541690,54,25,UH0142
2013,SCIAN 2007,484221,48,25,UH0041
2013,SCIAN 2007,485112,48,24,UH0047
2013,SCIAN 2007,468311,46,24,FL01
2013,SCIAN 2007,485311,48,24,UH0049
2013,SCIAN 2007,611698,61,24,UH0218
2013,SCIAN 2007,621311,62,23,UH0223
2013,SCIAN 2007,561610,56,23,UH0175
2013,SCIAN 2007,811114,81,23,UH0315
2013,SCIAN 2007,463111,46,22,FL01
2013,SCIAN 2007,811122,81,22,UH0319
2013,SCIAN 2007,621391,62,22,UH0229
2013,SCIAN 2007,469110,46,21,FL01
2013,SCIAN 2007,532493,53,21,UH0121
2013,SCIAN 2007,531311,53,20,UH0108
2013,SCIAN 2007,622311,62,20,UH0244
2013,SCIAN 2007,484119,48,20,UH0037
2013,SCIAN 2007,811113,81,20,UH0314
2013,SCIAN 2007,611511,61,19,UH0210
2013,SCIAN 2007,517112,51,19,UH0077
2013,SCIAN 2007,465216,46,19,FL01
2013,SCIAN 2007,462210,46,19,FL01
2013,SCIAN 2007,722411,72,19,UH0310
2013,SCIAN 2007,532411,53,19,UH0117
2013,SCIAN 2007,811115,81,19,UH0316
2013,SCIAN 2007,465213,46,18,FL01
2013,SCIAN 2007,611142,61,18,UH0192
2013,SCIAN 2007,622112,62,17,UH0242
2013,SCIAN 2007,611162,61,16,UH0196
2013,SCIAN 2007,812910,81,16,UH0342
2013,SCIAN 2007,561990,56,16,UH0184
2013,SCIAN 2007,611131,61,16,UH0189
2013,SCIAN 2007,524110,52,15,UH0099
2013,SCIAN 2007,468412,46,15,FL01
2013,SCIAN 2007,466313,46,15,FL01
2013,SCIAN 2007,487110,48,15,UH0054
2013,SCIAN 2007,541410,54,14,UH0136
2013,SCIAN 2007,522490,52,14,FL02
2013,SCIAN 2007,531319,53,14,UH0109
2013,SCIAN 2007,611431,61,14,UH0209
2013,SCIAN 2007,493119,49,14,UH0068
2013,SCIAN 2007,561620,56,14,UH0176
2013,SCIAN 2007,464122,46,13,FL01
2013,SCIAN 2007,484210,48,13,UH0040
2013,SCIAN 2007,532420,53,13,UH0119
2013,SCIAN 2007,532220,53,13,UH0113
2013,SCIAN 2007,484229,48,12,UH0043
2013,SCIAN 2007,611181,61,12,UH0199
2013,SCIAN 2007,511112,51,12,FL12
2013,SCIAN 2007,561440,56,12,UH0169
2013,SCIAN 2007,465214,46,12,FL01
2013,SCIAN 2007,721311,72,11,UH0305
2013,SCIAN 2007,611699,61,11,UH0219
2013,SCIAN 2007,517111,51,11,UH0077
2013,SCIAN 2007,621112,62,11,FL05
2013,SCIAN 2007,463218,46,11,FL01
2013,SCIAN 2007,611691,61,11,UH0217
2013,SCIAN 2007,531114,53,11,UH0105
2013,SCIAN 2007,522390,52,11,UH0090
2013,SCIAN 2007,512130,51,11,UH0074
2013,SCIAN 2007,541850,54,11,UH0150
2013,SCIAN 2007,491110,49,11,UH0064
2013,SCIAN 2007,722320,72,10,UH0309
2013,SCIAN 2007,531112,53,10,UH0103
2013,SCIAN 2007,515110,51,10,FL12
2013,SCIAN 2007,712112,71,10,UH0282
2013,SCIAN 2007,624198,62,10,UH0257
2013,SCIAN 2007,541340,54,10,UH0131
2013,SCIAN 2007,541190,54,9,UH0125
2013,SCIAN 2007,623991,62,9,UH0250
2013,SCIAN 2007,561720,56,9,UH0178
2013,SCIAN 2007,531119,53,9,FL03
2013,SCIAN 2007,522430,52,9,FL02
2013,SCIAN 2007,812320,81,9,FL08
2013,SCIAN 2007,484231,48,9,UH0044
2013,SCIAN 2007,611612,61,8,UH0213
2013,SCIAN 2007,611182,61,8,UH0200
2013,SCIAN 2007,541620,54,8,UH0141
2013,SCIAN 2007,523121,52,8,UH0096
2013,SCIAN 2007,541380,54,8,UH0135
2013,SCIAN 2007,611421,61,8,UH0207
2013,SCIAN 2007,515120,51,8,FL12
2013,SCIAN 2007,713998,71,8,UH0298
2013,SCIAN 2007,561330,56,8,UH0163
2013,SCIAN 2007,561710,56,8,UH0177
2013,SCIAN 2007,561310,56,7,UH0161
2013,SCIAN 2007,811314,81,7,UH0328
2013,SCIAN 2007,813130,81,7,UH0346
2013,SCIAN 2007,711311,71,6,UH0276
2013,SCIAN 2007,532110,53,6,UH0110
2013,SCIAN 2007,621320,62,6,UH0224
2013,SCIAN 2007,811313,81,6,UH0327
2013,SCIAN 2007,561590,56,6,UH0174
2013,SCIAN 2007,611512,61,6,UH0211
2013,SCIAN 2007,611152,61,6,UH0194
2013,SCIAN 2007,611172,61,6,UH0198
2013,SCIAN 2007,611151,61,6,UH0193
2013,SCIAN 2007,711191,71,6,UH0272
2013,SCIAN 2007,562112,56,6,FL11
2013,SCIAN 2007,541219,54,6,UH0127
2013,SCIAN 2007,624212,62,5,UH0260
2013,SCIAN 2007,524220,52,5,UH0102
2013,SCIAN 2007,713111,71,5,UH0284
2013,SCIAN 2007,624311,62,5,UH0264
2013,SCIAN 2007,711131,71,5,UH0271
2013,SCIAN 2007,561920,56,5,UH0183
2013,SCIAN 2007,519122,51,5,UH0083
2013,SCIAN 2007,623311,62,5,UH0248
2013,SCIAN 2007,511132,51,5,FL12
2013,SCIAN 2007,621332,62,5,UH0226
2013,SCIAN 2007,713992,71,5,UH0297
2013,SCIAN 2007,812120,81,5,UH0337
2013,SCIAN 2007,541711,54,5,UH0143
2013,SCIAN 2007,466314,46,5,FL01
2013,SCIAN 2007,488990,48,5,UH0063
2013,SCIAN 2007,711510,71,4,UH0280
2013,SCIAN 2007,713112,71,4,UH0285
2013,SCIAN 2007,511210,51,4,FL12
2013,SCIAN 2007,611710,61,4,UH0220
2013,SCIAN 2007,467117,46,4,FL01
2013,SCIAN 2007,468413,46,4,FL01
2013,SCIAN 2007,621421,62,4,UH0233
2013,SCIAN 2007,811311,81,4,UH0325
2013,SCIAN 2007,522440,52,4,UH0091
2013,SCIAN 2007,621910,62,4,UH0238
2013,SCIAN 2007,621491,62,4,UH0234
2013,SCIAN 2007,611211,61,4,UH0201
2013,SCIAN 2007,711312,71,4,UH0277
2013,SCIAN 2007,624211,62,4,UH0259
2013,SCIAN 2007,532492,53,4,UH0120
2013,SCIAN 2007,541910,54,4,UH0153
2013,SCIAN 2007,531115,53,4,UH0106
2013,SCIAN 2007,711212,71,4,UH0275
2013,SCIAN 2007,485510,48,3,UH0052
2013,SCIAN 2007,561410,56,3,UH0164
2013,SCIAN 2007,721190,72,3,UH0303
2013,SCIAN 2007,713999,71,3,UH0299
2013,SCIAN 2007,484239,48,3,UH0046
2013,SCIAN 2007,561790,56,3,UH0181
2013,SCIAN 2007,624312,62,3,UH0265
2013,SCIAN 2007,519130,51,3,FL12
2013,SCIAN 2007,522220,52,3,UH0087
2013,SCIAN 2007,522451,52,3,UH0092
2013,SCIAN 2007,518210,51,3,UH0081
2013,SCIAN 2007,512113,51,3,UH0073
2013,SCIAN 2007,621991,62,3,UH0239
2013,SCIAN 2007,493111,49,3,UH0067
2013,SCIAN 2007,511121,51,3,FL12
2013,SCIAN 2007,517410,51,3,UH0079
2013,SCIAN 2007,488519,48,3,UH0062
2013,SCIAN 2007,523110,52,3,UH0095
2013,SCIAN 2007,711320,71,3,UH0278
2013,SCIAN 2007,713944,71,3,UH0294
2013,SCIAN 2007,541943,54,3,UH0157
2013,SCIAN 2007,712111,71,3,UH0281
2013,SCIAN 2007,713113,71,3,UH0286
2013,SCIAN 2007,713942,71,3,UH0292
2013,SCIAN 2007,561320,56,2,UH0162
2013,SCIAN 2007,541350,54,2,UH0132
2013,SCIAN 2007,541721,54,2,UH0145
2013,SCIAN 2007,561450,56,2,UH0170
2013,SCIAN 2007,561210,56,2,UH0160
2013,SCIAN 2007,511131,51,2,FL12
2013,SCIAN 2007,561910,56,2,UH0182
2013,SCIAN 2007,523910,52,2,UH0098
2013,SCIAN 2007,561740,56,2,UH0180
2013,SCIAN 2007,532121,53,2,UH0111
2013,SCIAN 2007,541490,54,2,UH0138
2013,SCIAN 2007,541370,54,2,UH0134
2013,SCIAN 2007,488410,48,2,UH0057
2013,SCIAN 2007,488491,48,2,UH0058
2013,SCIAN 2007,488493,48,2,UH0060
2013,SCIAN 2007,492210,49,2,UH0066
2013,SCIAN 2007,488210,48,2,UH0056
2013,SCIAN 2007,611212,61,2,UH0202
2013,SCIAN 2007,511122,51,2,FL12
2013,SCIAN 2007,493190,49,2,UH0070
2013,SCIAN 2007,711211,71,2,UH0274
2013,SCIAN 2007,711111,71,2,UH0268
2013,SCIAN 2007,624221,62,2,UH0261
2013,SCIAN 2007,623221,62,2,UH0247
2013,SCIAN 2007,621399,62,2,UH0231
2013,SCIAN 2007,467116,46,2,FL01
2013,SCIAN 2007,485410,48,2,UH0051
2013,SCIAN 2007,721312,72,2,UH0306
2013,SCIAN 2007,721210,72,2,UH0304
2013,SCIAN 2007,713950,71,2,UH0295
2013,SCIAN 2007,713299,71,2,UH0289
2013,SCIAN 2007,712132,71,2,UH0283
2013,SCIAN 2007,541830,54,1,UH0148
2013,SCIAN 2007,561422,56,1,UH0166
2013,SCIAN 2007,541942,54,1,UH0156
2013,SCIAN 2007,541320,54,1,UH0129
2013,SCIAN 2007,484232,48,1,UH0045
2013,SCIAN 2007,511111,51,1,FL12
2013,SCIAN 2007,493120,49,1,UH0069
2013,SCIAN 2007,512210,51,1,UH0075
2013,SCIAN 2007,512111,51,1,UH0071
2013,SCIAN 2007,522420,52,1,FL02
2013,SCIAN 2007,512290,51,1,UH0076
2013,SCIAN 2007,541360,54,1,UH0133
2013,SCIAN 2007,532299,53,1,UH0114
2013,SCIAN 2007,562111,56,1,FL11
2013,SCIAN 2007,611141,61,1,UH0191
2013,SCIAN 2007,519110,51,1,FL12
2013,SCIAN 2007,519121,51,1,UH0082
2013,SCIAN 2007,519190,51,1,FL12
2013,SCIAN 2007,522210,52,1,UH0086
2013,SCIAN 2007,522310,52,1,UH0088
2013,SCIAN 2007,522510,52,1,UH0094
2013,SCIAN 2007,622212,62,1,UH0243
2013,SCIAN 2007,621512,62,1,UH0236
2013,SCIAN 2007,611622,61,1,UH0215
2013,SCIAN 2007,621212,62,1,UH0222
2013,SCIAN 2007,484121,48,1,UH0038
2013,SCIAN 2007,481111,48,1,UH0034
2013,SCIAN 2007,485990,48,1,UH0053
2013,SCIAN 2007,711121,71,1,UH0270
2013,SCIAN 2007,711192,71,1,UH0273
2013,SCIAN 2007,624122,62,1,UH0255
2013,SCIAN 2007,624121,62,1,UH0254
2013,SCIAN 2007,624111,62,1,UH0252
2013,SCIAN 2007,623312,62,1,UH0249
2013,SCIAN 2007,623112,62,1,UH0246
2013,SCIAN 2007,624112,62,1,UH0253
2013,SCIAN 2007,624199,62,1,UH0258
2013,SCIAN 2007,621610,62,1,UH0237
2013,SCIAN 2007,711410,71,1,UH0279
2013,SCIAN 2007,713910,71,1,UH0290
2013,SCIAN 2007,722310,72,1,UH0308
2015,SCIAN 2013,461110,46,3870,FL01
2015,SCIAN 2013,812110,81,1767,UH0336
2015,SCIAN 2013,463211,46,1412,FL01
2015,SCIAN 2013,722514,72,1287,FL06
2015,SCIAN 2013,621211,62,1055,UH0221
2015,SCIAN 2013,722513,72,968,FL06
2015,SCIAN 2013,461130,46,894,FL01
2015,SCIAN 2013,465311,46,894,FL01
2015,SCIAN 2013,811111,81,754,UH0312
2015,SCIAN 2013,722517,72,616,FL07
2015,SCIAN 2013,722515,72,594,FL06
2015,SCIAN 2013,621113,62,579,FL04
2015,SCIAN 2013,561432,56,560,UH0168
2015,SCIAN 2013,722518,72,504,FL07
2015,SCIAN 2013,467115,46,498,FL01
2015,SCIAN 2013,722511,72,485,FL06
2015,SCIAN 2013,464111,46,469,FL01
2015,SCIAN 2013,467111,46,465,FL01
2015,SCIAN 2013,461121,46,450,FL01
2015,SCIAN 2013,722519,72,446,FL06
2015,SCIAN 2013,541110,54,421,UH0123
2015,SCIAN 2013,461160,46,410,FL01
2015,SCIAN 2013,811499,81,406,UH0335
2015,SCIAN 2013,621111,62,402,FL04
2015,SCIAN 2013,466410,46,382,FL01
2015,SCIAN 2013,813210,81,378,UH0348
2015,SCIAN 2013,463310,46,366,FL01
2015,SCIAN 2013,468211,46,359,FL01
2015,SCIAN 2013,811121,81,355,FL09
2015,SCIAN 2013,461122,46,340,FL01
2015,SCIAN 2013,531113,53,317,UH0104
2015,SCIAN 2013,462112,46,304,FL01
2015,SCIAN 2013,812210,81,303,UH0339
2015,SCIAN 2013,466212,46,282,FL01
2015,SCIAN 2013,465912,46,270,FL01
2015,SCIAN 2013,461190,46,261,FL01
2015,SCIAN 2013,541211,54,248,UH0126
2015,SCIAN 2013,611122,61,234,UH0188
2015,SCIAN 2013,522110,52,231,UH0085
2015,SCIAN 2013,463215,46,229,FL01
2015,SCIAN 2013,722412,72,229,UH0311
2015,SCIAN 2013,811191,81,215,UH0320
2015,SCIAN 2013,466312,46,212,FL01
2015,SCIAN 2013,461212,46,209,FL01
2015,SCIAN 2013,811192,81,200,UH0321
2015,SCIAN 2013,464113,46,195,FL01
2015,SCIAN 2013,713943,71,193,UH0293
2015,SCIAN 2013,561510,56,189,UH0172
2015,SCIAN 2013,466111,46,181,FL01
2015,SCIAN 2013,624191,62,172,UH0256
2015,SCIAN 2013,811112,81,171,UH0313
2015,SCIAN 2013,611112,61,170,UH0186
2015,SCIAN 2013,812410,81,170,UH0341
2015,SCIAN 2013,621511,62,165,UH0235
2015,SCIAN 2013,722512,72,165,FL06
2015,SCIAN 2013,465111,46,165,FL01
2015,SCIAN 2013,467114,46,158,FL01
2015,SCIAN 2013,713120,71,158,UH0287
2015,SCIAN 2013,467113,46,153,FL01
2015,SCIAN 2013,461150,46,153,FL01
2015,SCIAN 2013,463113,46,152,FL01
2015,SCIAN 2013,461170,46,150,FL01
2015,SCIAN 2013,465915,46,149,FL01
2015,SCIAN 2013,465112,46,147,FL01
2015,SCIAN 2013,811119,81,146,UH0318
2015,SCIAN 2013,461140,46,140,FL01
2015,SCIAN 2013,811211,81,137,UH0323
2015,SCIAN 2013,524210,52,134,UH0101
2015,SCIAN 2013,624411,62,134,UH0266
2015,SCIAN 2013,464121,46,134,FL01
2015,SCIAN 2013,811219,81,134,UH0324
2015,SCIAN 2013,811430,81,133,UH0331
2015,SCIAN 2013,611621,61,129,UH0214
2015,SCIAN 2013,466211,46,126,FL01
2015,SCIAN 2013,811491,81,121,UH0332
2015,SCIAN 2013,465215,46,119,FL01
2015,SCIAN 2013,811410,81,116,UH0329
2015,SCIAN 2013,561431,56,110,UH0167
2015,SCIAN 2013,811420,81,109,UH0330
2015,SCIAN 2013,465212,46,107,FL01
2015,SCIAN 2013,465914,46,107,FL01
2015,SCIAN 2013,621331,62,100,UH0225
2015,SCIAN 2013,541941,54,100,UH0155
2015,SCIAN 2013,468420,46,98,FL01
2015,SCIAN 2013,813230,81,97,UH0349
2015,SCIAN 2013,463213,46,96,FL01
2015,SCIAN 2013,811312,81,93,UH0326
2015,SCIAN 2013,541920,54,91,UH0154
2015,SCIAN 2013,464112,46,88,FL01
2015,SCIAN 2013,465313,46,85,FL01
2015,SCIAN 2013,465919,46,84,FL01
2015,SCIAN 2013,463212,46,83,FL01
2015,SCIAN 2013,611111,61,81,UH0185
2015,SCIAN 2013,465211,46,80,FL01
2015,SCIAN 2013,465911,46,80,FL01
2015,SCIAN 2013,466112,46,79,FL01
2015,SCIAN 2013,811492,81,79,UH0333
2015,SCIAN 2013,621398,62,77,UH0230
2015,SCIAN 2013,811199,81,75,UH0322
2015,SCIAN 2013,532291,53,75,UH0115
2015,SCIAN 2013,466319,46,74,FL01
2015,SCIAN 2013,461123,46,72,FL01
2015,SCIAN 2013,463216,46,71,FL01
2015,SCIAN 2013,467112,46,71,FL01
2015,SCIAN 2013,468213,46,69,FL01
2015,SCIAN 2013,531210,53,69,UH0107
2015,SCIAN 2013,468411,46,66,FL01
2015,SCIAN 2013,463214,46,65,FL01
2015,SCIAN 2013,721112,72,65,UH0301
2015,SCIAN 2013,522452,52,64,UH0093
2015,SCIAN 2013,611171,61,64,UH0197
2015,SCIAN 2013,813120,81,62,UH0345
2015,SCIAN 2013,468212,46,61,FL01
2015,SCIAN 2013,721111,72,61,UH0300
2015,SCIAN 2013,466114,46,60,FL01
2015,SCIAN 2013,811493,81,56,UH0334
2015,SCIAN 2013,811116,81,55,UH0317
2015,SCIAN 2013,611611,61,54,UH0212
2015,SCIAN 2013,722516,72,53,UH0307
2015,SCIAN 2013,461213,46,52,FL01
2015,SCIAN 2013,468112,46,51,FL01
2015,SCIAN 2013,812990,81,49,UH0343
2015,SCIAN 2013,541310,54,48,UH0128
2015,SCIAN 2013,611311,61,47,UH0203
2015,SCIAN 2013,461211,46,46,FL01
2015,SCIAN 2013,462111,46,46,FL01
2015,SCIAN 2013,811114,81,44,UH0315
2015,SCIAN 2013,811129,81,43,FL09
2015,SCIAN 2013,541810,54,43,UH0147
2015,SCIAN 2013,624412,62,43,UH0267
2015,SCIAN 2013,522320,52,41,UH0089
2015,SCIAN 2013,611631,61,40,UH0216
2015,SCIAN 2013,812130,81,40,UH0338
2015,SCIAN 2013,611161,61,40,UH0195
2015,SCIAN 2013,541430,54,40,UH0137
2015,SCIAN 2013,541120,54,40,UH0124
2015,SCIAN 2013,532230,53,40,UH0114
2015,SCIAN 2013,485111,48,40,FL10
2015,SCIAN 2013,465312,46,40,FL01
2015,SCIAN 2013,492110,49,38,UH0065
2015,SCIAN 2013,611121,61,38,UH0187
2015,SCIAN 2013,541890,54,38,UH0152
2015,SCIAN 2013,713991,71,38,UH0296
2015,SCIAN 2013,721113,72,38,UH0302
2015,SCIAN 2013,468111,46,37,FL01
2015,SCIAN 2013,522460,52,37,FL02
2015,SCIAN 2013,517910,51,36,UH0080
2015,SCIAN 2013,621391,62,36,UH0229
2015,SCIAN 2013,463217,46,35,FL01
2015,SCIAN 2013,485210,48,34,UH0048
2015,SCIAN 2013,561421,56,34,UH0165
2015,SCIAN 2013,621341,62,34,UH0227
2015,SCIAN 2013,611511,61,34,UH0210
2015,SCIAN 2013,611312,61,34,UH0204
2015,SCIAN 2013,468311,46,34,FL01
2015,SCIAN 2013,622111,62,33,UH0241
2015,SCIAN 2013,532411,53,33,UH0117
2015,SCIAN 2013,561110,56,32,UH0159
2015,SCIAN 2013,611698,61,32,UH0218
2015,SCIAN 2013,465913,46,32,FL01
2015,SCIAN 2013,462210,46,31,FL01
2015,SCIAN 2013,463112,46,31,FL01
2015,SCIAN 2013,466311,46,31,FL01
2015,SCIAN 2013,611132,61,31,UH0190
2015,SCIAN 2013,561610,56,31,UH0175
2015,SCIAN 2013,484129,48,30,UH0039
2015,SCIAN 2013,813110,81,29,UH0344
2015,SCIAN 2013,463111,46,29,FL01
2015,SCIAN 2013,811115,81,28,UH0316
2015,SCIAN 2013,468419,46,28,FL01
2015,SCIAN 2013,517110,51,27,UH0077
2015,SCIAN 2013,713291,71,27,UH0288
2015,SCIAN 2013,523122,52,25,UH0097
2015,SCIAN 2013,811122,81,25,UH0319
2015,SCIAN 2013,812310,81,24,UH0340
2015,SCIAN 2013,611691,61,24,UH0217
2015,SCIAN 2013,541610,54,23,UH0140
2015,SCIAN 2013,611172,61,23,UH0198
2015,SCIAN 2013,611512,61,23,UH0211
2015,SCIAN 2013,541330,54,22,UH0130
2015,SCIAN 2013,532493,53,21,UH0121
2015,SCIAN 2013,469110,46,21,FL01
2015,SCIAN 2013,611142,61,20,UH0192
2015,SCIAN 2013,721311,72,20,UH0305
2015,SCIAN 2013,463218,46,19,FL01
2015,SCIAN 2013,611162,61,19,UH0196
2015,SCIAN 2013,531311,53,18,UH0108
2015,SCIAN 2013,541190,54,18,UH0125
2015,SCIAN 2013,622112,62,18,UH0242
2015,SCIAN 2013,465213,46,17,FL01
2015,SCIAN 2013,811113,81,17,UH0314
2015,SCIAN 2013,611710,61,17,UH0220
2015,SCIAN 2013,531319,53,17,UH0109
2015,SCIAN 2013,532220,53,16,UH0113
2015,SCIAN 2013,623991,62,16,UH0250
2015,SCIAN 2013,722320,72,16,UH0309
2015,SCIAN 2013,464122,46,15,FL01
2015,SCIAN 2013,611131,61,14,UH0189
2015,SCIAN 2013,541510,54,14,UH0139
2015,SCIAN 2013,524110,52,14,UH0099
2015,SCIAN 2013,532299,53,14,UH0114
2015,SCIAN 2013,465216,46,14,FL01
2015,SCIAN 2013,561440,56,14,UH0169
2015,SCIAN 2013,512130,51,13,UH0074
2015,SCIAN 2013,468412,46,13,FL01
2015,SCIAN 2013,511112,51,13,FL12
2015,SCIAN 2013,622311,62,13,UH0244
2015,SCIAN 2013,541340,54,13,UH0131
2015,SCIAN 2013,561310,56,13,UH0161
2015,SCIAN 2013,561330,56,12,UH0163
2015,SCIAN 2013,611182,61,12,UH0200
2015,SCIAN 2013,713941,71,12,UH0291
2015,SCIAN 2013,722411,72,12,UH0310
2015,SCIAN 2013,515110,51,12,FL12
2015,SCIAN 2013,522390,52,12,UH0090
2015,SCIAN 2013,621112,62,11,FL05
2015,SCIAN 2013,531114,53,11,UH0105
2015,SCIAN 2013,561620,56,11,UH0176
2015,SCIAN 2013,812910,81,11,UH0342
2015,SCIAN 2013,711311,71,10,UH0276
2015,SCIAN 2013,487110,48,10,UH0054
2015,SCIAN 2013,713944,71,10,UH0294
2015,SCIAN 2013,531112,53,10,UH0103
2015,SCIAN 2013,712112,71,10,UH0282
2015,SCIAN 2013,541410,54,10,UH0136
2015,SCIAN 2013,519122,51,9,UH0083
2015,SCIAN 2013,621115,62,9,FL04
2015,SCIAN 2013,532492,53,9,UH0120
2015,SCIAN 2013,813130,81,9,UH0346
2015,SCIAN 2013,561920,56,9,UH0183
2015,SCIAN 2013,484210,48,9,UH0040
2015,SCIAN 2013,467116,46,9,FL01
2015,SCIAN 2013,711312,71,9,UH0277
2015,SCIAN 2013,541690,54,8,UH0142
2015,SCIAN 2013,541850,54,8,UH0150
2015,SCIAN 2013,541620,54,8,UH0141
2015,SCIAN 2013,713992,71,8,UH0297
2015,SCIAN 2013,485510,48,8,UH0052
2015,SCIAN 2013,623311,62,8,UH0248
2015,SCIAN 2013,811311,81,8,UH0325
2015,SCIAN 2013,611699,61,8,UH0219
2015,SCIAN 2013,541380,54,8,UH0135
2015,SCIAN 2013,621311,62,8,UH0223
2015,SCIAN 2013,524220,52,8,UH0102
2015,SCIAN 2013,621116,62,7,FL05
2015,SCIAN 2013,624199,62,7,UH0258
2015,SCIAN 2013,621320,62,7,UH0224
2015,SCIAN 2013,493119,49,7,UH0068
2015,SCIAN 2013,611181,61,7,UH0199
2015,SCIAN 2013,467117,46,7,FL01
2015,SCIAN 2013,721190,72,7,UH0303
2015,SCIAN 2013,465214,46,7,FL01
2015,SCIAN 2013,624112,62,7,UH0253
2015,SCIAN 2013,621491,62,6,UH0234
2015,SCIAN 2013,561520,56,6,UH0173
2015,SCIAN 2013,517210,51,6,UH0078
2015,SCIAN 2013,515120,51,6,FL12
2015,SCIAN 2013,562112,56,6,FL11
2015,SCIAN 2013,541990,54,6,UH0158
2015,SCIAN 2013,561320,56,6,UH0162
2015,SCIAN 2013,561990,56,6,UH0184
2015,SCIAN 2013,711510,71,6,UH0280
2015,SCIAN 2013,624312,62,6,UH0265
2015,SCIAN 2013,624212,62,6,UH0260
2015,SCIAN 2013,484119,48,6,UH0037
2015,SCIAN 2013,466314,46,6,FL01
2015,SCIAN 2013,611211,61,5,UH0201
2015,SCIAN 2013,621332,62,5,UH0226
2015,SCIAN 2013,488410,48,5,UH0057
2015,SCIAN 2013,611431,61,5,UH0209
2015,SCIAN 2013,541910,54,5,UH0153
2015,SCIAN 2013,561740,56,5,UH0180
2015,SCIAN 2013,561720,56,5,UH0178
2015,SCIAN 2013,541711,54,5,UH0143
2015,SCIAN 2013,623992,62,5,UH0251
2015,SCIAN 2013,711131,71,5,UH0271
2015,SCIAN 2013,466313,46,5,FL01
2015,SCIAN 2013,713112,71,5,UH0285
2015,SCIAN 2013,811313,81,5,UH0327
2015,SCIAN 2013,713998,71,5,UH0298
2015,SCIAN 2013,511121,51,4,FL12
2015,SCIAN 2013,531119,53,4,FL03
2015,SCIAN 2013,484222,48,4,UH0042
2015,SCIAN 2013,484221,48,4,UH0041
2015,SCIAN 2013,624198,62,4,UH0257
2015,SCIAN 2013,512113,51,4,UH0073
2015,SCIAN 2013,812322,81,4,FL08
2015,SCIAN 2013,611151,61,4,UH0193
2015,SCIAN 2013,531115,53,4,UH0106
2015,SCIAN 2013,522440,52,4,UH0091
2015,SCIAN 2013,523110,52,4,UH0095
2015,SCIAN 2013,621421,62,4,UH0233
2015,SCIAN 2013,611421,61,4,UH0207
2015,SCIAN 2013,624211,62,3,UH0259
2015,SCIAN 2013,484229,48,3,UH0043
2015,SCIAN 2013,561490,56,3,UH0171
2015,SCIAN 2013,811314,81,3,UH0328
2015,SCIAN 2013,713111,71,3,UH0284
2015,SCIAN 2013,713942,71,3,UH0292
2015,SCIAN 2013,621910,62,3,UH0238
2015,SCIAN 2013,624111,62,3,UH0252
2015,SCIAN 2013,624121,62,3,UH0254
2015,SCIAN 2013,711212,71,3,UH0275
2015,SCIAN 2013,624311,62,3,UH0264
2015,SCIAN 2013,611612,61,3,UH0213
2015,SCIAN 2013,611622,61,3,UH0215
2015,SCIAN 2013,532310,53,3,UH0116
2015,SCIAN 2013,488491,48,3,UH0058
2015,SCIAN 2013,621342,62,3,UH0228
2015,SCIAN 2013,488511,48,3,UH0061
2015,SCIAN 2013,522210,52,3,UH0086
2015,SCIAN 2013,611212,61,3,UH0202
2015,SCIAN 2013,522451,52,3,UH0092
2015,SCIAN 2013,532110,53,3,UH0110
2015,SCIAN 2013,532420,53,3,UH0119
2015,SCIAN 2013,541943,54,3,UH0157
2015,SCIAN 2013,541942,54,3,UH0156
2015,SCIAN 2013,561910,56,3,UH0182
2015,SCIAN 2013,561790,56,3,UH0181
2015,SCIAN 2013,561710,56,3,UH0177
2015,SCIAN 2013,812321,81,2,FL08
2015,SCIAN 2013,541722,54,2,UH0146
2015,SCIAN 2013,561210,56,2,UH0160
2015,SCIAN 2013,561590,56,2,UH0174
2015,SCIAN 2013,713299,71,2,UH0289
2015,SCIAN 2013,713113,71,2,UH0286
2015,SCIAN 2013,466113,46,2,FL01
2015,SCIAN 2013,468413,46,2,FL01
2015,SCIAN 2013,711111,71,2,UH0268
2015,SCIAN 2013,624222,62,2,UH0262
2015,SCIAN 2013,621610,62,2,UH0237
2015,SCIAN 2013,485320,48,2,UH0050
2015,SCIAN 2013,484231,48,2,UH0044
2015,SCIAN 2013,481111,48,2,UH0034
2015,SCIAN 2013,484239,48,2,UH0046
2015,SCIAN 2013,621212,62,2,UH0222
2015,SCIAN 2013,511132,51,2,FL12
2015,SCIAN 2013,511131,51,2,FL12
2015,SCIAN 2013,488990,48,2,UH0063
2015,SCIAN 2013,488519,48,2,UH0062
2015,SCIAN 2013,519110,51,2,FL12
2015,SCIAN 2013,522430,52,2,FL02
2015,SCIAN 2013,515210,51,2,FL12
2015,SCIAN 2013,522220,52,2,UH0087
2015,SCIAN 2013,611411,61,2,UH0205
2015,SCIAN 2013,721210,72,2,UH0304
2015,SCIAN 2013,712132,71,2,UH0283
2015,SCIAN 2013,541350,54,1,UH0132
2015,SCIAN 2013,561422,56,1,UH0166
2015,SCIAN 2013,541370,54,1,UH0134
2015,SCIAN 2013,541870,54,1,UH0151
2015,SCIAN 2013,541712,54,1,UH0144
2015,SCIAN 2013,541840,54,1,UH0149
2015,SCIAN 2013,561730,56,1,UH0179
2015,SCIAN 2013,813140,81,1,UH0347
2015,SCIAN 2013,532121,53,1,UH0111
2015,SCIAN 2013,524130,52,1,UH0100
2015,SCIAN 2013,523121,52,1,UH0096
2015,SCIAN 2013,533110,53,1,UH0122
2015,SCIAN 2013,532412,53,1,UH0118
2015,SCIAN 2013,562111,56,1,FL11
2015,SCIAN 2013,519130,51,1,FL12
2015,SCIAN 2013,623111,62,1,UH0245
2015,SCIAN 2013,623221,62,1,UH0247
2015,SCIAN 2013,623312,62,1,UH0249
2015,SCIAN 2013,491110,49,1,UH0064
2015,SCIAN 2013,492210,49,1,UH0066
2015,SCIAN 2013,488493,48,1,UH0060
2015,SCIAN 2013,522490,52,1,FL02
2015,SCIAN 2013,512290,51,1,UH0076
2015,SCIAN 2013,519121,51,1,UH0082
2015,SCIAN 2013,518210,51,1,UH0081
2015,SCIAN 2013,522510,52,1,UH0094
2015,SCIAN 2013,521110,52,1,UH0084
2015,SCIAN 2013,532210,53,1,UH0112
2015,SCIAN 2013,711320,71,1,UH0278
2015,SCIAN 2013,711112,71,1,UH0269
2015,SCIAN 2013,711121,71,1,UH0270
2015,SCIAN 2013,487990,48,1,UH0055
2015,SCIAN 2013,624231,62,1,UH0263
2015,SCIAN 2013,624122,62,1,UH0255
2015,SCIAN 2013,622212,62,1,UH0243
2015,SCIAN 2013,482110,48,1,UH0036
2015,SCIAN 2013,481210,48,1,UH0035
2015,SCIAN 2013,484232,48,1,UH0045
2015,SCIAN 2013,485410,48,1,UH0051
2015,SCIAN 2013,621992,62,1,UH0240
2015,SCIAN 2013,621512,62,1,UH0236
2015,SCIAN 2013,512210,51,1,UH0075
2015,SCIAN 2013,713950,71,1,UH0295
2015,SCIAN 2013,713910,71,1,UH0290
2015,SCIAN 2013,711410,71,1,UH0279
2015,SCIAN 2013,712111,71,1,UH0281
2015,SCIAN 2013,461220,46,1,FL01
2015,SCIAN 2013,722310,72,1,UH0308
2015,SCIAN 2013,812120,81,1,UH0337
2016,SCIAN 2013,461110,46,3998,FL01
2016,SCIAN 2013,812110,81,1767,UH0336
2016,SCIAN 2013,463211,46,1429,FL01
2016,SCIAN 2013,722514,72,1298,FL06
2016,SCIAN 2013,621211,62,1057,UH0221
2016,SCIAN 2013,461130,46,963,FL01
2016,SCIAN 2013,722513,72,958,FL06
2016,SCIAN 2013,465311,46,900,FL01
2016,SCIAN 2013,811111,81,750,UH0312
2016,SCIAN 2013,722517,72,610,FL07
2016,SCIAN 2013,722515,72,592,FL06
2016,SCIAN 2013,621113,62,586,FL04
2016,SCIAN 2013,561432,56,567,UH0168
2016,SCIAN 2013,722518,72,512,FL07
2016,SCIAN 2013,467111,46,501,FL01
2016,SCIAN 2013,467115,46,499,FL01
2016,SCIAN 2013,722511,72,485,FL06
2016,SCIAN 2013,722519,72,473,FL06
2016,SCIAN 2013,464111,46,463,FL01
2016,SCIAN 2013,461121,46,456,FL01
2016,SCIAN 2013,621111,62,434,FL04
2016,SCIAN 2013,541110,54,421,UH0123
2016,SCIAN 2013,461160,46,414,FL01
2016,SCIAN 2013,811499,81,402,UH0335
2016,SCIAN 2013,468211,46,393,FL01
2016,SCIAN 2013,813210,81,383,UH0348
2016,SCIAN 2013,463310,46,382,FL01
2016,SCIAN 2013,466410,46,376,FL01
2016,SCIAN 2013,811121,81,355,FL09
2016,SCIAN 2013,461122,46,348,FL01
2016,SCIAN 2013,531113,53,321,UH0104
2016,SCIAN 2013,812210,81,303,UH0339
2016,SCIAN 2013,466212,46,291,FL01
2016,SCIAN 2013,465912,46,275,FL01
2016,SCIAN 2013,461190,46,255,FL01
2016,SCIAN 2013,541211,54,250,UH0126
2016,SCIAN 2013,611122,61,239,UH0188
2016,SCIAN 2013,522110,52,238,UH0085
2016,SCIAN 2013,722412,72,233,UH0311
2016,SCIAN 2013,463215,46,231,FL01
2016,SCIAN 2013,713943,71,228,UH0293
2016,SCIAN 2013,461212,46,216,FL01
2016,SCIAN 2013,811191,81,216,UH0320
2016,SCIAN 2013,466312,46,216,FL01
2016,SCIAN 2013,462112,46,215,FL01
2016,SCIAN 2013,811192,81,202,UH0321
2016,SCIAN 2013,464113,46,201,FL01
2016,SCIAN 2013,561510,56,191,UH0172
2016,SCIAN 2013,466111,46,188,FL01
2016,SCIAN 2013,812410,81,176,UH0341
2016,SCIAN 2013,811112,81,172,UH0313
2016,SCIAN 2013,624191,62,172,UH0256
2016,SCIAN 2013,611112,61,169,UH0186
2016,SCIAN 2013,465111,46,169,FL01
2016,SCIAN 2013,621511,62,168,UH0235
2016,SCIAN 2013,722512,72,166,FL06
2016,SCIAN 2013,467113,46,163,FL01
2016,SCIAN 2013,461150,46,159,FL01
2016,SCIAN 2013,713120,71,158,UH0287
2016,SCIAN 2013,467114,46,153,FL01
2016,SCIAN 2013,463113,46,149,FL01
2016,SCIAN 2013,811119,81,149,UH0318
2016,SCIAN 2013,465915,46,148,FL01
2016,SCIAN 2013,461170,46,148,FL01
2016,SCIAN 2013,461140,46,143,FL01
2016,SCIAN 2013,465112,46,143,FL01
2016,SCIAN 2013,464121,46,141,FL01
2016,SCIAN 2013,811219,81,140,UH0324
2016,SCIAN 2013,524210,52,138,UH0101
2016,SCIAN 2013,811211,81,138,UH0323
2016,SCIAN 2013,624411,62,134,UH0266
2016,SCIAN 2013,811430,81,134,UH0331
2016,SCIAN 2013,466211,46,133,FL01
2016,SCIAN 2013,465215,46,124,FL01
2016,SCIAN 2013,811491,81,122,UH0332
2016,SCIAN 2013,811410,81,116,UH0329
2016,SCIAN 2013,465212,46,111,FL01
2016,SCIAN 2013,541941,54,110,UH0155
2016,SCIAN 2013,561431,56,109,UH0167
2016,SCIAN 2013,465914,46,108,FL01
2016,SCIAN 2013,611312,61,106,UH0204
2016,SCIAN 2013,468420,46,105,FL01
2016,SCIAN 2013,611621,61,103,UH0214
2016,SCIAN 2013,463213,46,101,FL01
2016,SCIAN 2013,621331,62,99,UH0225
2016,SCIAN 2013,813230,81,98,UH0349
2016,SCIAN 2013,811420,81,97,UH0330
2016,SCIAN 2013,464112,46,92,FL01
2016,SCIAN 2013,811312,81,92,UH0326
2016,SCIAN 2013,541920,54,91,UH0154
2016,SCIAN 2013,465313,46,85,FL01
2016,SCIAN 2013,463212,46,82,FL01
2016,SCIAN 2013,531210,53,81,UH0107
2016,SCIAN 2013,465911,46,81,FL01
2016,SCIAN 2013,466112,46,81,FL01
2016,SCIAN 2013,811492,81,80,UH0333
2016,SCIAN 2013,465211,46,79,FL01
2016,SCIAN 2013,611111,61,78,UH0185
2016,SCIAN 2013,621398,62,77,UH0230
2016,SCIAN 2013,468213,46,76,FL01
2016,SCIAN 2013,811199,81,76,UH0322
2016,SCIAN 2013,463216,46,76,FL01
2016,SCIAN 2013,466319,46,76,FL01
2016,SCIAN 2013,465919,46,76,FL01
2016,SCIAN 2013,467112,46,73,FL01
2016,SCIAN 2013,461123,46,72,FL01
2016,SCIAN 2013,532291,53,71,UH0115
2016,SCIAN 2013,468411,46,70,FL01
2016,SCIAN 2013,611171,61,68,UH0197
2016,SCIAN 2013,522452,52,65,UH0093
2016,SCIAN 2013,813120,81,64,UH0345
2016,SCIAN 2013,721111,72,64,UH0300
2016,SCIAN 2013,463214,46,63,FL01
2016,SCIAN 2013,468212,46,62,FL01
2016,SCIAN 2013,466114,46,61,FL01
2016,SCIAN 2013,461213,46,59,FL01
2016,SCIAN 2013,722516,72,57,UH0307
2016,SCIAN 2013,811116,81,56,UH0317
2016,SCIAN 2013,811493,81,56,UH0334
2016,SCIAN 2013,611611,61,53,UH0212
2016,SCIAN 2013,468112,46,51,FL01
2016,SCIAN 2013,721112,72,51,UH0301
2016,SCIAN 2013,462111,46,49,FL01
2016,SCIAN 2013,611311,61,48,UH0203
2016,SCIAN 2013,461211,46,48,FL01
2016,SCIAN 2013,541310,54,47,UH0128
2016,SCIAN 2013,517910,51,45,UH0080
2016,SCIAN 2013,811114,81,45,UH0315
2016,SCIAN 2013,541810,54,44,UH0147
2016,SCIAN 2013,811129,81,44,FL09
2016,SCIAN 2013,624412,62,43,UH0267
2016,SCIAN 2013,517110,51,43,UH0077
2016,SCIAN 2013,468111,46,43,FL01
2016,SCIAN 2013,812990,81,41,UH0343
2016,SCIAN 2013,492110,49,41,UH0065
2016,SCIAN 2013,611631,61,41,UH0216
2016,SCIAN 2013,541890,54,41,UH0152
2016,SCIAN 2013,721113,72,41,UH0302
2016,SCIAN 2013,541120,54,40,UH0124
2016,SCIAN 2013,541430,54,40,UH0137
2016,SCIAN 2013,812130,81,39,UH0338
2016,SCIAN 2013,522320,52,39,UH0089
2016,SCIAN 2013,611161,61,39,UH0195
2016,SCIAN 2013,713991,71,38,UH0296
2016,SCIAN 2013,813110,81,38,UH0344
2016,SCIAN 2013,485111,48,37,FL10
2016,SCIAN 2013,468311,46,37,FL01
2016,SCIAN 2013,463217,46,37,FL01
2016,SCIAN 2013,465312,46,37,FL01
2016,SCIAN 2013,621341,62,36,UH0227
2016,SCIAN 2013,621391,62,36,UH0229
2016,SCIAN 2013,561110,56,36,UH0159
2016,SCIAN 2013,532230,53,36,UH0114
2016,SCIAN 2013,466311,46,36,FL01
2016,SCIAN 2013,611698,61,35,UH0218
2016,SCIAN 2013,465913,46,35,FL01
2016,SCIAN 2013,485210,48,35,UH0048
2016,SCIAN 2013,463112,46,34,FL01
2016,SCIAN 2013,611511,61,34,UH0210
2016,SCIAN 2013,611121,61,34,UH0187
2016,SCIAN 2013,484129,48,33,UH0039
2016,SCIAN 2013,611691,61,33,UH0217
2016,SCIAN 2013,532411,53,31,UH0117
2016,SCIAN 2013,561610,56,31,UH0175
2016,SCIAN 2013,522490,52,31,FL02
2016,SCIAN 2013,468419,46,30,FL01
2016,SCIAN 2013,611132,61,30,UH0190
2016,SCIAN 2013,541610,54,29,UH0140
2016,SCIAN 2013,811115,81,29,UH0316
2016,SCIAN 2013,523122,52,29,UH0097
2016,SCIAN 2013,469110,46,28,FL01
2016,SCIAN 2013,462210,46,27,FL01
2016,SCIAN 2013,463111,46,27,FL01
2016,SCIAN 2013,611172,61,26,UH0198
2016,SCIAN 2013,623992,62,26,UH0251
2016,SCIAN 2013,812310,81,26,UH0340
2016,SCIAN 2013,713291,71,26,UH0288
2016,SCIAN 2013,811122,81,25,UH0319
2016,SCIAN 2013,611162,61,24,UH0196
2016,SCIAN 2013,541330,54,24,UH0130
2016,SCIAN 2013,622111,62,23,UH0241
2016,SCIAN 2013,611512,61,23,UH0211
2016,SCIAN 2013,532493,53,21,UH0121
2016,SCIAN 2013,611142,61,20,UH0192
2016,SCIAN 2013,463218,46,19,FL01
2016,SCIAN 2013,811113,81,18,UH0314
2016,SCIAN 2013,531319,53,18,UH0109
2016,SCIAN 2013,721311,72,18,UH0305
2016,SCIAN 2013,464122,46,18,FL01
2016,SCIAN 2013,561310,56,18,UH0161
2016,SCIAN 2013,541510,54,17,UH0139
2016,SCIAN 2013,541190,54,17,UH0125
2016,SCIAN 2013,622112,62,17,UH0242
2016,SCIAN 2013,465213,46,17,FL01
2016,SCIAN 2013,623991,62,17,UH0250
2016,SCIAN 2013,722320,72,16,UH0309
2016,SCIAN 2013,561440,56,16,UH0169
2016,SCIAN 2013,524110,52,16,UH0099
2016,SCIAN 2013,561330,56,16,UH0163
2016,SCIAN 2013,532220,53,15,UH0113
2016,SCIAN 2013,517210,51,14,UH0078
2016,SCIAN 2013,532299,53,14,UH0114
2016,SCIAN 2013,485510,48,14,UH0052
2016,SCIAN 2013,468412,46,13,FL01
2016,SCIAN 2013,515110,51,13,FL12
2016,SCIAN 2013,512130,51,13,UH0074
2016,SCIAN 2013,713941,71,13,UH0291
2016,SCIAN 2013,465216,46,13,FL01
2016,SCIAN 2013,561620,56,13,UH0176
2016,SCIAN 2013,541340,54,13,UH0131
2016,SCIAN 2013,622311,62,12,UH0244
2016,SCIAN 2013,522460,52,12,FL02
2016,SCIAN 2013,611182,61,12,UH0200
2016,SCIAN 2013,561990,56,12,UH0184
2016,SCIAN 2013,722411,72,12,UH0310
2016,SCIAN 2013,713944,71,12,UH0294
2016,SCIAN 2013,541380,54,12,UH0135
2016,SCIAN 2013,812910,81,12,UH0342
2016,SCIAN 2013,511112,51,12,FL12
2016,SCIAN 2013,531114,53,12,UH0105
2016,SCIAN 2013,531311,53,12,UH0108
2016,SCIAN 2013,611131,61,12,UH0189
2016,SCIAN 2013,712112,71,11,UH0282
2016,SCIAN 2013,522390,52,11,UH0090
2016,SCIAN 2013,711311,71,11,UH0276
2016,SCIAN 2013,531112,53,11,UH0103
2016,SCIAN 2013,621115,62,10,FL04
2016,SCIAN 2013,711312,71,10,UH0277
2016,SCIAN 2013,621112,62,10,FL05
2016,SCIAN 2013,621320,62,10,UH0224
2016,SCIAN 2013,519122,51,10,UH0083
2016,SCIAN 2013,621311,62,10,UH0223
2016,SCIAN 2013,813130,81,10,UH0346
2016,SCIAN 2013,561920,56,9,UH0183
2016,SCIAN 2013,532492,53,9,UH0120
2016,SCIAN 2013,466314,46,9,FL01
2016,SCIAN 2013,484210,48,9,UH0040
2016,SCIAN 2013,524220,52,9,UH0102
2016,SCIAN 2013,621116,62,9,FL05
2016,SCIAN 2013,811311,81,8,UH0325
2016,SCIAN 2013,541690,54,8,UH0142
2016,SCIAN 2013,541712,54,8,UH0144
2016,SCIAN 2013,487110,48,8,UH0054
2016,SCIAN 2013,541850,54,8,UH0150
2016,SCIAN 2013,561421,56,8,UH0165
2016,SCIAN 2013,465214,46,8,FL01
2016,SCIAN 2013,713992,71,8,UH0297
2016,SCIAN 2013,541620,54,8,UH0141
2016,SCIAN 2013,491110,49,8,UH0064
2016,SCIAN 2013,467116,46,8,FL01
2016,SCIAN 2013,623311,62,8,UH0248
2016,SCIAN 2013,624112,62,7,UH0253
2016,SCIAN 2013,721190,72,7,UH0303
2016,SCIAN 2013,561520,56,7,UH0173
2016,SCIAN 2013,467117,46,7,FL01
2016,SCIAN 2013,561720,56,7,UH0178
2016,SCIAN 2013,611181,61,7,UH0199
2016,SCIAN 2013,562112,56,7,FL11
2016,SCIAN 2013,515120,51,6,FL12
2016,SCIAN 2013,611421,61,6,UH0207
2016,SCIAN 2013,488410,48,6,UH0057
2016,SCIAN 2013,493119,49,6,UH0068
2016,SCIAN 2013,541711,54,6,UH0143
2016,SCIAN 2013,541410,54,6,UH0136
2016,SCIAN 2013,624199,62,6,UH0258
2016,SCIAN 2013,624212,62,6,UH0260
2016,SCIAN 2013,522451,52,6,UH0092
2016,SCIAN 2013,624312,62,6,UH0265
2016,SCIAN 2013,611699,61,6,UH0219
2016,SCIAN 2013,561710,56,6,UH0177
2016,SCIAN 2013,611151,61,6,UH0193
2016,SCIAN 2013,711510,71,6,UH0280
2016,SCIAN 2013,531115,53,6,UH0106
2016,SCIAN 2013,541990,54,6,UH0158
2016,SCIAN 2013,713112,71,5,UH0285
2016,SCIAN 2013,624198,62,5,UH0257
2016,SCIAN 2013,621332,62,5,UH0226
2016,SCIAN 2013,711131,71,5,UH0271
2016,SCIAN 2013,484222,48,5,UH0042
2016,SCIAN 2013,561320,56,5,UH0162
2016,SCIAN 2013,713998,71,5,UH0298
2016,SCIAN 2013,561740,56,5,UH0180
2016,SCIAN 2013,611431,61,5,UH0209
2016,SCIAN 2013,466313,46,5,FL01
2016,SCIAN 2013,541910,54,5,UH0153
2016,SCIAN 2013,522220,52,5,UH0087
2016,SCIAN 2013,531119,53,5,FL03
2016,SCIAN 2013,811314,81,4,UH0328
2016,SCIAN 2013,532110,53,4,UH0110
2016,SCIAN 2013,522210,52,4,UH0086
2016,SCIAN 2013,532310,53,4,UH0116
2016,SCIAN 2013,484239,48,4,UH0046
2016,SCIAN 2013,512113,51,4,UH0073
2016,SCIAN 2013,511121,51,4,FL12
2016,SCIAN 2013,493111,49,4,UH0067
2016,SCIAN 2013,488511,48,4,UH0061
2016,SCIAN 2013,611211,61,4,UH0201
2016,SCIAN 2013,484221,48,4,UH0041
2016,SCIAN 2013,624121,62,4,UH0254
2016,SCIAN 2013,621421,62,4,UH0233
2016,SCIAN 2013,611710,61,4,UH0220
2016,SCIAN 2013,621491,62,4,UH0234
2016,SCIAN 2013,811313,81,4,UH0327
2016,SCIAN 2013,624111,62,3,UH0252
2016,SCIAN 2013,561910,56,3,UH0182
2016,SCIAN 2013,541942,54,3,UH0156
2016,SCIAN 2013,484119,48,3,UH0037
2016,SCIAN 2013,541943,54,3,UH0157
2016,SCIAN 2013,492210,49,3,UH0066
2016,SCIAN 2013,519130,51,3,FL12
2016,SCIAN 2013,484231,48,3,UH0044
2016,SCIAN 2013,484229,48,3,UH0043
2016,SCIAN 2013,488990,48,3,UH0063
2016,SCIAN 2013,523110,52,3,UH0095
2016,SCIAN 2013,488491,48,3,UH0058
2016,SCIAN 2013,624311,62,3,UH0264
2016,SCIAN 2013,611612,61,3,UH0213
2016,SCIAN 2013,621910,62,3,UH0238
2016,SCIAN 2013,812322,81,3,FL08
2016,SCIAN 2013,812321,81,3,FL08
2016,SCIAN 2013,713942,71,3,UH0292
2016,SCIAN 2013,711212,71,3,UH0275
2016,SCIAN 2013,713113,71,3,UH0286
2016,SCIAN 2013,621342,62,3,UH0228
2016,SCIAN 2013,624211,62,3,UH0259
2016,SCIAN 2013,621212,62,3,UH0222
2016,SCIAN 2013,624222,62,2,UH0262
2016,SCIAN 2013,713299,71,2,UH0289
2016,SCIAN 2013,713111,71,2,UH0284
2016,SCIAN 2013,611411,61,2,UH0205
2016,SCIAN 2013,562111,56,2,FL11
2016,SCIAN 2013,481111,48,2,UH0034
2016,SCIAN 2013,561790,56,2,UH0181
2016,SCIAN 2013,611212,61,2,UH0202
2016,SCIAN 2013,468413,46,2,FL01
2016,SCIAN 2013,541722,54,2,UH0146
2016,SCIAN 2013,481210,48,2,UH0035
2016,SCIAN 2013,485990,48,2,UH0053
2016,SCIAN 2013,512290,51,2,UH0076
2016,SCIAN 2013,512112,51,2,UH0072
2016,SCIAN 2013,511131,51,2,FL12
2016,SCIAN 2013,485320,48,2,UH0050
2016,SCIAN 2013,511132,51,2,FL12
2016,SCIAN 2013,532420,53,2,UH0119
2016,SCIAN 2013,523121,52,2,UH0096
2016,SCIAN 2013,518210,51,2,UH0081
2016,SCIAN 2013,524130,52,2,UH0100
2016,SCIAN 2013,522430,52,2,FL02
2016,SCIAN 2013,713950,71,2,UH0295
2016,SCIAN 2013,721210,72,2,UH0304
2016,SCIAN 2013,712132,71,2,UH0283
2016,SCIAN 2013,711111,71,2,UH0268
2016,SCIAN 2013,461220,46,2,FL01
2016,SCIAN 2013,488492,48,1,UH0059
2016,SCIAN 2013,488493,48,1,UH0060
2016,SCIAN 2013,541870,54,1,UH0151
2016,SCIAN 2013,541840,54,1,UH0149
2016,SCIAN 2013,561210,56,1,UH0160
2016,SCIAN 2013,466113,46,1,FL01
2016,SCIAN 2013,561590,56,1,UH0174
2016,SCIAN 2013,561730,56,1,UH0179
2016,SCIAN 2013,519110,51,1,FL12
2016,SCIAN 2013,515210,51,1,FL12
2016,SCIAN 2013,522510,52,1,UH0094
2016,SCIAN 2013,522440,52,1,UH0091
2016,SCIAN 2013,812120,81,1,UH0337
2016,SCIAN 2013,533110,53,1,UH0122
2016,SCIAN 2013,541350,54,1,UH0132
2016,SCIAN 2013,512210,51,1,UH0075
2016,SCIAN 2013,522310,52,1,UH0088
2016,SCIAN 2013,521110,52,1,UH0084
2016,SCIAN 2013,532210,53,1,UH0112
2016,SCIAN 2013,532121,53,1,UH0111
2016,SCIAN 2013,519121,51,1,UH0082
2016,SCIAN 2013,541370,54,1,UH0134
2016,SCIAN 2013,511210,51,1,FL12
2016,SCIAN 2013,482110,48,1,UH0036
2016,SCIAN 2013,484121,48,1,UH0038
2016,SCIAN 2013,561422,56,1,UH0166
2016,SCIAN 2013,484232,48,1,UH0045
2016,SCIAN 2013,485410,48,1,UH0051
2016,SCIAN 2013,487990,48,1,UH0055
2016,SCIAN 2013,611412,61,1,UH0206
2016,SCIAN 2013,611422,61,1,UH0208
2016,SCIAN 2013,624122,62,1,UH0255
2016,SCIAN 2013,624231,62,1,UH0263
2016,SCIAN 2013,622212,62,1,UH0243
2016,SCIAN 2013,611622,61,1,UH0215
2016,SCIAN 2013,621399,62,1,UH0231
2016,SCIAN 2013,623221,62,1,UH0247
2016,SCIAN 2013,623312,62,1,UH0249
2016,SCIAN 2013,623111,62,1,UH0245
2016,SCIAN 2013,621610,62,1,UH0237
2016,SCIAN 2013,621992,62,1,UH0240
2016,SCIAN 2013,621512,62,1,UH0236
2016,SCIAN 2013,721312,72,1,UH0306
2016,SCIAN 2013,713910,71,1,UH0290
2016,SCIAN 2013,711112,71,1,UH0269
2016,SCIAN 2013,712111,71,1,UH0281
2016,SCIAN 2013,711410,71,1,UH0279
2016,SCIAN 2013,722310,72,1,UH0308
2016,SCIAN 2013,813140,81,1,UH0347
2017,SCIAN 2013,461110,46,3998,FL01
2017,SCIAN 2013,812110,81,1767,UH0336
2017,SCIAN 2013,463211,46,1436,FL01
2017,SCIAN 2013,722514,72,1297,FL06
2017,SCIAN 2013,621211,62,1056,UH0221
2017,SCIAN 2013,461130,46,964,FL01
2017,SCIAN 2013,722513,72,958,FL06
2017,SCIAN 2013,465311,46,900,FL01
2017,SCIAN 2013,811111,81,751,UH0312
2017,SCIAN 2013,722517,72,613,FL07
2017,SCIAN 2013,722515,72,594,FL06
2017,SCIAN 2013,621113,62,587,FL04
2017,SCIAN 2013,561432,56,567,UH0168
2017,SCIAN 2013,722518,72,512,FL07
2017,SCIAN 2013,467111,46,500,FL01
2017,SCIAN 2013,467115,46,499,FL01
2017,SCIAN 2013,464111,46,499,FL01
2017,SCIAN 2013,722511,72,489,FL06
2017,SCIAN 2013,722519,72,473,FL06
2017,SCIAN 2013,461121,46,457,FL01
2017,SCIAN 2013,621111,62,435,FL04
2017,SCIAN 2013,541110,54,422,UH0123
2017,SCIAN 2013,461160,46,415,FL01
2017,SCIAN 2013,811499,81,402,UH0335
2017,SCIAN 2013,468211,46,392,FL01
2017,SCIAN 2013,463310,46,390,FL01
2017,SCIAN 2013,813210,81,383,UH0348
2017,SCIAN 2013,466410,46,376,FL01
2017,SCIAN 2013,811121,81,355,FL09
2017,SCIAN 2013,461122,46,348,FL01
2017,SCIAN 2013,531113,53,321,UH0104
2017,SCIAN 2013,812210,81,303,UH0339
2017,SCIAN 2013,466212,46,290,FL01
2017,SCIAN 2013,465912,46,274,FL01
2017,SCIAN 2013,461190,46,255,FL01
2017,SCIAN 2013,541211,54,254,UH0126
2017,SCIAN 2013,611122,61,239,UH0188
2017,SCIAN 2013,522110,52,235,UH0085
2017,SCIAN 2013,722412,72,233,UH0311
2017,SCIAN 2013,463215,46,232,FL01
2017,SCIAN 2013,713943,71,228,UH0293
2017,SCIAN 2013,462112,46,226,FL01
2017,SCIAN 2013,466312,46,217,FL01
2017,SCIAN 2013,461212,46,216,FL01
2017,SCIAN 2013,811191,81,216,UH0320
2017,SCIAN 2013,464113,46,203,FL01
2017,SCIAN 2013,811192,81,202,UH0321
2017,SCIAN 2013,466111,46,195,FL01
2017,SCIAN 2013,561510,56,190,UH0172
2017,SCIAN 2013,812410,81,176,UH0341
2017,SCIAN 2013,624191,62,172,UH0256
2017,SCIAN 2013,811112,81,172,UH0313
2017,SCIAN 2013,621511,62,169,UH0235
2017,SCIAN 2013,611112,61,169,UH0186
2017,SCIAN 2013,467113,46,169,FL01
2017,SCIAN 2013,722512,72,166,FL06
2017,SCIAN 2013,465111,46,166,FL01
2017,SCIAN 2013,461150,46,158,FL01
2017,SCIAN 2013,713120,71,158,UH0287
2017,SCIAN 2013,467114,46,155,FL01
2017,SCIAN 2013,811119,81,149,UH0318
2017,SCIAN 2013,463113,46,149,FL01
2017,SCIAN 2013,465915,46,148,FL01
2017,SCIAN 2013,461170,46,148,FL01
2017,SCIAN 2013,464121,46,145,FL01
2017,SCIAN 2013,461140,46,143,FL01
2017,SCIAN 2013,465112,46,143,FL01
2017,SCIAN 2013,811219,81,140,UH0324
2017,SCIAN 2013,811211,81,138,UH0323
2017,SCIAN 2013,524210,52,138,UH0101
2017,SCIAN 2013,811430,81,134,UH0331
2017,SCIAN 2013,624411,62,134,UH0266
2017,SCIAN 2013,466211,46,132,FL01
2017,SCIAN 2013,465215,46,129,FL01
2017,SCIAN 2013,811491,81,122,UH0332
2017,SCIAN 2013,811410,81,116,UH0329
2017,SCIAN 2013,541941,54,110,UH0155
2017,SCIAN 2013,465212,46,109,FL01
2017,SCIAN 2013,561431,56,109,UH0167
2017,SCIAN 2013,465914,46,108,FL01
2017,SCIAN 2013,468420,46,106,FL01
2017,SCIAN 2013,611312,61,106,UH0204
2017,SCIAN 2013,611621,61,103,UH0214
2017,SCIAN 2013,463213,46,101,FL01
2017,SCIAN 2013,621331,62,100,UH0225
2017,SCIAN 2013,464112,46,99,FL01
2017,SCIAN 2013,813230,81,98,UH0349
2017,SCIAN 2013,811420,81,97,UH0330
2017,SCIAN 2013,811312,81,91,UH0326
2017,SCIAN 2013,541920,54,91,UH0154
2017,SCIAN 2013,465313,46,85,FL01
2017,SCIAN 2013,463212,46,82,FL01
2017,SCIAN 2013,461123,46,82,FL01
2017,SCIAN 2013,531210,53,82,UH0107
2017,SCIAN 2013,466112,46,82,FL01
2017,SCIAN 2013,465911,46,81,FL01
2017,SCIAN 2013,811492,81,80,UH0333
2017,SCIAN 2013,611111,61,79,UH0185
2017,SCIAN 2013,465211,46,79,FL01
2017,SCIAN 2013,621398,62,77,UH0230
2017,SCIAN 2013,466319,46,76,FL01
2017,SCIAN 2013,465919,46,76,FL01
2017,SCIAN 2013,468213,46,76,FL01
2017,SCIAN 2013,811199,81,76,UH0322
2017,SCIAN 2013,467112,46,75,FL01
2017,SCIAN 2013,463216,46,74,FL01
2017,SCIAN 2013,468411,46,73,FL01
2017,SCIAN 2013,532291,53,71,UH0115
2017,SCIAN 2013,611171,61,69,UH0197
2017,SCIAN 2013,813120,81,65,UH0345
2017,SCIAN 2013,522452,52,65,UH0093
2017,SCIAN 2013,466114,46,63,FL01
2017,SCIAN 2013,721111,72,63,UH0300
2017,SCIAN 2013,463214,46,63,FL01
2017,SCIAN 2013,468212,46,62,FL01
2017,SCIAN 2013,722516,72,60,UH0307
2017,SCIAN 2013,461213,46,58,FL01
2017,SCIAN 2013,811116,81,56,UH0317
2017,SCIAN 2013,811493,81,56,UH0334
2017,SCIAN 2013,611611,61,53,UH0212
2017,SCIAN 2013,468112,46,51,FL01
2017,SCIAN 2013,721112,72,50,UH0301
2017,SCIAN 2013,462111,46,50,FL01
2017,SCIAN 2013,541310,54,48,UH0128
2017,SCIAN 2013,611311,61,48,UH0203
2017,SCIAN 2013,461211,46,48,FL01
2017,SCIAN 2013,811114,81,45,UH0315
2017,SCIAN 2013,517910,51,45,UH0080
2017,SCIAN 2013,811129,81,44,FL09
2017,SCIAN 2013,541810,54,44,UH0147
2017,SCIAN 2013,468111,46,43,FL01
2017,SCIAN 2013,517110,51,43,UH0077
2017,SCIAN 2013,624412,62,43,UH0267
2017,SCIAN 2013,611631,61,42,UH0216
2017,SCIAN 2013,541430,54,42,UH0137
2017,SCIAN 2013,492110,49,41,UH0065
2017,SCIAN 2013,812990,81,41,UH0343
2017,SCIAN 2013,541890,54,41,UH0152
2017,SCIAN 2013,541120,54,40,UH0124
2017,SCIAN 2013,522320,52,40,UH0089
2017,SCIAN 2013,721113,72,40,UH0302
2017,SCIAN 2013,812130,81,39,UH0338
2017,SCIAN 2013,611161,61,38,UH0195
2017,SCIAN 2013,813110,81,38,UH0344
2017,SCIAN 2013,468311,46,38,FL01
2017,SCIAN 2013,463217,46,38,FL01
2017,SCIAN 2013,713991,71,38,UH0296
2017,SCIAN 2013,621341,62,38,UH0227
2017,SCIAN 2013,463112,46,37,FL01
2017,SCIAN 2013,561110,56,36,UH0159
2017,SCIAN 2013,485111,48,36,FL10
2017,SCIAN 2013,621391,62,36,UH0229
2017,SCIAN 2013,466311,46,36,FL01
2017,SCIAN 2013,465312,46,36,FL01
2017,SCIAN 2013,532230,53,36,UH0114
2017,SCIAN 2013,611698,61,35,UH0218
2017,SCIAN 2013,611511,61,35,UH0210
2017,SCIAN 2013,485210,48,35,UH0048
2017,SCIAN 2013,465913,46,35,FL01
2017,SCIAN 2013,484129,48,34,UH0039
2017,SCIAN 2013,611121,61,33,UH0187
2017,SCIAN 2013,611691,61,33,UH0217
2017,SCIAN 2013,468419,46,31,FL01
2017,SCIAN 2013,532411,53,31,UH0117
2017,SCIAN 2013,561610,56,31,UH0175
2017,SCIAN 2013,541610,54,31,UH0140
2017,SCIAN 2013,522490,52,31,FL02
2017,SCIAN 2013,611132,61,30,UH0190
2017,SCIAN 2013,811115,81,29,UH0316
2017,SCIAN 2013,523122,52,29,UH0097
2017,SCIAN 2013,469110,46,29,FL01
2017,SCIAN 2013,462210,46,27,FL01
2017,SCIAN 2013,713291,71,26,UH0288
2017,SCIAN 2013,611172,61,26,UH0198
2017,SCIAN 2013,623992,62,26,UH0251
2017,SCIAN 2013,463111,46,26,FL01
2017,SCIAN 2013,541330,54,25,UH0130
2017,SCIAN 2013,812310,81,25,UH0340
2017,SCIAN 2013,811122,81,25,UH0319
2017,SCIAN 2013,611162,61,24,UH0196
2017,SCIAN 2013,611512,61,23,UH0211
2017,SCIAN 2013,622111,62,23,UH0241
2017,SCIAN 2013,561310,56,21,UH0161
2017,SCIAN 2013,532493,53,21,UH0121
2017,SCIAN 2013,611142,61,20,UH0192
2017,SCIAN 2013,464122,46,19,FL01
2017,SCIAN 2013,512130,51,19,UH0074
2017,SCIAN 2013,531319,53,19,UH0109
2017,SCIAN 2013,463218,46,19,FL01
2017,SCIAN 2013,721311,72,18,UH0305
2017,SCIAN 2013,811113,81,18,UH0314
2017,SCIAN 2013,541510,54,18,UH0139
2017,SCIAN 2013,465213,46,17,FL01
2017,SCIAN 2013,623991,62,17,UH0250
2017,SCIAN 2013,561330,56,17,UH0163
2017,SCIAN 2013,561440,56,17,UH0169
2017,SCIAN 2013,622112,62,17,UH0242
2017,SCIAN 2013,541190,54,17,UH0125
2017,SCIAN 2013,722320,72,16,UH0309
2017,SCIAN 2013,524110,52,16,UH0099
2017,SCIAN 2013,517210,51,15,UH0078
2017,SCIAN 2013,532220,53,15,UH0113
2017,SCIAN 2013,531114,53,14,UH0105
2017,SCIAN 2013,468412,46,14,FL01
2017,SCIAN 2013,522460,52,14,FL02
2017,SCIAN 2013,485510,48,14,UH0052
2017,SCIAN 2013,532299,53,14,UH0114
2017,SCIAN 2013,561990,56,13,UH0184
2017,SCIAN 2013,713941,71,13,UH0291
2017,SCIAN 2013,465216,46,13,FL01
2017,SCIAN 2013,561620,56,13,UH0176
2017,SCIAN 2013,541340,54,13,UH0131
2017,SCIAN 2013,515110,51,13,FL12
2017,SCIAN 2013,522390,52,13,UH0090
2017,SCIAN 2013,611182,61,12,UH0200
2017,SCIAN 2013,622311,62,12,UH0244
2017,SCIAN 2013,713944,71,12,UH0294
2017,SCIAN 2013,541380,54,12,UH0135
2017,SCIAN 2013,611131,61,12,UH0189
2017,SCIAN 2013,531311,53,12,UH0108
2017,SCIAN 2013,722411,72,12,UH0310
2017,SCIAN 2013,531112,53,11,UH0103
2017,SCIAN 2013,511112,51,11,FL12
2017,SCIAN 2013,711311,71,11,UH0276
2017,SCIAN 2013,712112,71,11,UH0282
2017,SCIAN 2013,621112,62,10,FL05
2017,SCIAN 2013,813130,81,10,UH0346
2017,SCIAN 2013,519122,51,10,UH0083
2017,SCIAN 2013,621311,62,10,UH0223
2017,SCIAN 2013,812910,81,10,UH0342
2017,SCIAN 2013,711312,71,10,UH0277
2017,SCIAN 2013,621115,62,10,FL04
2017,SCIAN 2013,467116,46,9,FL01
2017,SCIAN 2013,484210,48,9,UH0040
2017,SCIAN 2013,621116,62,9,FL05
2017,SCIAN 2013,524220,52,9,UH0102
2017,SCIAN 2013,621320,62,9,UH0224
2017,SCIAN 2013,466314,46,9,FL01
2017,SCIAN 2013,541690,54,9,UH0142
2017,SCIAN 2013,561920,56,9,UH0183
2017,SCIAN 2013,532492,53,9,UH0120
2017,SCIAN 2013,713992,71,8,UH0297
2017,SCIAN 2013,623311,62,8,UH0248
2017,SCIAN 2013,541712,54,8,UH0144
2017,SCIAN 2013,561421,56,8,UH0165
2017,SCIAN 2013,541620,54,8,UH0141
2017,SCIAN 2013,541850,54,8,UH0150
2017,SCIAN 2013,487110,48,8,UH0054
2017,SCIAN 2013,491110,49,8,UH0064
2017,SCIAN 2013,811311,81,8,UH0325
2017,SCIAN 2013,493119,49,7,UH0068
2017,SCIAN 2013,624112,62,7,UH0253
2017,SCIAN 2013,721190,72,7,UH0303
2017,SCIAN 2013,465214,46,7,FL01
2017,SCIAN 2013,561520,56,7,UH0173
2017,SCIAN 2013,561710,56,7,UH0177
2017,SCIAN 2013,562112,56,7,FL11
2017,SCIAN 2013,561720,56,7,UH0178
2017,SCIAN 2013,611181,61,7,UH0199
2017,SCIAN 2013,467117,46,7,FL01
2017,SCIAN 2013,488410,48,6,UH0057
2017,SCIAN 2013,611421,61,6,UH0207
2017,SCIAN 2013,541990,54,6,UH0158
2017,SCIAN 2013,541910,54,6,UH0153
2017,SCIAN 2013,541410,54,6,UH0136
2017,SCIAN 2013,531115,53,6,UH0106
2017,SCIAN 2013,522451,52,6,UH0092
2017,SCIAN 2013,611699,61,6,UH0219
2017,SCIAN 2013,611151,61,6,UH0193
2017,SCIAN 2013,541711,54,6,UH0143
2017,SCIAN 2013,624199,62,6,UH0258
2017,SCIAN 2013,711510,71,6,UH0280
2017,SCIAN 2013,515120,51,6,FL12
2017,SCIAN 2013,624312,62,6,UH0265
2017,SCIAN 2013,624212,62,6,UH0260
2017,SCIAN 2013,621332,62,5,UH0226
2017,SCIAN 2013,466313,46,5,FL01
2017,SCIAN 2013,561740,56,5,UH0180
2017,SCIAN 2013,532110,53,5,UH0110
2017,SCIAN 2013,561320,56,5,UH0162
2017,SCIAN 2013,611431,61,5,UH0209
2017,SCIAN 2013,522220,52,5,UH0087
2017,SCIAN 2013,713112,71,5,UH0285
2017,SCIAN 2013,711131,71,5,UH0271
2017,SCIAN 2013,624198,62,5,UH0257
2017,SCIAN 2013,484222,48,5,UH0042
2017,SCIAN 2013,713998,71,5,UH0298
2017,SCIAN 2013,531119,53,5,FL03
2017,SCIAN 2013,493111,49,4,UH0067
2017,SCIAN 2013,484239,48,4,UH0046
2017,SCIAN 2013,621491,62,4,UH0234
2017,SCIAN 2013,522210,52,4,UH0086
2017,SCIAN 2013,484221,48,4,UH0041
2017,SCIAN 2013,621421,62,4,UH0233
2017,SCIAN 2013,511121,51,4,FL12
2017,SCIAN 2013,488511,48,4,UH0061
2017,SCIAN 2013,611710,61,4,UH0220
2017,SCIAN 2013,522440,52,4,UH0091
2017,SCIAN 2013,512113,51,4,UH0073
2017,SCIAN 2013,611211,61,4,UH0201
2017,SCIAN 2013,811314,81,4,UH0328
2017,SCIAN 2013,532310,53,4,UH0116
2017,SCIAN 2013,811313,81,4,UH0327
2017,SCIAN 2013,812321,81,3,FL08
2017,SCIAN 2013,541943,54,3,UH0157
2017,SCIAN 2013,541942,54,3,UH0156
2017,SCIAN 2013,561910,56,3,UH0182
2017,SCIAN 2013,468413,46,3,FL01
2017,SCIAN 2013,523110,52,3,UH0095
2017,SCIAN 2013,812322,81,3,FL08
2017,SCIAN 2013,484119,48,3,UH0037
2017,SCIAN 2013,492210,49,3,UH0066
2017,SCIAN 2013,511132,51,3,FL12
2017,SCIAN 2013,488990,48,3,UH0063
2017,SCIAN 2013,711212,71,3,UH0275
2017,SCIAN 2013,624121,62,3,UH0254
2017,SCIAN 2013,624211,62,3,UH0259
2017,SCIAN 2013,624111,62,3,UH0252
2017,SCIAN 2013,713113,71,3,UH0286
2017,SCIAN 2013,713942,71,3,UH0292
2017,SCIAN 2013,484231,48,3,UH0044
2017,SCIAN 2013,484229,48,3,UH0043
2017,SCIAN 2013,481210,48,3,UH0035
2017,SCIAN 2013,519130,51,3,FL12
2017,SCIAN 2013,621342,62,3,UH0228
2017,SCIAN 2013,624311,62,3,UH0264
2017,SCIAN 2013,621910,62,3,UH0238
2017,SCIAN 2013,488491,48,3,UH0058
2017,SCIAN 2013,611612,61,3,UH0213
2017,SCIAN 2013,621212,62,3,UH0222
2017,SCIAN 2013,541722,54,2,UH0146
2017,SCIAN 2013,711111,71,2,UH0268
2017,SCIAN 2013,511131,51,2,FL12
2017,SCIAN 2013,721210,72,2,UH0304
2017,SCIAN 2013,481111,48,2,UH0034
2017,SCIAN 2013,523121,52,2,UH0096
2017,SCIAN 2013,524130,52,2,UH0100
2017,SCIAN 2013,561210,56,2,UH0160
2017,SCIAN 2013,561790,56,2,UH0181
2017,SCIAN 2013,532420,53,2,UH0119
2017,SCIAN 2013,562111,56,2,FL11
2017,SCIAN 2013,713950,71,2,UH0295
2017,SCIAN 2013,713299,71,2,UH0289
2017,SCIAN 2013,712132,71,2,UH0283
2017,SCIAN 2013,461220,46,2,FL01
2017,SCIAN 2013,611212,61,2,UH0202
2017,SCIAN 2013,512112,51,2,UH0072
2017,SCIAN 2013,624222,62,2,UH0262
2017,SCIAN 2013,512290,51,2,UH0076
2017,SCIAN 2013,518210,51,2,UH0081
2017,SCIAN 2013,611411,61,2,UH0205
2017,SCIAN 2013,522430,52,2,FL02
2017,SCIAN 2013,485990,48,2,UH0053
2017,SCIAN 2013,485320,48,2,UH0050
2017,SCIAN 2013,713111,71,2,UH0284
2017,SCIAN 2013,533110,53,1,UH0122
2017,SCIAN 2013,561422,56,1,UH0166
2017,SCIAN 2013,561590,56,1,UH0174
2017,SCIAN 2013,561730,56,1,UH0179
2017,SCIAN 2013,532210,53,1,UH0112
2017,SCIAN 2013,532121,53,1,UH0111
2017,SCIAN 2013,541870,54,1,UH0151
2017,SCIAN 2013,541840,54,1,UH0149
2017,SCIAN 2013,812120,81,1,UH0337
2017,SCIAN 2013,721312,72,1,UH0306
2017,SCIAN 2013,541350,54,1,UH0132
2017,SCIAN 2013,466113,46,1,FL01
2017,SCIAN 2013,522510,52,1,UH0094
2017,SCIAN 2013,541370,54,1,UH0134
2017,SCIAN 2013,624231,62,1,UH0263
2017,SCIAN 2013,621512,62,1,UH0236
2017,SCIAN 2013,621399,62,1,UH0231
2017,SCIAN 2013,484121,48,1,UH0038
2017,SCIAN 2013,519110,51,1,FL12
2017,SCIAN 2013,512210,51,1,UH0075
2017,SCIAN 2013,621992,62,1,UH0240
2017,SCIAN 2013,519121,51,1,UH0082
2017,SCIAN 2013,515210,51,1,FL12
2017,SCIAN 2013,622212,62,1,UH0243
2017,SCIAN 2013,623111,62,1,UH0245
2017,SCIAN 2013,488492,48,1,UH0059
2017,SCIAN 2013,487990,48,1,UH0055
2017,SCIAN 2013,521110,52,1,UH0084
2017,SCIAN 2013,611412,61,1,UH0206
2017,SCIAN 2013,623221,62,1,UH0247
2017,SCIAN 2013,611622,61,1,UH0215
2017,SCIAN 2013,611422,61,1,UH0208
2017,SCIAN 2013,522310,52,1,UH0088
2017,SCIAN 2013,621610,62,1,UH0237
2017,SCIAN 2013,713910,71,1,UH0290
2017,SCIAN 2013,624122,62,1,UH0255
2017,SCIAN 2013,488493,48,1,UH0060
2017,SCIAN 2013,482110,48,1,UH0036
2017,SCIAN 2013,511210,51,1,FL12
2017,SCIAN 2013,711112,71,1,UH0269
2017,SCIAN 2013,623312,62,1,UH0249
2017,SCIAN 2013,711410,71,1,UH0279
2017,SCIAN 2013,484232,48,1,UH0045
2017,SCIAN 2013,712111,71,1,UH0281
2017,SCIAN 2013,485410,48,1,UH0051
2017,SCIAN 2013,813140,81,1,UH0347
2018,SCIAN 2018,461110,46,3999,FL01
2018,SCIAN 2018,812110,81,1767,UH0336
2018,SCIAN 2018,463211,46,1440,FL01
2018,SCIAN 2018,722514,72,1297,FL06
2018,SCIAN 2018,621211,62,1056,UH0221
2018,SCIAN 2018,461130,46,964,FL01
2018,SCIAN 2018,722513,72,958,FL06
2018,SCIAN 2018,465311,46,904,FL01
2018,SCIAN 2018,811111,81,751,UH0312
2018,SCIAN 2018,722517,72,616,FL07
2018,SCIAN 2018,722515,72,589,FL06
2018,SCIAN 2018,621113,62,587,FL04
2018,SCIAN 2018,561432,56,567,UH0168
2018,SCIAN 2018,722518,72,512,FL07
2018,SCIAN 2018,467111,46,504,FL01
2018,SCIAN 2018,467115,46,499,FL01
2018,SCIAN 2018,464111,46,499,FL01
2018,SCIAN 2018,722511,72,494,FL06
2018,SCIAN 2018,722519,72,473,FL06
2018,SCIAN 2018,461121,46,457,FL01
2018,SCIAN 2018,621111,62,433,FL04
2018,SCIAN 2018,541110,54,422,UH0123
2018,SCIAN 2018,461160,46,415,FL01
2018,SCIAN 2018,811499,81,402,UH0335
2018,SCIAN 2018,522110,52,402,UH0085
2018,SCIAN 2018,468211,46,394,FL01
2018,SCIAN 2018,463310,46,387,FL01
2018,SCIAN 2018,813210,81,383,UH0348
2018,SCIAN 2018,466410,46,376,FL01
2018,SCIAN 2018,811121,81,355,FL09
2018,SCIAN 2018,461122,46,348,FL01
2018,SCIAN 2018,531113,53,321,UH0104
2018,SCIAN 2018,812210,81,303,UH0339
2018,SCIAN 2018,466212,46,290,FL01
2018,SCIAN 2018,465912,46,274,FL01
2018,SCIAN 2018,461190,46,255,FL01
2018,SCIAN 2018,541211,54,254,UH0126
2018,SCIAN 2018,462112,46,245,FL01
2018,SCIAN 2018,611122,61,239,UH0188
2018,SCIAN 2018,722412,72,233,UH0311
2018,SCIAN 2018,463215,46,232,FL01
2018,SCIAN 2018,713943,71,228,UH0293
2018,SCIAN 2018,466312,46,217,FL01
2018,SCIAN 2018,461212,46,216,FL01
2018,SCIAN 2018,811191,81,216,UH0320
2018,SCIAN 2018,811192,81,202,UH0321
2018,SCIAN 2018,464113,46,200,FL01
2018,SCIAN 2018,466111,46,195,FL01
2018,SCIAN 2018,561510,56,190,UH0172
2018,SCIAN 2018,812410,81,176,UH0341
2018,SCIAN 2018,811112,81,172,UH0313
2018,SCIAN 2018,624191,62,172,UH0256
2018,SCIAN 2018,621511,62,169,UH0235
2018,SCIAN 2018,611112,61,169,UH0186
2018,SCIAN 2018,467113,46,169,FL01
2018,SCIAN 2018,722512,72,166,FL06
2018,SCIAN 2018,465111,46,162,FL01
2018,SCIAN 2018,461150,46,158,FL01
2018,SCIAN 2018,713120,71,158,UH0287
2018,SCIAN 2018,467114,46,155,FL01
2018,SCIAN 2018,811119,81,149,UH0318
2018,SCIAN 2018,465915,46,148,FL01
2018,SCIAN 2018,461170,46,148,FL01
2018,SCIAN 2018,463113,46,148,FL01
2018,SCIAN 2018,464121,46,145,FL01
2018,SCIAN 2018,461140,46,143,FL01
2018,SCIAN 2018,465112,46,142,FL01
2018,SCIAN 2018,811219,81,140,UH0324
2018,SCIAN 2018,524210,52,138,UH0101
2018,SCIAN 2018,811211,81,138,UH0323
2018,SCIAN 2018,811430,81,134,UH0331
2018,SCIAN 2018,624411,62,134,UH0266
2018,SCIAN 2018,466211,46,133,FL01
2018,SCIAN 2018,465215,46,127,FL01
2018,SCIAN 2018,811491,81,122,UH0332
2018,SCIAN 2018,811410,81,116,UH0329
2018,SCIAN 2018,541941,54,110,UH0155
2018,SCIAN 2018,465212,46,110,FL01
2018,SCIAN 2018,561431,56,109,UH0167
2018,SCIAN 2018,465914,46,108,FL01
2018,SCIAN 2018,611312,61,106,UH0204
2018,SCIAN 2018,468420,46,106,FL01
2018,SCIAN 2018,611621,61,103,UH0214
2018,SCIAN 2018,463213,46,101,FL01
2018,SCIAN 2018,621331,62,100,UH0225
2018,SCIAN 2018,464112,46,100,FL01
2018,SCIAN 2018,813230,81,98,UH0349
2018,SCIAN 2018,811420,81,97,UH0330
2018,SCIAN 2018,811312,81,91,UH0326
2018,SCIAN 2018,541920,54,91,UH0154
2018,SCIAN 2018,465313,46,85,FL01
2018,SCIAN 2018,463212,46,82,FL01
2018,SCIAN 2018,461123,46,82,FL01
2018,SCIAN 2018,531210,53,82,UH0107
2018,SCIAN 2018,465911,46,81,FL01
2018,SCIAN 2018,466112,46,80,FL01
2018,SCIAN 2018,811492,81,80,UH0333
2018,SCIAN 2018,611111,61,79,UH0185
2018,SCIAN 2018,465211,46,79,FL01
2018,SCIAN 2018,621398,62,77,UH0230
2018,SCIAN 2018,811199,81,76,UH0322
2018,SCIAN 2018,466319,46,76,FL01
2018,SCIAN 2018,465919,46,75,FL01
2018,SCIAN 2018,467112,46,75,FL01
2018,SCIAN 2018,468213,46,75,FL01
2018,SCIAN 2018,463216,46,74,FL01
2018,SCIAN 2018,468411,46,73,FL01
2018,SCIAN 2018,532282,53,71,UH0115
2018,SCIAN 2018,611171,61,69,UH0197
2018,SCIAN 2018,522452,52,65,UH0093
2018,SCIAN 2018,813120,81,65,UH0345
2018,SCIAN 2018,463214,46,63,FL01
2018,SCIAN 2018,721111,72,63,UH0300
2018,SCIAN 2018,466114,46,62,FL01
2018,SCIAN 2018,468212,46,62,FL01
2018,SCIAN 2018,722516,72,60,UH0307
2018,SCIAN 2018,461213,46,58,FL01
2018,SCIAN 2018,811116,81,56,UH0317
2018,SCIAN 2018,811493,81,56,UH0334
2018,SCIAN 2018,611611,61,53,UH0212
2018,SCIAN 2018,468112,46,51,FL01
2018,SCIAN 2018,721112,72,50,UH0301
2018,SCIAN 2018,462111,46,50,FL01
2018,SCIAN 2018,532289,53,49,UH0114
2018,SCIAN 2018,611311,61,48,UH0203
2018,SCIAN 2018,461211,46,48,FL01
2018,SCIAN 2018,541310,54,48,UH0128
2018,SCIAN 2018,811114,81,45,UH0315
2018,SCIAN 2018,517910,51,45,UH0080
2018,SCIAN 2018,468111,46,44,FL01
2018,SCIAN 2018,811129,81,44,FL09
2018,SCIAN 2018,517311,51,43,UH0077
2018,SCIAN 2018,541810,54,43,UH0147
2018,SCIAN 2018,624412,62,43,UH0267
2018,SCIAN 2018,541430,54,42,UH0137
2018,SCIAN 2018,611631,61,42,UH0216
2018,SCIAN 2018,541890,54,42,UH0152
2018,SCIAN 2018,492110,49,41,UH0065
2018,SCIAN 2018,812990,81,41,UH0343
2018,SCIAN 2018,721113,72,40,UH0302
2018,SCIAN 2018,522320,52,40,UH0089
2018,SCIAN 2018,541120,54,40,UH0124
2018,SCIAN 2018,812130,81,39,UH0338
2018,SCIAN 2018,468311,46,38,FL01
2018,SCIAN 2018,463217,46,38,FL01
2018,SCIAN 2018,813110,81,38,UH0344
2018,SCIAN 2018,713991,71,38,UH0296
2018,SCIAN 2018,621341,62,38,UH0227
2018,SCIAN 2018,611161,61,38,UH0195
2018,SCIAN 2018,465312,46,37,FL01
2018,SCIAN 2018,463112,46,37,FL01
2018,SCIAN 2018,621391,62,36,UH0229
2018,SCIAN 2018,561110,56,36,UH0159
2018,SCIAN 2018,485111,48,36,FL10
2018,SCIAN 2018,466311,46,36,FL01
2018,SCIAN 2018,611698,61,35,UH0218
2018,SCIAN 2018,485210,48,35,UH0048
2018,SCIAN 2018,611511,61,35,UH0210
2018,SCIAN 2018,465913,46,35,FL01
2018,SCIAN 2018,484129,48,34,UH0039
2018,SCIAN 2018,611121,61,33,UH0187
2018,SCIAN 2018,611691,61,33,UH0217
2018,SCIAN 2018,561610,56,32,UH0175
2018,SCIAN 2018,532411,53,32,UH0117
2018,SCIAN 2018,522490,52,31,FL02
2018,SCIAN 2018,541610,54,31,UH0140
2018,SCIAN 2018,468419,46,31,FL01
2018,SCIAN 2018,611132,61,30,UH0190
2018,SCIAN 2018,523122,52,29,UH0097
2018,SCIAN 2018,811115,81,29,UH0316
2018,SCIAN 2018,463111,46,29,FL01
2018,SCIAN 2018,469110,46,29,FL01
2018,SCIAN 2018,462210,46,28,FL01
2018,SCIAN 2018,713291,71,26,UH0288
2018,SCIAN 2018,623992,62,26,UH0251
2018,SCIAN 2018,611172,61,26,UH0198
2018,SCIAN 2018,811122,81,25,UH0319
2018,SCIAN 2018,541330,54,25,UH0130
2018,SCIAN 2018,812310,81,25,UH0340
2018,SCIAN 2018,611162,61,24,UH0196
2018,SCIAN 2018,611512,61,23,UH0211
2018,SCIAN 2018,622111,62,23,UH0241
2018,SCIAN 2018,561310,56,21,UH0161
2018,SCIAN 2018,532493,53,21,UH0121
2018,SCIAN 2018,611142,61,20,UH0192
2018,SCIAN 2018,531319,53,19,UH0109
2018,SCIAN 2018,512130,51,19,UH0074
2018,SCIAN 2018,463218,46,19,FL01
2018,SCIAN 2018,464122,46,19,FL01
2018,SCIAN 2018,811113,81,18,UH0314
2018,SCIAN 2018,541510,54,18,UH0139
2018,SCIAN 2018,721311,72,18,UH0305
2018,SCIAN 2018,465213,46,17,FL01
2018,SCIAN 2018,541190,54,17,UH0125
2018,SCIAN 2018,622112,62,17,UH0242
2018,SCIAN 2018,561440,56,17,UH0169
2018,SCIAN 2018,623991,62,17,UH0250
2018,SCIAN 2018,722320,72,16,UH0309
2018,SCIAN 2018,561330,56,16,UH0163
2018,SCIAN 2018,522460,52,16,FL02
2018,SCIAN 2018,524110,52,16,UH0099
2018,SCIAN 2018,517312,51,15,UH0078
2018,SCIAN 2018,532281,53,15,UH0113
2018,SCIAN 2018,465216,46,14,FL01
2018,SCIAN 2018,485510,48,14,UH0052
2018,SCIAN 2018,468412,46,14,FL01
2018,SCIAN 2018,531114,53,14,UH0105
2018,SCIAN 2018,541340,54,13,UH0131
2018,SCIAN 2018,713941,71,13,UH0291
2018,SCIAN 2018,561620,56,13,UH0176
2018,SCIAN 2018,522390,52,13,UH0090
2018,SCIAN 2018,515110,51,13,FL12
2018,SCIAN 2018,611182,61,12,UH0200
2018,SCIAN 2018,531311,53,12,UH0108
2018,SCIAN 2018,541380,54,12,UH0135
2018,SCIAN 2018,611131,61,12,UH0189
2018,SCIAN 2018,622311,62,12,UH0244
2018,SCIAN 2018,561990,56,12,UH0184
2018,SCIAN 2018,722411,72,12,UH0310
2018,SCIAN 2018,713944,71,12,UH0294
2018,SCIAN 2018,711311,71,11,UH0276
2018,SCIAN 2018,531112,53,11,UH0103
2018,SCIAN 2018,511112,51,11,FL12
2018,SCIAN 2018,712112,71,11,UH0282
2018,SCIAN 2018,711312,71,10,UH0277
2018,SCIAN 2018,621311,62,10,UH0223
2018,SCIAN 2018,621112,62,10,FL05
2018,SCIAN 2018,519122,51,10,UH0083
2018,SCIAN 2018,621115,62,10,FL04
2018,SCIAN 2018,812910,81,10,UH0342
2018,SCIAN 2018,813130,81,10,UH0346
2018,SCIAN 2018,524220,52,9,UH0102
2018,SCIAN 2018,532492,53,9,UH0120
2018,SCIAN 2018,541690,54,9,UH0142
2018,SCIAN 2018,561920,56,9,UH0183
2018,SCIAN 2018,466314,46,9,FL01
2018,SCIAN 2018,621320,62,9,UH0224
2018,SCIAN 2018,467116,46,9,FL01
2018,SCIAN 2018,484210,48,9,UH0040
2018,SCIAN 2018,621116,62,9,FL05
2018,SCIAN 2018,623311,62,8,UH0248
2018,SCIAN 2018,541850,54,8,UH0150
2018,SCIAN 2018,541712,54,8,UH0144
2018,SCIAN 2018,811311,81,8,UH0325
2018,SCIAN 2018,541620,54,8,UH0141
2018,SCIAN 2018,487110,48,8,UH0054
2018,SCIAN 2018,491110,49,8,UH0064
2018,SCIAN 2018,713992,71,8,UH0297
2018,SCIAN 2018,561421,56,8,UH0165
2018,SCIAN 2018,467117,46,7,FL01
2018,SCIAN 2018,493119,49,7,UH0068
2018,SCIAN 2018,561710,56,7,UH0177
2018,SCIAN 2018,561520,56,7,UH0173
2018,SCIAN 2018,465214,46,7,FL01
2018,SCIAN 2018,624112,62,7,UH0253
2018,SCIAN 2018,721190,72,7,UH0303
2018,SCIAN 2018,561720,56,7,UH0178
2018,SCIAN 2018,562112,56,7,UH0350
2018,SCIAN 2018,611181,61,7,UH0199
2018,SCIAN 2018,624312,62,6,UH0265
2018,SCIAN 2018,541990,54,6,UH0158
2018,SCIAN 2018,522451,52,6,UH0092
2018,SCIAN 2018,541910,54,6,UH0153
2018,SCIAN 2018,541410,54,6,UH0136
2018,SCIAN 2018,541711,54,6,UH0143
2018,SCIAN 2018,488410,48,6,UH0057
2018,SCIAN 2018,531115,53,6,UH0106
2018,SCIAN 2018,611421,61,6,UH0207
2018,SCIAN 2018,611699,61,6,UH0219
2018,SCIAN 2018,611151,61,6,UH0193
2018,SCIAN 2018,515120,51,6,FL12
2018,SCIAN 2018,711510,71,6,UH0280
2018,SCIAN 2018,624199,62,6,UH0258
2018,SCIAN 2018,624212,62,6,UH0260
2018,SCIAN 2018,711131,71,5,UH0271
2018,SCIAN 2018,466313,46,5,FL01
2018,SCIAN 2018,532110,53,5,UH0110
2018,SCIAN 2018,531119,53,5,FL03
2018,SCIAN 2018,561320,56,5,UH0162
2018,SCIAN 2018,522220,52,5,UH0087
2018,SCIAN 2018,611431,61,5,UH0209
2018,SCIAN 2018,713112,71,5,UH0285
2018,SCIAN 2018,624198,62,5,UH0257
2018,SCIAN 2018,713998,71,5,UH0298
2018,SCIAN 2018,621332,62,5,UH0226
2018,SCIAN 2018,484222,48,5,UH0042
2018,SCIAN 2018,561740,56,5,UH0180
2018,SCIAN 2018,621421,62,4,UH0233
2018,SCIAN 2018,621491,62,4,UH0234
2018,SCIAN 2018,611710,61,4,UH0220
2018,SCIAN 2018,511121,51,4,FL12
2018,SCIAN 2018,484221,48,4,UH0041
2018,SCIAN 2018,611211,61,4,UH0201
2018,SCIAN 2018,512113,51,4,UH0073
2018,SCIAN 2018,493111,49,4,UH0067
2018,SCIAN 2018,488511,48,4,UH0061
2018,SCIAN 2018,484239,48,4,UH0046
2018,SCIAN 2018,522440,52,4,UH0091
2018,SCIAN 2018,522210,52,4,UH0086
2018,SCIAN 2018,532310,53,4,UH0116
2018,SCIAN 2018,811314,81,4,UH0328
2018,SCIAN 2018,811313,81,4,UH0327
2018,SCIAN 2018,812321,81,3,FL08
2018,SCIAN 2018,812322,81,3,FL08
2018,SCIAN 2018,511132,51,3,FL12
2018,SCIAN 2018,561910,56,3,UH0182
2018,SCIAN 2018,492210,49,3,UH0066
2018,SCIAN 2018,488491,48,3,UH0058
2018,SCIAN 2018,488990,48,3,UH0063
2018,SCIAN 2018,523110,52,3,UH0095
2018,SCIAN 2018,519130,51,3,FL12
2018,SCIAN 2018,541943,54,3,UH0157
2018,SCIAN 2018,541942,54,3,UH0156
2018,SCIAN 2018,481210,48,3,UH0035
2018,SCIAN 2018,611612,61,3,UH0213
2018,SCIAN 2018,711212,71,3,UH0275
2018,SCIAN 2018,713113,71,3,UH0286
2018,SCIAN 2018,621910,62,3,UH0238
2018,SCIAN 2018,713942,71,3,UH0292
2018,SCIAN 2018,621212,62,3,UH0222
2018,SCIAN 2018,621342,62,3,UH0228
2018,SCIAN 2018,468413,46,3,FL01
2018,SCIAN 2018,624311,62,3,UH0264
2018,SCIAN 2018,624211,62,3,UH0259
2018,SCIAN 2018,624121,62,3,UH0254
2018,SCIAN 2018,624111,62,3,UH0252
2018,SCIAN 2018,484119,48,3,UH0037
2018,SCIAN 2018,484229,48,3,UH0043
2018,SCIAN 2018,484231,48,3,UH0044
2018,SCIAN 2018,518210,51,2,UH0081
2018,SCIAN 2018,512112,51,2,UH0072
2018,SCIAN 2018,512290,51,2,UH0076
2018,SCIAN 2018,713111,71,2,UH0284
2018,SCIAN 2018,485320,48,2,UH0050
2018,SCIAN 2018,511131,51,2,FL12
2018,SCIAN 2018,561790,56,2,UH0181
2018,SCIAN 2018,485990,48,2,UH0053
2018,SCIAN 2018,562111,56,2,FL11
2018,SCIAN 2018,561210,56,2,UH0160
2018,SCIAN 2018,523121,52,2,UH0096
2018,SCIAN 2018,524130,52,2,UH0100
2018,SCIAN 2018,541722,54,2,UH0146
2018,SCIAN 2018,611411,61,2,UH0205
2018,SCIAN 2018,532420,53,2,UH0119
2018,SCIAN 2018,611212,61,2,UH0202
2018,SCIAN 2018,721210,72,2,UH0304
2018,SCIAN 2018,461220,46,2,FL01
2018,SCIAN 2018,712132,71,2,UH0283
2018,SCIAN 2018,713299,71,2,UH0289
2018,SCIAN 2018,711111,71,2,UH0268
2018,SCIAN 2018,624222,62,2,UH0262
2018,SCIAN 2018,481111,48,2,UH0034
2018,SCIAN 2018,713950,71,2,UH0295
2018,SCIAN 2018,488493,48,1,UH0060
2018,SCIAN 2018,488492,48,1,UH0059
2018,SCIAN 2018,487990,48,1,UH0055
2018,SCIAN 2018,519110,51,1,FL12
2018,SCIAN 2018,519121,51,1,UH0082
2018,SCIAN 2018,561590,56,1,UH0174
2018,SCIAN 2018,561422,56,1,UH0166
2018,SCIAN 2018,561730,56,1,UH0179
2018,SCIAN 2018,511210,51,1,FL12
2018,SCIAN 2018,512250,51,1,UH0075
2018,SCIAN 2018,515210,51,1,FL12
2018,SCIAN 2018,541840,54,1,UH0149
2018,SCIAN 2018,522510,52,1,UH0094
2018,SCIAN 2018,812120,81,1,UH0337
2018,SCIAN 2018,813140,81,1,UH0347
2018,SCIAN 2018,541870,54,1,UH0151
2018,SCIAN 2018,533110,53,1,UH0122
2018,SCIAN 2018,532121,53,1,UH0111
2018,SCIAN 2018,532210,53,1,UH0112
2018,SCIAN 2018,541370,54,1,UH0134
2018,SCIAN 2018,541350,54,1,UH0132
2018,SCIAN 2018,522310,52,1,UH0088
2018,SCIAN 2018,521110,52,1,UH0084
2018,SCIAN 2018,485410,48,1,UH0051
2018,SCIAN 2018,624231,62,1,UH0263
2018,SCIAN 2018,466113,46,1,FL01
2018,SCIAN 2018,624122,62,1,UH0255
2018,SCIAN 2018,621992,62,1,UH0240
2018,SCIAN 2018,623111,62,1,UH0245
2018,SCIAN 2018,622212,62,1,UH0243
2018,SCIAN 2018,623312,62,1,UH0249
2018,SCIAN 2018,623221,62,1,UH0247
2018,SCIAN 2018,484232,48,1,UH0045
2018,SCIAN 2018,484121,48,1,UH0038
2018,SCIAN 2018,611412,61,1,UH0206
2018,SCIAN 2018,611622,61,1,UH0215
2018,SCIAN 2018,611422,61,1,UH0208
2018,SCIAN 2018,621399,62,1,UH0231
2018,SCIAN 2018,621512,62,1,UH0236
2018,SCIAN 2018,621610,62,1,UH0237
2018,SCIAN 2018,482110,48,1,UH0036
2018,SCIAN 2018,711112,71,1,UH0269
2018,SCIAN 2018,711410,71,1,UH0279
2018,SCIAN 2018,713910,71,1,UH0290
2018,SCIAN 2018,712111,71,1,UH0281
2018,SCIAN 2018,721312,72,1,UH0306
2019,SCIAN 2018,461110,46,3880,FL01
2019,SCIAN 2018,812110,81,2328,UH0336
2019,SCIAN 2018,463211,46,1512,FL01
2019,SCIAN 2018,722514,72,1409,FL06
2019,SCIAN 2018,621211,62,1159,UH0221
2019,SCIAN 2018,722513,72,1064,FL06
2019,SCIAN 2018,465311,46,946,FL01
2019,SCIAN 2018,461130,46,838,FL01
2019,SCIAN 2018,811111,81,789,UH0312
2019,SCIAN 2018,722515,72,752,FL06
2019,SCIAN 2018,722518,72,713,FL07
2019,SCIAN 2018,722517,72,616,FL07
2019,SCIAN 2018,621113,62,566,FL04
2019,SCIAN 2018,467111,46,549,FL01
2019,SCIAN 2018,467115,46,534,FL01
2019,SCIAN 2018,464111,46,526,FL01
2019,SCIAN 2018,722511,72,477,FL06
2019,SCIAN 2018,461121,46,476,FL01
2019,SCIAN 2018,722519,72,468,FL06
2019,SCIAN 2018,813210,81,439,UH0348
2019,SCIAN 2018,522110,52,439,UH0085
2019,SCIAN 2018,461122,46,427,FL01
2019,SCIAN 2018,621111,62,401,FL04
2019,SCIAN 2018,461160,46,395,FL01
2019,SCIAN 2018,468211,46,392,FL01
2019,SCIAN 2018,466410,46,381,FL01
2019,SCIAN 2018,811121,81,374,FL09
2019,SCIAN 2018,463310,46,374,FL01
2019,SCIAN 2018,531113,53,374,UH0104
2019,SCIAN 2018,812210,81,363,UH0339
2019,SCIAN 2018,541110,54,362,UH0123
2019,SCIAN 2018,466212,46,327,FL01
2019,SCIAN 2018,811499,81,315,UH0335
2019,SCIAN 2018,465111,46,302,FL01
2019,SCIAN 2018,561432,56,291,UH0168
2019,SCIAN 2018,561510,56,286,UH0172
2019,SCIAN 2018,713943,71,280,UH0293
2019,SCIAN 2018,466312,46,265,FL01
2019,SCIAN 2018,611122,61,258,UH0188
2019,SCIAN 2018,722412,72,256,UH0311
2019,SCIAN 2018,465912,46,251,FL01
2019,SCIAN 2018,541211,54,241,UH0126
2019,SCIAN 2018,461190,46,241,FL01
2019,SCIAN 2018,462112,46,226,FL01
2019,SCIAN 2018,811219,81,222,UH0324
2019,SCIAN 2018,811192,81,216,UH0321
2019,SCIAN 2018,811191,81,214,UH0320
2019,SCIAN 2018,722516,72,210,UH0307
2019,SCIAN 2018,465215,46,206,FL01
2019,SCIAN 2018,463215,46,200,FL01
2019,SCIAN 2018,464113,46,199,FL01
2019,SCIAN 2018,811112,81,193,UH0313
2019,SCIAN 2018,621511,62,190,UH0235
2019,SCIAN 2018,461170,46,185,FL01
2019,SCIAN 2018,812410,81,185,UH0341
2019,SCIAN 2018,461150,46,183,FL01
2019,SCIAN 2018,467113,46,179,FL01
2019,SCIAN 2018,611112,61,178,UH0186
2019,SCIAN 2018,722512,72,170,FL06
2019,SCIAN 2018,466111,46,169,FL01
2019,SCIAN 2018,467114,46,168,FL01
2019,SCIAN 2018,541941,54,162,UH0155
2019,SCIAN 2018,464121,46,159,FL01
2019,SCIAN 2018,461212,46,156,FL01
2019,SCIAN 2018,465915,46,155,FL01
2019,SCIAN 2018,624191,62,153,UH0256
2019,SCIAN 2018,465112,46,147,FL01
2019,SCIAN 2018,461140,46,144,FL01
2019,SCIAN 2018,713120,71,142,UH0287
2019,SCIAN 2018,811491,81,135,UH0332
2019,SCIAN 2018,463213,46,134,FL01
2019,SCIAN 2018,621331,62,129,UH0225
2019,SCIAN 2018,811119,81,123,UH0318
2019,SCIAN 2018,624411,62,122,UH0266
2019,SCIAN 2018,813230,81,114,UH0349
2019,SCIAN 2018,463113,46,113,FL01
2019,SCIAN 2018,811211,81,110,UH0323
2019,SCIAN 2018,561431,56,109,UH0167
2019,SCIAN 2018,811410,81,109,UH0329
2019,SCIAN 2018,811430,81,108,UH0331
2019,SCIAN 2018,463216,46,107,FL01
2019,SCIAN 2018,465914,46,107,FL01
2019,SCIAN 2018,621398,62,107,UH0230
2019,SCIAN 2018,464112,46,105,FL01
2019,SCIAN 2018,465212,46,102,FL01
2019,SCIAN 2018,811420,81,102,UH0330
2019,SCIAN 2018,463214,46,101,FL01
2019,SCIAN 2018,811492,81,99,UH0333
2019,SCIAN 2018,611621,61,99,UH0214
2019,SCIAN 2018,811312,81,92,UH0326
2019,SCIAN 2018,541920,54,91,UH0154
2019,SCIAN 2018,466211,46,86,FL01
2019,SCIAN 2018,611171,61,86,UH0197
2019,SCIAN 2018,468420,46,84,FL01
2019,SCIAN 2018,461123,46,84,FL01
2019,SCIAN 2018,468411,46,82,FL01
2019,SCIAN 2018,611111,61,79,UH0185
2019,SCIAN 2018,465911,46,79,FL01
2019,SCIAN 2018,466112,46,78,FL01
2019,SCIAN 2018,522452,52,77,UH0093
2019,SCIAN 2018,465313,46,74,FL01
2019,SCIAN 2018,466114,46,71,FL01
2019,SCIAN 2018,468112,46,71,FL01
2019,SCIAN 2018,811199,81,70,UH0322
2019,SCIAN 2018,721111,72,70,UH0300
2019,SCIAN 2018,532282,53,70,UH0115
2019,SCIAN 2018,621391,62,69,UH0229
2019,SCIAN 2018,466319,46,66,FL01
2019,SCIAN 2018,467112,46,63,FL01
2019,SCIAN 2018,463212,46,63,FL01
2019,SCIAN 2018,813120,81,61,UH0345
2019,SCIAN 2018,531210,53,61,UH0107
2019,SCIAN 2018,461213,46,60,FL01
2019,SCIAN 2018,812990,81,59,UH0343
2019,SCIAN 2018,468213,46,59,FL01
2019,SCIAN 2018,811493,81,59,UH0334
2019,SCIAN 2018,611611,61,59,UH0212
2019,SCIAN 2018,541810,54,59,UH0147
2019,SCIAN 2018,611311,61,57,UH0203
2019,SCIAN 2018,468212,46,55,FL01
2019,SCIAN 2018,621320,62,54,UH0224
2019,SCIAN 2018,611312,61,53,UH0204
2019,SCIAN 2018,721112,72,53,UH0301
2019,SCIAN 2018,811129,81,52,FL09
2019,SCIAN 2018,541430,54,52,UH0137
2019,SCIAN 2018,621341,62,51,UH0227
2019,SCIAN 2018,465919,46,51,FL01
2019,SCIAN 2018,465211,46,50,FL01
2019,SCIAN 2018,461211,46,50,FL01
2019,SCIAN 2018,541120,54,49,UH0124
2019,SCIAN 2018,524210,52,46,UH0101
2019,SCIAN 2018,811116,81,46,UH0317
2019,SCIAN 2018,811114,81,46,UH0315
2019,SCIAN 2018,541610,54,45,UH0140
2019,SCIAN 2018,812130,81,44,UH0338
2019,SCIAN 2018,462111,46,44,FL01
2019,SCIAN 2018,811115,81,43,UH0316
2019,SCIAN 2018,522460,52,42,FL02
2019,SCIAN 2018,485111,48,41,FL10
2019,SCIAN 2018,466311,46,41,FL01
2019,SCIAN 2018,468111,46,41,FL01
2019,SCIAN 2018,517311,51,41,UH0077
2019,SCIAN 2018,611161,61,40,UH0195
2019,SCIAN 2018,611691,61,40,UH0217
2019,SCIAN 2018,611121,61,39,UH0187
2019,SCIAN 2018,532411,53,39,UH0117
2019,SCIAN 2018,468311,46,39,FL01
2019,SCIAN 2018,611172,61,38,UH0198
2019,SCIAN 2018,541310,54,38,UH0128
2019,SCIAN 2018,492110,49,38,UH0065
2019,SCIAN 2018,522320,52,38,UH0089
2019,SCIAN 2018,813110,81,38,UH0344
2019,SCIAN 2018,713991,71,36,UH0296
2019,SCIAN 2018,465312,46,36,FL01
2019,SCIAN 2018,611511,61,35,UH0210
2019,SCIAN 2018,611132,61,35,UH0190
2019,SCIAN 2018,463112,46,35,FL01
2019,SCIAN 2018,611631,61,34,UH0216
2019,SCIAN 2018,465913,46,34,FL01
2019,SCIAN 2018,541890,54,31,UH0152
2019,SCIAN 2018,485112,48,31,UH0047
2019,SCIAN 2018,463111,46,30,FL01
2019,SCIAN 2018,721113,72,30,UH0302
2019,SCIAN 2018,463217,46,29,FL01
2019,SCIAN 2018,523122,52,29,UH0097
2019,SCIAN 2018,623992,62,28,UH0251
2019,SCIAN 2018,624412,62,28,UH0267
2019,SCIAN 2018,561610,56,28,UH0175
2019,SCIAN 2018,611698,61,27,UH0218
2019,SCIAN 2018,812310,81,27,UH0340
2019,SCIAN 2018,611162,61,27,UH0196
2019,SCIAN 2018,485210,48,26,UH0048
2019,SCIAN 2018,465216,46,24,FL01
2019,SCIAN 2018,811113,81,24,UH0314
2019,SCIAN 2018,622111,62,24,UH0241
2019,SCIAN 2018,531319,53,24,UH0109
2019,SCIAN 2018,541510,54,24,UH0139
2019,SCIAN 2018,484129,48,24,UH0039
2019,SCIAN 2018,465213,46,24,FL01
2019,SCIAN 2018,621115,62,23,FL04
2019,SCIAN 2018,611142,61,23,UH0192
2019,SCIAN 2018,463218,46,23,FL01
2019,SCIAN 2018,541190,54,23,UH0125
2019,SCIAN 2018,462210,46,22,FL01
2019,SCIAN 2018,468419,46,22,FL01
2019,SCIAN 2018,621311,62,22,UH0223
2019,SCIAN 2018,517910,51,22,UH0080
2019,SCIAN 2018,464122,46,21,FL01
2019,SCIAN 2018,541330,54,21,UH0130
2019,SCIAN 2018,611512,61,21,UH0211
2019,SCIAN 2018,811122,81,21,UH0319
2019,SCIAN 2018,532281,53,20,UH0113
2019,SCIAN 2018,468412,46,20,FL01
2019,SCIAN 2018,561330,56,19,UH0163
2019,SCIAN 2018,713291,71,19,UH0288
2019,SCIAN 2018,531311,53,19,UH0108
2019,SCIAN 2018,811314,81,18,UH0328
2019,SCIAN 2018,485311,48,18,UH0049
2019,SCIAN 2018,532310,53,18,UH0116
2019,SCIAN 2018,713944,71,17,UH0294
2019,SCIAN 2018,713998,71,17,UH0298
2019,SCIAN 2018,721311,72,17,UH0305
2019,SCIAN 2018,722320,72,16,UH0309
2019,SCIAN 2018,722411,72,16,UH0310
2019,SCIAN 2018,561620,56,16,UH0176
2019,SCIAN 2018,621116,62,16,FL05
2019,SCIAN 2018,541340,54,16,UH0131
2019,SCIAN 2018,713941,71,15,UH0291
2019,SCIAN 2018,711312,71,15,UH0277
2019,SCIAN 2018,711311,71,15,UH0276
2019,SCIAN 2018,621421,62,15,UH0233
2019,SCIAN 2018,531114,53,15,UH0105
2019,SCIAN 2018,561110,56,15,UH0159
2019,SCIAN 2018,541690,54,15,UH0142
2019,SCIAN 2018,522390,52,15,UH0090
2019,SCIAN 2018,469110,46,15,FL01
2019,SCIAN 2018,519122,51,14,UH0083
2019,SCIAN 2018,623991,62,14,UH0250
2019,SCIAN 2018,611131,61,13,UH0189
2019,SCIAN 2018,532493,53,13,UH0121
2019,SCIAN 2018,622112,62,13,UH0242
2019,SCIAN 2018,621112,62,13,FL05
2019,SCIAN 2018,712112,71,13,UH0282
2019,SCIAN 2018,461220,46,12,FL01
2019,SCIAN 2018,467117,46,12,FL01
2019,SCIAN 2018,611182,61,11,UH0200
2019,SCIAN 2018,522490,52,11,FL02
2019,SCIAN 2018,624212,62,11,UH0260
2019,SCIAN 2018,485510,48,11,UH0052
2019,SCIAN 2018,623221,62,11,UH0247
2019,SCIAN 2018,624199,62,10,UH0258
2019,SCIAN 2018,813130,81,10,UH0346
2019,SCIAN 2018,532492,53,10,UH0120
2019,SCIAN 2018,517312,51,10,UH0078
2019,SCIAN 2018,623311,62,10,UH0248
2019,SCIAN 2018,524110,52,10,UH0099
2019,SCIAN 2018,622311,62,9,UH0244
2019,SCIAN 2018,541380,54,9,UH0135
2019,SCIAN 2018,532110,53,9,UH0110
2019,SCIAN 2018,713992,71,9,UH0297
2019,SCIAN 2018,624111,62,9,UH0252
2019,SCIAN 2018,512130,51,9,UH0074
2019,SCIAN 2018,811313,81,8,UH0327
2019,SCIAN 2018,811311,81,8,UH0325
2019,SCIAN 2018,515110,51,8,FL12
2019,SCIAN 2018,484210,48,8,UH0040
2019,SCIAN 2018,466314,46,8,FL01
2019,SCIAN 2018,467116,46,8,FL01
2019,SCIAN 2018,711510,71,8,UH0280
2019,SCIAN 2018,532289,53,8,UH0114
2019,SCIAN 2018,561920,56,8,UH0183
2019,SCIAN 2018,722310,72,7,UH0308
2019,SCIAN 2018,531115,53,7,UH0106
2019,SCIAN 2018,541620,54,7,UH0141
2019,SCIAN 2018,561440,56,7,UH0169
2019,SCIAN 2018,561720,56,7,UH0178
2019,SCIAN 2018,611181,61,7,UH0199
2019,SCIAN 2018,491110,49,7,UH0064
2019,SCIAN 2018,561310,56,7,UH0161
2019,SCIAN 2018,541850,54,7,UH0150
2019,SCIAN 2018,493111,49,7,UH0067
2019,SCIAN 2018,488519,48,6,UH0062
2019,SCIAN 2018,488410,48,6,UH0057
2019,SCIAN 2018,531112,53,6,UH0103
2019,SCIAN 2018,621910,62,6,UH0238
2019,SCIAN 2018,713111,71,6,UH0284
2019,SCIAN 2018,722330,72,6,UH0387
2019,SCIAN 2018,611151,61,6,UH0193
2019,SCIAN 2018,515120,51,6,FL12
2019,SCIAN 2018,511112,51,6,FL12
2019,SCIAN 2018,611421,61,6,UH0207
2019,SCIAN 2018,621491,62,6,UH0234
2019,SCIAN 2018,713112,71,6,UH0285
2019,SCIAN 2018,484221,48,5,UH0041
2019,SCIAN 2018,487110,48,5,UH0054
2019,SCIAN 2018,484239,48,5,UH0046
2019,SCIAN 2018,624112,62,5,UH0253
2019,SCIAN 2018,611211,61,5,UH0201
2019,SCIAN 2018,465214,46,5,FL01
2019,SCIAN 2018,561710,56,5,UH0177
2019,SCIAN 2018,561520,56,5,UH0173
2019,SCIAN 2018,522220,52,5,UH0087
2019,SCIAN 2018,621342,62,5,UH0228
2019,SCIAN 2018,541410,54,5,UH0136
2019,SCIAN 2018,812322,81,5,FL08
2019,SCIAN 2018,812910,81,5,UH0342
2019,SCIAN 2018,484222,48,4,UH0042
2019,SCIAN 2018,611431,61,4,UH0209
2019,SCIAN 2018,466313,46,4,FL01
2019,SCIAN 2018,624312,62,4,UH0265
2019,SCIAN 2018,624198,62,4,UH0257
2019,SCIAN 2018,711121,71,4,UH0270
2019,SCIAN 2018,711131,71,4,UH0271
2019,SCIAN 2018,621332,62,4,UH0226
2019,SCIAN 2018,541711,54,4,UH0143
2019,SCIAN 2018,541350,54,4,UH0132
2019,SCIAN 2018,541219,54,4,UH0127
2019,SCIAN 2018,561990,56,4,UH0184
2019,SCIAN 2018,519110,51,4,FL12
2019,SCIAN 2018,621411,62,4,UH0232
2019,SCIAN 2018,623111,62,4,UH0245
2019,SCIAN 2018,524220,52,4,UH0102
2019,SCIAN 2018,561320,56,4,UH0162
2019,SCIAN 2018,541910,54,3,UH0153
2019,SCIAN 2018,611612,61,3,UH0213
2019,SCIAN 2018,541990,54,3,UH0158
2019,SCIAN 2018,721312,72,3,UH0306
2019,SCIAN 2018,611411,61,3,UH0205
2019,SCIAN 2018,624121,62,3,UH0254
2019,SCIAN 2018,713113,71,3,UH0286
2019,SCIAN 2018,712132,71,3,UH0283
2019,SCIAN 2018,488990,48,3,UH0063
2019,SCIAN 2018,468413,46,3,FL01
2019,SCIAN 2018,812120,81,3,UH0337
2019,SCIAN 2018,481210,48,3,UH0035
2019,SCIAN 2018,711212,71,3,UH0275
2019,SCIAN 2018,484229,48,3,UH0043
2019,SCIAN 2018,713950,71,3,UH0295
2019,SCIAN 2018,623211,62,3,UH0385
2019,SCIAN 2018,561421,56,3,UH0165
2019,SCIAN 2018,611710,61,3,UH0220
2019,SCIAN 2018,562911,56,2,FL11
2019,SCIAN 2018,562998,56,2,FL11
2019,SCIAN 2018,511121,51,2,FL12
2019,SCIAN 2018,493119,49,2,UH0068
2019,SCIAN 2018,512112,51,2,UH0072
2019,SCIAN 2018,511210,51,2,FL12
2019,SCIAN 2018,511132,51,2,FL12
2019,SCIAN 2018,511131,51,2,FL12
2019,SCIAN 2018,512113,51,2,UH0073
2019,SCIAN 2018,712111,71,2,UH0281
2019,SCIAN 2018,711111,71,2,UH0268
2019,SCIAN 2018,712131,71,2,UH0386
2019,SCIAN 2018,624122,62,2,UH0255
2019,SCIAN 2018,713942,71,2,UH0292
2019,SCIAN 2018,713299,71,2,UH0289
2019,SCIAN 2018,484119,48,2,UH0037
2019,SCIAN 2018,485990,48,2,UH0053
2019,SCIAN 2018,485320,48,2,UH0050
2019,SCIAN 2018,466113,46,2,FL01
2019,SCIAN 2018,522210,52,2,UH0086
2019,SCIAN 2018,531111,53,2,UH0372
2019,SCIAN 2018,523121,52,2,UH0096
2019,SCIAN 2018,622211,62,2,UH0383
2019,SCIAN 2018,621610,62,2,UH0237
2019,SCIAN 2018,621512,62,2,UH0236
2019,SCIAN 2018,721210,72,2,UH0304
2019,SCIAN 2018,621212,62,2,UH0222
2019,SCIAN 2018,721190,72,2,UH0303
2019,SCIAN 2018,541860,54,2,UH0376
2019,SCIAN 2018,541370,54,2,UH0134
2019,SCIAN 2018,541943,54,2,UH0157
2019,SCIAN 2018,541942,54,2,UH0156
2019,SCIAN 2018,611432,61,2,UH0378
2019,SCIAN 2018,561422,56,2,UH0166
2019,SCIAN 2018,611632,61,2,UH0379
2019,SCIAN 2018,561790,56,2,UH0181
2019,SCIAN 2018,562121,56,2,FL11
2019,SCIAN 2018,562221,56,2,FL11
2019,SCIAN 2018,611152,61,2,UH0194
2019,SCIAN 2018,812321,81,2,FL08
2019,SCIAN 2018,811123,81,1,FL09
2019,SCIAN 2018,611212,61,1,UH0202
2019,SCIAN 2018,611412,61,1,UH0206
2019,SCIAN 2018,611699,61,1,UH0219
2019,SCIAN 2018,561450,56,1,UH0170
2019,SCIAN 2018,561590,56,1,UH0174
2019,SCIAN 2018,561730,56,1,UH0179
2019,SCIAN 2018,561740,56,1,UH0180
2019,SCIAN 2018,562112,56,1,UH0350
2019,SCIAN 2018,541870,54,1,UH0151
2019,SCIAN 2018,561210,56,1,UH0160
2019,SCIAN 2018,621114,62,1,FL05
2019,SCIAN 2018,621312,62,1,UH0380
2019,SCIAN 2018,541490,54,1,UH0138
2019,SCIAN 2018,541712,54,1,UH0144
2019,SCIAN 2018,541820,54,1,UH0375
2019,SCIAN 2018,541830,54,1,UH0148
2019,SCIAN 2018,541840,54,1,UH0149
2019,SCIAN 2018,531119,53,1,FL03
2019,SCIAN 2018,532121,53,1,UH0111
2019,SCIAN 2018,532122,53,1,UH0373
2019,SCIAN 2018,532210,53,1,UH0112
2019,SCIAN 2018,532420,53,1,UH0119
2019,SCIAN 2018,621392,62,1,UH0381
2019,SCIAN 2018,621991,62,1,UH0239
2019,SCIAN 2018,621992,62,1,UH0240
2019,SCIAN 2018,622212,62,1,UH0243
2019,SCIAN 2018,622312,62,1,UH0384
2019,SCIAN 2018,519121,51,1,UH0082
2019,SCIAN 2018,522440,52,1,UH0091
2019,SCIAN 2018,522451,52,1,UH0092
2019,SCIAN 2018,524130,52,1,UH0100
2019,SCIAN 2018,518210,51,1,UH0081
2019,SCIAN 2018,511111,51,1,FL12
2019,SCIAN 2018,511192,51,1,FL12
2019,SCIAN 2018,623312,62,1,UH0249
2019,SCIAN 2018,624221,62,1,UH0261
2019,SCIAN 2018,624222,62,1,UH0262
2019,SCIAN 2018,711112,71,1,UH0269
2019,SCIAN 2018,488190,48,1,UH0370
2019,SCIAN 2018,488491,48,1,UH0058
2019,SCIAN 2018,488492,48,1,UH0059
2019,SCIAN 2018,488493,48,1,UH0060
2019,SCIAN 2018,488511,48,1,UH0061
2019,SCIAN 2018,711211,71,1,UH0274
2019,SCIAN 2018,484121,48,1,UH0038
2019,SCIAN 2018,484231,48,1,UH0044
2019,SCIAN 2018,484232,48,1,UH0045
2019,SCIAN 2018,485410,48,1,UH0051
2019,SCIAN 2018,487990,48,1,UH0055
2019,SCIAN 2018,468414,46,1,FL01
2019,SCIAN 2018,481111,48,1,UH0034
2019,SCIAN 2018,711410,71,1,UH0279
2019,SCIAN 2018,813140,81,1,UH0347
2020,SCIAN 2018,461110,46,3755,FL01
2020,SCIAN 2018,812110,81,2350,UH0336
2020,SCIAN 2018,463211,46,1503,FL01
2020,SCIAN 2018,722514,72,1394,FL06
2020,SCIAN 2018,621211,62,1185,UH0221
2020,SCIAN 2018,722513,72,1076,FL06
2020,SCIAN 2018,465311,46,952,FL01
2020,SCIAN 2018,461130,46,847,FL01
2020,SCIAN 2018,811111,81,798,UH0312
2020,SCIAN 2018,722518,72,730,FL07
2020,SCIAN 2018,722515,72,725,FL06
2020,SCIAN 2018,722517,72,686,FL07
2020,SCIAN 2018,621113,62,576,FL04
2020,SCIAN 2018,522110,52,568,UH0085
2020,SCIAN 2018,467111,46,564,FL01
2020,SCIAN 2018,467115,46,543,FL01
2020,SCIAN 2018,722519,72,536,FL06
2020,SCIAN 2018,722511,72,536,FL06
2020,SCIAN 2018,464111,46,522,FL01
2020,SCIAN 2018,461121,46,484,FL01
2020,SCIAN 2018,813210,81,442,UH0348
2020,SCIAN 2018,461122,46,429,FL01
2020,SCIAN 2018,621111,62,414,FL04
2020,SCIAN 2018,461160,46,406,FL01
2020,SCIAN 2018,466410,46,397,FL01
2020,SCIAN 2018,468211,46,397,FL01
2020,SCIAN 2018,531113,53,383,UH0104
2020,SCIAN 2018,463310,46,379,FL01
2020,SCIAN 2018,811121,81,378,FL09
2020,SCIAN 2018,812210,81,367,UH0339
2020,SCIAN 2018,541110,54,362,UH0123
2020,SCIAN 2018,466212,46,340,FL01
2020,SCIAN 2018,811499,81,315,UH0335
2020,SCIAN 2018,462112,46,312,FL01
2020,SCIAN 2018,561510,56,297,UH0172
2020,SCIAN 2018,561432,56,296,UH0168
2020,SCIAN 2018,465111,46,289,FL01
2020,SCIAN 2018,465912,46,267,FL01
2020,SCIAN 2018,466312,46,267,FL01
2020,SCIAN 2018,713943,71,261,UH0293
2020,SCIAN 2018,722412,72,258,UH0311
2020,SCIAN 2018,461190,46,256,FL01
2020,SCIAN 2018,611122,61,251,UH0188
2020,SCIAN 2018,541211,54,248,UH0126
2020,SCIAN 2018,465215,46,222,FL01
2020,SCIAN 2018,464113,46,222,FL01
2020,SCIAN 2018,811219,81,220,UH0324
2020,SCIAN 2018,461212,46,220,FL01
2020,SCIAN 2018,463215,46,219,FL01
2020,SCIAN 2018,811192,81,217,UH0321
2020,SCIAN 2018,811191,81,214,UH0320
2020,SCIAN 2018,467114,46,198,FL01
2020,SCIAN 2018,621511,62,197,UH0235
2020,SCIAN 2018,811112,81,194,UH0313
2020,SCIAN 2018,461150,46,191,FL01
2020,SCIAN 2018,812410,81,188,UH0341
2020,SCIAN 2018,461170,46,188,FL01
2020,SCIAN 2018,467113,46,183,FL01
2020,SCIAN 2018,611112,61,181,UH0186
2020,SCIAN 2018,722512,72,176,FL06
2020,SCIAN 2018,466111,46,174,FL01
2020,SCIAN 2018,464121,46,159,FL01
2020,SCIAN 2018,465915,46,159,FL01
2020,SCIAN 2018,541941,54,158,UH0155
2020,SCIAN 2018,624191,62,157,UH0256
2020,SCIAN 2018,465112,46,149,FL01
2020,SCIAN 2018,461140,46,146,FL01
2020,SCIAN 2018,713120,71,137,UH0287
2020,SCIAN 2018,811491,81,136,UH0332
2020,SCIAN 2018,463213,46,134,FL01
2020,SCIAN 2018,621331,62,133,UH0225
2020,SCIAN 2018,811119,81,125,UH0318
2020,SCIAN 2018,611621,61,124,UH0214
2020,SCIAN 2018,813230,81,116,UH0349
2020,SCIAN 2018,464112,46,116,FL01
2020,SCIAN 2018,463113,46,114,FL01
2020,SCIAN 2018,811410,81,114,UH0329
2020,SCIAN 2018,621398,62,112,UH0230
2020,SCIAN 2018,561431,56,112,UH0167
2020,SCIAN 2018,811211,81,110,UH0323
2020,SCIAN 2018,722516,72,108,UH0307
2020,SCIAN 2018,465914,46,108,FL01
2020,SCIAN 2018,811430,81,108,UH0331
2020,SCIAN 2018,463216,46,108,FL01
2020,SCIAN 2018,611111,61,107,UH0185
2020,SCIAN 2018,463214,46,107,FL01
2020,SCIAN 2018,465212,46,105,FL01
2020,SCIAN 2018,811420,81,103,UH0330
2020,SCIAN 2018,811492,81,100,UH0333
2020,SCIAN 2018,611171,61,96,UH0197
2020,SCIAN 2018,541920,54,93,UH0154
2020,SCIAN 2018,624411,62,93,UH0266
2020,SCIAN 2018,811312,81,91,UH0326
2020,SCIAN 2018,468420,46,89,FL01
2020,SCIAN 2018,466211,46,87,FL01
2020,SCIAN 2018,465919,46,86,FL01
2020,SCIAN 2018,461123,46,84,FL01
2020,SCIAN 2018,465911,46,82,FL01
2020,SCIAN 2018,466112,46,82,FL01
2020,SCIAN 2018,468411,46,81,FL01
2020,SCIAN 2018,611611,61,79,UH0212
2020,SCIAN 2018,522452,52,79,UH0093
2020,SCIAN 2018,531210,53,79,UH0107
2020,SCIAN 2018,465313,46,75,FL01
2020,SCIAN 2018,466114,46,73,FL01
2020,SCIAN 2018,811199,81,72,UH0322
2020,SCIAN 2018,468112,46,71,FL01
2020,SCIAN 2018,721111,72,71,UH0300
2020,SCIAN 2018,621391,62,69,UH0229
2020,SCIAN 2018,812990,81,69,UH0343
2020,SCIAN 2018,532282,53,68,UH0115
2020,SCIAN 2018,466319,46,65,FL01
2020,SCIAN 2018,467112,46,65,FL01
2020,SCIAN 2018,522460,52,63,FL02
2020,SCIAN 2018,463212,46,63,FL01
2020,SCIAN 2018,461213,46,62,FL01
2020,SCIAN 2018,611311,61,61,UH0203
2020,SCIAN 2018,468213,46,60,FL01
2020,SCIAN 2018,813120,81,60,UH0345
2020,SCIAN 2018,811493,81,59,UH0334
2020,SCIAN 2018,492110,49,58,UH0065
2020,SCIAN 2018,611312,61,58,UH0204
2020,SCIAN 2018,541810,54,56,UH0147
2020,SCIAN 2018,462111,46,56,FL01
2020,SCIAN 2018,621320,62,55,UH0224
2020,SCIAN 2018,721112,72,55,UH0301
2020,SCIAN 2018,468212,46,55,FL01
2020,SCIAN 2018,485111,48,55,FL10
2020,SCIAN 2018,461211,46,53,FL01
2020,SCIAN 2018,541430,54,52,UH0137
2020,SCIAN 2018,517311,51,52,UH0077
2020,SCIAN 2018,811129,81,52,FL09
2020,SCIAN 2018,621341,62,51,UH0227
2020,SCIAN 2018,541610,54,51,UH0140
2020,SCIAN 2018,541120,54,50,UH0124
2020,SCIAN 2018,465211,46,49,FL01
2020,SCIAN 2018,524210,52,47,UH0101
2020,SCIAN 2018,811116,81,46,UH0317
2020,SCIAN 2018,811114,81,46,UH0315
2020,SCIAN 2018,468111,46,45,FL01
2020,SCIAN 2018,621115,62,44,FL04
2020,SCIAN 2018,812130,81,43,UH0338
2020,SCIAN 2018,811115,81,43,UH0316
2020,SCIAN 2018,468311,46,43,FL01
2020,SCIAN 2018,813110,81,42,UH0344
2020,SCIAN 2018,522320,52,41,UH0089
2020,SCIAN 2018,611511,61,41,UH0210
2020,SCIAN 2018,466311,46,40,FL01
2020,SCIAN 2018,611691,61,40,UH0217
2020,SCIAN 2018,611161,61,40,UH0195
2020,SCIAN 2018,463112,46,39,FL01
2020,SCIAN 2018,611172,61,39,UH0198
2020,SCIAN 2018,517910,51,39,UH0080
2020,SCIAN 2018,541310,54,38,UH0128
2020,SCIAN 2018,532411,53,38,UH0117
2020,SCIAN 2018,485210,48,36,UH0048
2020,SCIAN 2018,713991,71,36,UH0296
2020,SCIAN 2018,611132,61,36,UH0190
2020,SCIAN 2018,611121,61,36,UH0187
2020,SCIAN 2018,465312,46,35,FL01
2020,SCIAN 2018,465913,46,34,FL01
2020,SCIAN 2018,611631,61,33,UH0216
2020,SCIAN 2018,541890,54,33,UH0152
2020,SCIAN 2018,721113,72,33,UH0302
2020,SCIAN 2018,611698,61,33,UH0218
2020,SCIAN 2018,523122,52,31,UH0097
2020,SCIAN 2018,561110,56,30,UH0159
2020,SCIAN 2018,561610,56,30,UH0175
2020,SCIAN 2018,463111,46,30,FL01
2020,SCIAN 2018,541190,54,29,UH0125
2020,SCIAN 2018,812310,81,29,UH0340
2020,SCIAN 2018,463217,46,28,FL01
2020,SCIAN 2018,623992,62,28,UH0251
2020,SCIAN 2018,484129,48,27,UH0039
2020,SCIAN 2018,531311,53,27,UH0108
2020,SCIAN 2018,624412,62,26,UH0267
2020,SCIAN 2018,541330,54,26,UH0130
2020,SCIAN 2018,517312,51,26,UH0078
2020,SCIAN 2018,462210,46,25,FL01
2020,SCIAN 2018,465216,46,25,FL01
2020,SCIAN 2018,622111,62,25,UH0241
2020,SCIAN 2018,531319,53,24,UH0109
2020,SCIAN 2018,465213,46,24,FL01
2020,SCIAN 2018,811113,81,24,UH0314
2020,SCIAN 2018,611162,61,23,UH0196
2020,SCIAN 2018,541510,54,23,UH0139
2020,SCIAN 2018,611142,61,23,UH0192
2020,SCIAN 2018,463218,46,23,FL01
2020,SCIAN 2018,468419,46,22,FL01
2020,SCIAN 2018,621311,62,22,UH0223
2020,SCIAN 2018,811122,81,21,UH0319
2020,SCIAN 2018,532310,53,21,UH0116
2020,SCIAN 2018,464122,46,21,FL01
2020,SCIAN 2018,524110,52,20,UH0099
2020,SCIAN 2018,532281,53,20,UH0113
2020,SCIAN 2018,611512,61,20,UH0211
2020,SCIAN 2018,468412,46,20,FL01
2020,SCIAN 2018,561330,56,18,UH0163
2020,SCIAN 2018,713291,71,18,UH0288
2020,SCIAN 2018,713944,71,18,UH0294
2020,SCIAN 2018,711311,71,18,UH0276
2020,SCIAN 2018,722411,72,17,UH0310
2020,SCIAN 2018,722320,72,16,UH0309
2020,SCIAN 2018,621112,62,16,FL05
2020,SCIAN 2018,621116,62,16,FL05
2020,SCIAN 2018,811314,81,16,UH0328
2020,SCIAN 2018,561620,56,16,UH0176
2020,SCIAN 2018,541690,54,15,UH0142
2020,SCIAN 2018,711312,71,15,UH0277
2020,SCIAN 2018,713998,71,15,UH0298
2020,SCIAN 2018,721311,72,15,UH0305
2020,SCIAN 2018,621421,62,15,UH0233
2020,SCIAN 2018,622112,62,15,UH0242
2020,SCIAN 2018,467117,46,14,FL01
2020,SCIAN 2018,623991,62,14,UH0250
2020,SCIAN 2018,531114,53,14,UH0105
2020,SCIAN 2018,522490,52,14,FL02
2020,SCIAN 2018,611131,61,13,UH0189
2020,SCIAN 2018,519122,51,13,UH0083
2020,SCIAN 2018,512130,51,12,UH0074
2020,SCIAN 2018,515110,51,12,FL12
2020,SCIAN 2018,532493,53,12,UH0121
2020,SCIAN 2018,461220,46,12,FL01
2020,SCIAN 2018,623221,62,11,UH0247
2020,SCIAN 2018,624112,62,11,UH0253
2020,SCIAN 2018,624199,62,11,UH0258
2020,SCIAN 2018,712112,71,11,UH0282
2020,SCIAN 2018,624212,62,11,UH0260
2020,SCIAN 2018,611182,61,11,UH0200
2020,SCIAN 2018,623311,62,11,UH0248
2020,SCIAN 2018,624111,62,10,UH0252
2020,SCIAN 2018,561440,56,10,UH0169
2020,SCIAN 2018,532492,53,10,UH0120
2020,SCIAN 2018,485510,48,10,UH0052
2020,SCIAN 2018,522390,52,10,UH0090
2020,SCIAN 2018,524220,52,10,UH0102
2020,SCIAN 2018,811311,81,9,UH0325
2020,SCIAN 2018,532110,53,9,UH0110
2020,SCIAN 2018,622311,62,9,UH0244
2020,SCIAN 2018,469110,46,9,FL01
2020,SCIAN 2018,713992,71,9,UH0297
2020,SCIAN 2018,813130,81,9,UH0346
2020,SCIAN 2018,541340,54,9,UH0131
2020,SCIAN 2018,488519,48,9,UH0062
2020,SCIAN 2018,491110,49,9,UH0064
2020,SCIAN 2018,466314,46,8,FL01
2020,SCIAN 2018,541620,54,8,UH0141
2020,SCIAN 2018,541380,54,8,UH0135
2020,SCIAN 2018,561710,56,8,UH0177
2020,SCIAN 2018,522451,52,8,UH0092
2020,SCIAN 2018,532289,53,7,UH0114
2020,SCIAN 2018,522220,52,7,UH0087
2020,SCIAN 2018,811313,81,7,UH0327
2020,SCIAN 2018,721190,72,7,UH0303
2020,SCIAN 2018,487110,48,7,UH0054
2020,SCIAN 2018,488410,48,7,UH0057
2020,SCIAN 2018,611181,61,7,UH0199
2020,SCIAN 2018,561990,56,7,UH0184
2020,SCIAN 2018,541850,54,7,UH0150
2020,SCIAN 2018,713941,71,6,UH0291
2020,SCIAN 2018,713111,71,6,UH0284
2020,SCIAN 2018,611421,61,6,UH0207
2020,SCIAN 2018,621910,62,6,UH0238
2020,SCIAN 2018,621491,62,6,UH0234
2020,SCIAN 2018,484210,48,6,UH0040
2020,SCIAN 2018,611211,61,6,UH0201
2020,SCIAN 2018,561720,56,6,UH0178
2020,SCIAN 2018,561310,56,6,UH0161
2020,SCIAN 2018,541410,54,6,UH0136
2020,SCIAN 2018,531112,53,6,UH0103
2020,SCIAN 2018,511112,51,6,FL12
2020,SCIAN 2018,515120,51,6,FL12
2020,SCIAN 2018,522440,52,6,UH0091
2020,SCIAN 2018,812910,81,5,UH0342
2020,SCIAN 2018,519121,51,5,UH0082
2020,SCIAN 2018,722310,72,5,UH0308
2020,SCIAN 2018,484239,48,5,UH0046
2020,SCIAN 2018,713112,71,5,UH0285
2020,SCIAN 2018,484229,48,5,UH0043
2020,SCIAN 2018,484221,48,5,UH0041
2020,SCIAN 2018,611151,61,5,UH0193
2020,SCIAN 2018,611612,61,5,UH0213
2020,SCIAN 2018,561520,56,5,UH0173
2020,SCIAN 2018,624198,62,5,UH0257
2020,SCIAN 2018,522210,52,5,UH0086
2020,SCIAN 2018,812322,81,5,FL08
2020,SCIAN 2018,621342,62,5,UH0228
2020,SCIAN 2018,467116,46,5,FL01
2020,SCIAN 2018,711510,71,5,UH0280
2020,SCIAN 2018,541370,54,4,UH0134
2020,SCIAN 2018,561421,56,4,UH0165
2020,SCIAN 2018,484222,48,4,UH0042
2020,SCIAN 2018,624312,62,4,UH0265
2020,SCIAN 2018,561320,56,4,UH0162
2020,SCIAN 2018,466313,46,4,FL01
2020,SCIAN 2018,623111,62,4,UH0245
2020,SCIAN 2018,468413,46,4,FL01
2020,SCIAN 2018,621332,62,4,UH0226
2020,SCIAN 2018,812120,81,4,UH0337
2020,SCIAN 2018,611431,61,4,UH0209
2020,SCIAN 2018,561920,56,4,UH0183
2020,SCIAN 2018,711131,71,4,UH0271
2020,SCIAN 2018,488990,48,4,UH0063
2020,SCIAN 2018,541711,54,4,UH0143
2020,SCIAN 2018,561450,56,3,UH0170
2020,SCIAN 2018,624121,62,3,UH0254
2020,SCIAN 2018,561790,56,3,UH0181
2020,SCIAN 2018,531115,53,3,UH0106
2020,SCIAN 2018,512112,51,3,UH0072
2020,SCIAN 2018,519110,51,3,FL12
2020,SCIAN 2018,621411,62,3,UH0232
2020,SCIAN 2018,484119,48,3,UH0037
2020,SCIAN 2018,624122,62,3,UH0255
2020,SCIAN 2018,711212,71,3,UH0275
2020,SCIAN 2018,541910,54,3,UH0153
2020,SCIAN 2018,711121,71,3,UH0270
2020,SCIAN 2018,623211,62,3,UH0385
2020,SCIAN 2018,465214,46,3,FL01
2020,SCIAN 2018,541350,54,3,UH0132
2020,SCIAN 2018,541219,54,3,UH0127
2020,SCIAN 2018,713950,71,3,UH0295
2020,SCIAN 2018,712132,71,3,UH0283
2020,SCIAN 2018,485990,48,3,UH0053
2020,SCIAN 2018,713113,71,3,UH0286
2020,SCIAN 2018,721312,72,2,UH0306
2020,SCIAN 2018,813140,81,2,UH0347
2020,SCIAN 2018,511121,51,2,FL12
2020,SCIAN 2018,532420,53,2,UH0119
2020,SCIAN 2018,531111,53,2,UH0372
2020,SCIAN 2018,524130,52,2,UH0100
2020,SCIAN 2018,523110,52,2,UH0095
2020,SCIAN 2018,721210,72,2,UH0304
2020,SCIAN 2018,512113,51,2,UH0073
2020,SCIAN 2018,511210,51,2,FL12
2020,SCIAN 2018,511132,51,2,FL12
2020,SCIAN 2018,511131,51,2,FL12
2020,SCIAN 2018,541712,54,2,UH0144
2020,SCIAN 2018,541860,54,2,UH0376
2020,SCIAN 2018,713299,71,2,UH0289
2020,SCIAN 2018,713942,71,2,UH0292
2020,SCIAN 2018,712131,71,2,UH0386
2020,SCIAN 2018,712111,71,2,UH0281
2020,SCIAN 2018,541942,54,2,UH0156
2020,SCIAN 2018,541943,54,2,UH0157
2020,SCIAN 2018,485320,48,2,UH0050
2020,SCIAN 2018,493119,49,2,UH0068
2020,SCIAN 2018,541490,54,2,UH0138
2020,SCIAN 2018,562998,56,2,FL11
2020,SCIAN 2018,562911,56,2,FL11
2020,SCIAN 2018,562221,56,2,FL11
2020,SCIAN 2018,562121,56,2,FL11
2020,SCIAN 2018,711111,71,2,UH0268
2020,SCIAN 2018,624211,62,2,UH0259
2020,SCIAN 2018,484231,48,2,UH0044
2020,SCIAN 2018,484121,48,2,UH0038
2020,SCIAN 2018,561422,56,2,UH0166
2020,SCIAN 2018,561210,56,2,UH0160
2020,SCIAN 2018,611411,61,2,UH0205
2020,SCIAN 2018,611632,61,2,UH0379
2020,SCIAN 2018,481210,48,2,UH0035
2020,SCIAN 2018,481111,48,2,UH0034
2020,SCIAN 2018,622211,62,2,UH0383
2020,SCIAN 2018,621212,62,2,UH0222
2020,SCIAN 2018,621610,62,2,UH0237
2020,SCIAN 2018,621512,62,2,UH0236
2020,SCIAN 2018,812321,81,1,FL08
2020,SCIAN 2018,811123,81,1,FL09
2020,SCIAN 2018,621114,62,1,FL05
2020,SCIAN 2018,621312,62,1,UH0380
2020,SCIAN 2018,621392,62,1,UH0381
2020,SCIAN 2018,621492,62,1,UH0382
2020,SCIAN 2018,621991,62,1,UH0239
2020,SCIAN 2018,621992,62,1,UH0240
2020,SCIAN 2018,622212,62,1,UH0243
2020,SCIAN 2018,622312,62,1,UH0384
2020,SCIAN 2018,623312,62,1,UH0249
2020,SCIAN 2018,466113,46,1,FL01
2020,SCIAN 2018,611622,61,1,UH0215
2020,SCIAN 2018,611699,61,1,UH0219
2020,SCIAN 2018,611152,61,1,UH0194
2020,SCIAN 2018,468414,46,1,FL01
2020,SCIAN 2018,482110,48,1,UH0036
2020,SCIAN 2018,484232,48,1,UH0045
2020,SCIAN 2018,561590,56,1,UH0174
2020,SCIAN 2018,561740,56,1,UH0180
2020,SCIAN 2018,562111,56,1,FL11
2020,SCIAN 2018,624221,62,1,UH0261
2020,SCIAN 2018,624222,62,1,UH0262
2020,SCIAN 2018,711112,71,1,UH0269
2020,SCIAN 2018,711410,71,1,UH0279
2020,SCIAN 2018,541990,54,1,UH0158
2020,SCIAN 2018,511111,51,1,FL12
2020,SCIAN 2018,541820,54,1,UH0375
2020,SCIAN 2018,541830,54,1,UH0148
2020,SCIAN 2018,541840,54,1,UH0149
2020,SCIAN 2018,541870,54,1,UH0151
2020,SCIAN 2018,485410,48,1,UH0051
2020,SCIAN 2018,488190,48,1,UH0370
2020,SCIAN 2018,488491,48,1,UH0058
2020,SCIAN 2018,488492,48,1,UH0059
2020,SCIAN 2018,488493,48,1,UH0060
2020,SCIAN 2018,519130,51,1,FL12
2020,SCIAN 2018,523121,52,1,UH0096
2020,SCIAN 2018,531119,53,1,FL03
2020,SCIAN 2018,532121,53,1,UH0111
2020,SCIAN 2018,532122,53,1,UH0373
2020,SCIAN 2018,532210,53,1,UH0112
2020,SCIAN 2018,532491,53,1,UH0374
2020,SCIAN 2018,511192,51,1,FL12
2020,SCIAN 2018,518210,51,1,UH0081
2021,SCIAN 2018,461110,46,3759,FL01
2021,SCIAN 2018,812110,81,2336,UH0336
2021,SCIAN 2018,463211,46,1501,FL01
2021,SCIAN 2018,722514,72,1390,FL06
2021,SCIAN 2018,621211,62,1170,UH0221
2021,SCIAN 2018,722513,72,1073,FL06
2021,SCIAN 2018,465311,46,951,FL01
2021,SCIAN 2018,461130,46,850,FL01
2021,SCIAN 2018,811111,81,795,UH0312
2021,SCIAN 2018,722518,72,715,FL07
2021,SCIAN 2018,722515,72,713,FL06
2021,SCIAN 2018,722517,72,682,FL07
2021,SCIAN 2018,621113,62,568,FL04
2021,SCIAN 2018,467111,46,566,FL01
2021,SCIAN 2018,522110,52,564,UH0085
2021,SCIAN 2018,467115,46,541,FL01
2021,SCIAN 2018,722511,72,540,FL06
2021,SCIAN 2018,722519,72,528,FL06
2021,SCIAN 2018,464111,46,524,FL01
2021,SCIAN 2018,461121,46,482,FL01
2021,SCIAN 2018,813210,81,441,UH0348
2021,SCIAN 2018,461122,46,433,FL01
2021,SCIAN 2018,621111,62,408,FL04
2021,SCIAN 2018,461160,46,404,FL01
2021,SCIAN 2018,466410,46,401,FL01
2021,SCIAN 2018,468211,46,398,FL01
2021,SCIAN 2018,463310,46,380,FL01
2021,SCIAN 2018,811121,81,377,FL09
2021,SCIAN 2018,531113,53,377,UH0104
2021,SCIAN 2018,812210,81,366,UH0339
2021,SCIAN 2018,541110,54,362,UH0123
2021,SCIAN 2018,466212,46,341,FL01
2021,SCIAN 2018,811499,81,315,UH0335
2021,SCIAN 2018,462112,46,311,FL01
2021,SCIAN 2018,561432,56,295,UH0168
2021,SCIAN 2018,465111,46,291,FL01
2021,SCIAN 2018,561510,56,290,UH0172
2021,SCIAN 2018,466312,46,267,FL01
2021,SCIAN 2018,465912,46,264,FL01
2021,SCIAN 2018,713943,71,261,UH0293
2021,SCIAN 2018,722412,72,258,UH0311
2021,SCIAN 2018,461190,46,253,FL01
2021,SCIAN 2018,611122,61,249,UH0188
2021,SCIAN 2018,541211,54,247,UH0126
2021,SCIAN 2018,465215,46,222,FL01
2021,SCIAN 2018,461212,46,220,FL01
2021,SCIAN 2018,463215,46,220,FL01
2021,SCIAN 2018,464113,46,219,FL01
2021,SCIAN 2018,811192,81,217,UH0321
2021,SCIAN 2018,811219,81,215,UH0324
2021,SCIAN 2018,811191,81,214,UH0320
2021,SCIAN 2018,621511,62,201,UH0235
2021,SCIAN 2018,467114,46,199,FL01
2021,SCIAN 2018,811112,81,194,UH0313
2021,SCIAN 2018,461150,46,192,FL01
2021,SCIAN 2018,461170,46,189,FL01
2021,SCIAN 2018,812410,81,185,UH0341
2021,SCIAN 2018,467113,46,184,FL01
2021,SCIAN 2018,611112,61,180,UH0186
2021,SCIAN 2018,722512,72,174,FL06
2021,SCIAN 2018,466111,46,172,FL01
2021,SCIAN 2018,465915,46,161,FL01
2021,SCIAN 2018,541941,54,159,UH0155
2021,SCIAN 2018,464121,46,159,FL01
2021,SCIAN 2018,624191,62,155,UH0256
2021,SCIAN 2018,465112,46,148,FL01
2021,SCIAN 2018,461140,46,147,FL01
2021,SCIAN 2018,713120,71,135,UH0287
2021,SCIAN 2018,811491,81,135,UH0332
2021,SCIAN 2018,463213,46,134,FL01
2021,SCIAN 2018,621331,62,129,UH0225
2021,SCIAN 2018,811119,81,125,UH0318
2021,SCIAN 2018,611621,61,122,UH0214
2021,SCIAN 2018,813230,81,115,UH0349
2021,SCIAN 2018,464112,46,115,FL01
2021,SCIAN 2018,621398,62,113,UH0230
2021,SCIAN 2018,463113,46,113,FL01
2021,SCIAN 2018,811410,81,112,UH0329
2021,SCIAN 2018,811211,81,110,UH0323
2021,SCIAN 2018,561431,56,109,UH0167
2021,SCIAN 2018,811430,81,108,UH0331
2021,SCIAN 2018,463216,46,108,FL01
2021,SCIAN 2018,465914,46,107,FL01
2021,SCIAN 2018,722516,72,107,UH0307
2021,SCIAN 2018,611111,61,106,UH0185
2021,SCIAN 2018,463214,46,104,FL01
2021,SCIAN 2018,811420,81,104,UH0330
2021,SCIAN 2018,465212,46,103,FL01
2021,SCIAN 2018,811492,81,99,UH0333
2021,SCIAN 2018,611171,61,94,UH0197
2021,SCIAN 2018,541920,54,93,UH0154
2021,SCIAN 2018,468420,46,89,FL01
2021,SCIAN 2018,811312,81,89,UH0326
2021,SCIAN 2018,624411,62,89,UH0266
2021,SCIAN 2018,461123,46,88,FL01
2021,SCIAN 2018,466211,46,86,FL01
2021,SCIAN 2018,465919,46,85,FL01
2021,SCIAN 2018,465911,46,82,FL01
2021,SCIAN 2018,466112,46,82,FL01
2021,SCIAN 2018,468411,46,82,FL01
2021,SCIAN 2018,531210,53,79,UH0107
2021,SCIAN 2018,611611,61,78,UH0212
2021,SCIAN 2018,466114,46,78,FL01
2021,SCIAN 2018,522452,52,77,UH0093
2021,SCIAN 2018,465313,46,75,FL01
2021,SCIAN 2018,811199,81,72,UH0322
2021,SCIAN 2018,468112,46,72,FL01
2021,SCIAN 2018,721111,72,70,UH0300
2021,SCIAN 2018,812990,81,69,UH0343
2021,SCIAN 2018,621391,62,67,UH0229
2021,SCIAN 2018,532282,53,66,UH0115
2021,SCIAN 2018,467112,46,65,FL01
2021,SCIAN 2018,466319,46,64,FL01
2021,SCIAN 2018,463212,46,64,FL01
2021,SCIAN 2018,461213,46,62,FL01
2021,SCIAN 2018,522460,52,61,FL02
2021,SCIAN 2018,811493,81,60,UH0334
2021,SCIAN 2018,813120,81,60,UH0345
2021,SCIAN 2018,468213,46,60,FL01
2021,SCIAN 2018,611311,61,60,UH0203
2021,SCIAN 2018,492110,49,58,UH0065
2021,SCIAN 2018,621320,62,58,UH0224
2021,SCIAN 2018,611312,61,58,UH0204
2021,SCIAN 2018,468212,46,56,FL01
2021,SCIAN 2018,462111,46,56,FL01
2021,SCIAN 2018,721112,72,55,UH0301
2021,SCIAN 2018,485111,48,55,FL10
2021,SCIAN 2018,811129,81,53,FL09
2021,SCIAN 2018,621341,62,53,UH0227
2021,SCIAN 2018,541810,54,53,UH0147
2021,SCIAN 2018,517311,51,53,UH0077
2021,SCIAN 2018,461211,46,53,FL01
2021,SCIAN 2018,541430,54,52,UH0137
2021,SCIAN 2018,541610,54,51,UH0140
2021,SCIAN 2018,541120,54,49,UH0124
2021,SCIAN 2018,465211,46,49,FL01
2021,SCIAN 2018,524210,52,47,UH0101
2021,SCIAN 2018,811114,81,46,UH0315
2021,SCIAN 2018,811116,81,46,UH0317
2021,SCIAN 2018,621115,62,44,FL04
2021,SCIAN 2018,468311,46,44,FL01
2021,SCIAN 2018,811115,81,43,UH0316
2021,SCIAN 2018,611511,61,42,UH0210
2021,SCIAN 2018,541310,54,42,UH0128
2021,SCIAN 2018,813110,81,42,UH0344
2021,SCIAN 2018,468111,46,41,FL01
2021,SCIAN 2018,522320,52,41,UH0089
2021,SCIAN 2018,517910,51,40,UH0080
2021,SCIAN 2018,812130,81,40,UH0338
2021,SCIAN 2018,611691,61,39,UH0217
2021,SCIAN 2018,466311,46,39,FL01
2021,SCIAN 2018,611161,61,39,UH0195
2021,SCIAN 2018,463112,46,39,FL01
2021,SCIAN 2018,532411,53,38,UH0117
2021,SCIAN 2018,611172,61,38,UH0198
2021,SCIAN 2018,611121,61,37,UH0187
2021,SCIAN 2018,611132,61,36,UH0190
2021,SCIAN 2018,485210,48,35,UH0048
2021,SCIAN 2018,465913,46,35,FL01
2021,SCIAN 2018,721113,72,34,UH0302
2021,SCIAN 2018,541890,54,34,UH0152
2021,SCIAN 2018,713991,71,34,UH0296
2021,SCIAN 2018,611698,61,32,UH0218
2021,SCIAN 2018,465312,46,32,FL01
2021,SCIAN 2018,463111,46,31,FL01
2021,SCIAN 2018,523122,52,31,UH0097
2021,SCIAN 2018,611631,61,30,UH0216
2021,SCIAN 2018,561110,56,30,UH0159
2021,SCIAN 2018,812310,81,29,UH0340
2021,SCIAN 2018,541190,54,29,UH0125
2021,SCIAN 2018,561610,56,29,UH0175
2021,SCIAN 2018,463217,46,28,FL01
2021,SCIAN 2018,623992,62,28,UH0251
2021,SCIAN 2018,531311,53,27,UH0108
2021,SCIAN 2018,484129,48,27,UH0039
2021,SCIAN 2018,622111,62,25,UH0241
2021,SCIAN 2018,541330,54,25,UH0130
2021,SCIAN 2018,462210,46,25,FL01
2021,SCIAN 2018,517312,51,25,UH0078
2021,SCIAN 2018,465216,46,25,FL01
2021,SCIAN 2018,624412,62,25,UH0267
2021,SCIAN 2018,811113,81,24,UH0314
2021,SCIAN 2018,611162,61,23,UH0196
2021,SCIAN 2018,465213,46,23,FL01
2021,SCIAN 2018,463218,46,23,FL01
2021,SCIAN 2018,541510,54,23,UH0139
2021,SCIAN 2018,611142,61,23,UH0192
2021,SCIAN 2018,468419,46,22,FL01
2021,SCIAN 2018,531319,53,22,UH0109
2021,SCIAN 2018,811122,81,21,UH0319
2021,SCIAN 2018,464122,46,21,FL01
2021,SCIAN 2018,532310,53,21,UH0116
2021,SCIAN 2018,621311,62,20,UH0223
2021,SCIAN 2018,532281,53,20,UH0113
2021,SCIAN 2018,524110,52,20,UH0099
2021,SCIAN 2018,468412,46,20,FL01
2021,SCIAN 2018,611512,61,20,UH0211
2021,SCIAN 2018,561330,56,18,UH0163
2021,SCIAN 2018,713291,71,18,UH0288
2021,SCIAN 2018,711311,71,18,UH0276
2021,SCIAN 2018,713944,71,18,UH0294
2021,SCIAN 2018,722411,72,17,UH0310
2021,SCIAN 2018,722320,72,16,UH0309
2021,SCIAN 2018,811314,81,16,UH0328
2021,SCIAN 2018,621421,62,16,UH0233
2021,SCIAN 2018,561620,56,16,UH0176
2021,SCIAN 2018,621116,62,16,FL05
2021,SCIAN 2018,621112,62,16,FL05
2021,SCIAN 2018,711312,71,15,UH0277
2021,SCIAN 2018,541690,54,15,UH0142
2021,SCIAN 2018,721311,72,15,UH0305
2021,SCIAN 2018,713998,71,15,UH0298
2021,SCIAN 2018,522490,52,14,FL02
2021,SCIAN 2018,531114,53,14,UH0105
2021,SCIAN 2018,622112,62,14,UH0242
2021,SCIAN 2018,519122,51,13,UH0083
2021,SCIAN 2018,467117,46,13,FL01
2021,SCIAN 2018,623991,62,13,UH0250
2021,SCIAN 2018,611131,61,13,UH0189
2021,SCIAN 2018,515110,51,12,FL12
2021,SCIAN 2018,469110,46,12,FL01
2021,SCIAN 2018,623221,62,12,UH0247
2021,SCIAN 2018,512130,51,12,UH0074
2021,SCIAN 2018,461220,46,12,FL01
2021,SCIAN 2018,623311,62,11,UH0248
2021,SCIAN 2018,624212,62,11,UH0260
2021,SCIAN 2018,712112,71,11,UH0282
2021,SCIAN 2018,624111,62,11,UH0252
2021,SCIAN 2018,624112,62,11,UH0253
2021,SCIAN 2018,611182,61,11,UH0200
2021,SCIAN 2018,624199,62,11,UH0258
2021,SCIAN 2018,532493,53,11,UH0121
2021,SCIAN 2018,532492,53,10,UH0120
2021,SCIAN 2018,485510,48,10,UH0052
2021,SCIAN 2018,522390,52,10,UH0090
2021,SCIAN 2018,524220,52,10,UH0102
2021,SCIAN 2018,811311,81,9,UH0325
2021,SCIAN 2018,713992,71,9,UH0297
2021,SCIAN 2018,532110,53,9,UH0110
2021,SCIAN 2018,491110,49,9,UH0064
2021,SCIAN 2018,488519,48,9,UH0062
2021,SCIAN 2018,541340,54,9,UH0131
2021,SCIAN 2018,813130,81,9,UH0346
2021,SCIAN 2018,561440,56,9,UH0169
2021,SCIAN 2018,622311,62,9,UH0244
2021,SCIAN 2018,466314,46,8,FL01
2021,SCIAN 2018,561710,56,8,UH0177
2021,SCIAN 2018,522451,52,8,UH0092
2021,SCIAN 2018,541380,54,8,UH0135
2021,SCIAN 2018,722310,72,8,UH0308
2021,SCIAN 2018,541620,54,8,UH0141
2021,SCIAN 2018,487110,48,7,UH0054
2021,SCIAN 2018,488410,48,7,UH0057
2021,SCIAN 2018,611181,61,7,UH0199
2021,SCIAN 2018,561990,56,7,UH0184
2021,SCIAN 2018,532289,53,7,UH0114
2021,SCIAN 2018,522220,52,7,UH0087
2021,SCIAN 2018,511112,51,7,FL12
2021,SCIAN 2018,721190,72,7,UH0303
2021,SCIAN 2018,541850,54,7,UH0150
2021,SCIAN 2018,515120,51,6,FL12
2021,SCIAN 2018,541410,54,6,UH0136
2021,SCIAN 2018,522440,52,6,UH0091
2021,SCIAN 2018,611421,61,6,UH0207
2021,SCIAN 2018,611211,61,6,UH0201
2021,SCIAN 2018,561720,56,6,UH0178
2021,SCIAN 2018,621910,62,6,UH0238
2021,SCIAN 2018,531112,53,6,UH0103
2021,SCIAN 2018,484229,48,6,UH0043
2021,SCIAN 2018,811313,81,6,UH0327
2021,SCIAN 2018,484210,48,6,UH0040
2021,SCIAN 2018,713941,71,6,UH0291
2021,SCIAN 2018,561310,56,5,UH0161
2021,SCIAN 2018,812910,81,5,UH0342
2021,SCIAN 2018,561520,56,5,UH0173
2021,SCIAN 2018,611612,61,5,UH0213
2021,SCIAN 2018,519121,51,5,UH0082
2021,SCIAN 2018,611151,61,5,UH0193
2021,SCIAN 2018,467116,46,5,FL01
2021,SCIAN 2018,484221,48,5,UH0041
2021,SCIAN 2018,812322,81,5,FL08
2021,SCIAN 2018,484239,48,5,UH0046
2021,SCIAN 2018,621491,62,5,UH0234
2021,SCIAN 2018,621342,62,5,UH0228
2021,SCIAN 2018,711510,71,5,UH0280
2021,SCIAN 2018,522210,52,5,UH0086
2021,SCIAN 2018,624198,62,5,UH0257
2021,SCIAN 2018,713111,71,5,UH0284
2021,SCIAN 2018,713112,71,5,UH0285
2021,SCIAN 2018,484119,48,4,UH0037
2021,SCIAN 2018,468413,46,4,FL01
2021,SCIAN 2018,561421,56,4,UH0165
2021,SCIAN 2018,711131,71,4,UH0271
2021,SCIAN 2018,812120,81,4,UH0337
2021,SCIAN 2018,484222,48,4,UH0042
2021,SCIAN 2018,611431,61,4,UH0209
2021,SCIAN 2018,561320,56,4,UH0162
2021,SCIAN 2018,541711,54,4,UH0143
2021,SCIAN 2018,466313,46,4,FL01
2021,SCIAN 2018,623111,62,4,UH0245
2021,SCIAN 2018,488990,48,4,UH0063
2021,SCIAN 2018,624312,62,4,UH0265
2021,SCIAN 2018,621332,62,4,UH0226
2021,SCIAN 2018,541370,54,4,UH0134
2021,SCIAN 2018,713950,71,3,UH0295
2021,SCIAN 2018,485990,48,3,UH0053
2021,SCIAN 2018,621411,62,3,UH0232
2021,SCIAN 2018,623211,62,3,UH0385
2021,SCIAN 2018,624121,62,3,UH0254
2021,SCIAN 2018,519110,51,3,FL12
2021,SCIAN 2018,713113,71,3,UH0286
2021,SCIAN 2018,624122,62,3,UH0255
2021,SCIAN 2018,711121,71,3,UH0270
2021,SCIAN 2018,711212,71,3,UH0275
2021,SCIAN 2018,712132,71,3,UH0283
2021,SCIAN 2018,512112,51,3,UH0072
2021,SCIAN 2018,465214,46,3,FL01
2021,SCIAN 2018,531115,53,3,UH0106
2021,SCIAN 2018,561920,56,3,UH0183
2021,SCIAN 2018,541219,54,3,UH0127
2021,SCIAN 2018,561790,56,3,UH0181
2021,SCIAN 2018,541350,54,3,UH0132
2021,SCIAN 2018,813140,81,2,UH0347
2021,SCIAN 2018,541910,54,2,UH0153
2021,SCIAN 2018,541990,54,2,UH0158
2021,SCIAN 2018,561450,56,2,UH0170
2021,SCIAN 2018,561422,56,2,UH0166
2021,SCIAN 2018,561210,56,2,UH0160
2021,SCIAN 2018,541860,54,2,UH0376
2021,SCIAN 2018,541943,54,2,UH0157
2021,SCIAN 2018,541942,54,2,UH0156
2021,SCIAN 2018,562121,56,2,FL11
2021,SCIAN 2018,611411,61,2,UH0205
2021,SCIAN 2018,541490,54,2,UH0138
2021,SCIAN 2018,562998,56,2,FL11
2021,SCIAN 2018,562911,56,2,FL11
2021,SCIAN 2018,562221,56,2,FL11
2021,SCIAN 2018,541712,54,2,UH0144
2021,SCIAN 2018,721312,72,2,UH0306
2021,SCIAN 2018,485320,48,2,UH0050
2021,SCIAN 2018,481111,48,2,UH0034
2021,SCIAN 2018,511210,51,2,FL12
2021,SCIAN 2018,511132,51,2,FL12
2021,SCIAN 2018,511131,51,2,FL12
2021,SCIAN 2018,712131,71,2,UH0386
2021,SCIAN 2018,712111,71,2,UH0281
2021,SCIAN 2018,624211,62,2,UH0259
2021,SCIAN 2018,711111,71,2,UH0268
2021,SCIAN 2018,511121,51,2,FL12
2021,SCIAN 2018,493119,49,2,UH0068
2021,SCIAN 2018,713299,71,2,UH0289
2021,SCIAN 2018,713942,71,2,UH0292
2021,SCIAN 2018,621610,62,2,UH0237
2021,SCIAN 2018,621512,62,2,UH0236
2021,SCIAN 2018,524130,52,2,UH0100
2021,SCIAN 2018,622211,62,2,UH0383
2021,SCIAN 2018,523110,52,2,UH0095
2021,SCIAN 2018,512113,51,2,UH0073
2021,SCIAN 2018,621212,62,2,UH0222
2021,SCIAN 2018,611632,61,2,UH0379
2021,SCIAN 2018,481210,48,2,UH0035
2021,SCIAN 2018,721210,72,2,UH0304
2021,SCIAN 2018,484121,48,2,UH0038
2021,SCIAN 2018,484231,48,2,UH0044
2021,SCIAN 2018,561740,56,1,UH0180
2021,SCIAN 2018,561590,56,1,UH0174
2021,SCIAN 2018,541870,54,1,UH0151
2021,SCIAN 2018,541840,54,1,UH0149
2021,SCIAN 2018,541830,54,1,UH0148
2021,SCIAN 2018,541820,54,1,UH0375
2021,SCIAN 2018,562111,56,1,FL11
2021,SCIAN 2018,611152,61,1,UH0194
2021,SCIAN 2018,611622,61,1,UH0215
2021,SCIAN 2018,532420,53,1,UH0119
2021,SCIAN 2018,621114,62,1,FL05
2021,SCIAN 2018,611699,61,1,UH0219
2021,SCIAN 2018,532491,53,1,UH0374
2021,SCIAN 2018,518210,51,1,UH0081
2021,SCIAN 2018,519130,51,1,FL12
2021,SCIAN 2018,621992,62,1,UH0240
2021,SCIAN 2018,621991,62,1,UH0239
2021,SCIAN 2018,622212,62,1,UH0243
2021,SCIAN 2018,623312,62,1,UH0249
2021,SCIAN 2018,622312,62,1,UH0384
2021,SCIAN 2018,531111,53,1,UH0372
2021,SCIAN 2018,523121,52,1,UH0096
2021,SCIAN 2018,621392,62,1,UH0381
2021,SCIAN 2018,621312,62,1,UH0380
2021,SCIAN 2018,531119,53,1,FL03
2021,SCIAN 2018,532121,53,1,UH0111
2021,SCIAN 2018,621492,62,1,UH0382
2021,SCIAN 2018,532122,53,1,UH0373
2021,SCIAN 2018,532210,53,1,UH0112
2021,SCIAN 2018,466113,46,1,FL01
2021,SCIAN 2018,485410,48,1,UH0051
2021,SCIAN 2018,488190,48,1,UH0370
2021,SCIAN 2018,488491,48,1,UH0058
2021,SCIAN 2018,488492,48,1,UH0059
2021,SCIAN 2018,488493,48,1,UH0060
2021,SCIAN 2018,511111,51,1,FL12
2021,SCIAN 2018,711112,71,1,UH0269
2021,SCIAN 2018,511192,51,1,FL12
2021,SCIAN 2018,711410,71,1,UH0279
2021,SCIAN 2018,624221,62,1,UH0261
2021,SCIAN 2018,624222,62,1,UH0262
2021,SCIAN 2018,468414,46,1,FL01
2021,SCIAN 2018,482110,48,1,UH0036
2021,SCIAN 2018,484232,48,1,UH0045
2021,SCIAN 2018,812321,81,1,FL08
2021,SCIAN 2018,811123,81,1,FL09
2022,SCIAN 2018,461110,46,3759,FL01
2022,SCIAN 2018,812110,81,2336,UH0336
2022,SCIAN 2018,463211,46,1500,FL01
2022,SCIAN 2018,722514,72,1391,FL06
2022,SCIAN 2018,621211,62,1170,UH0221
2022,SCIAN 2018,722513,72,1073,FL06
2022,SCIAN 2018,465311,46,950,FL01
2022,SCIAN 2018,461130,46,851,FL01
2022,SCIAN 2018,811111,81,795,UH0312
2022,SCIAN 2018,722518,72,715,FL07
2022,SCIAN 2018,722515,72,713,FL06
2022,SCIAN 2018,722517,72,681,FL07
2022,SCIAN 2018,621113,62,568,FL04
2022,SCIAN 2018,467111,46,565,FL01
2022,SCIAN 2018,522110,52,564,UH0085
2022,SCIAN 2018,467115,46,541,FL01
2022,SCIAN 2018,722511,72,540,FL06
2022,SCIAN 2018,722519,72,528,FL06
2022,SCIAN 2018,464111,46,524,FL01
2022,SCIAN 2018,461121,46,483,FL01
2022,SCIAN 2018,813210,81,441,UH0348
2022,SCIAN 2018,461122,46,433,FL01
2022,SCIAN 2018,621111,62,408,FL04
2022,SCIAN 2018,461160,46,404,FL01
2022,SCIAN 2018,466410,46,400,FL01
2022,SCIAN 2018,468211,46,397,FL01
2022,SCIAN 2018,463310,46,381,FL01
2022,SCIAN 2018,811121,81,377,FL09
2022,SCIAN 2018,531113,53,377,UH0104
2022,SCIAN 2018,812210,81,366,UH0339
2022,SCIAN 2018,541110,54,361,UH0123
2022,SCIAN 2018,466212,46,341,FL01
2022,SCIAN 2018,811499,81,315,UH0335
2022,SCIAN 2018,462112,46,311,FL01
2022,SCIAN 2018,561432,56,295,UH0168
2022,SCIAN 2018,465111,46,291,FL01
2022,SCIAN 2018,561510,56,290,UH0172
2022,SCIAN 2018,466312,46,267,FL01
2022,SCIAN 2018,465912,46,263,FL01
2022,SCIAN 2018,713943,71,261,UH0293
2022,SCIAN 2018,722412,72,258,UH0311
2022,SCIAN 2018,461190,46,253,FL01
2022,SCIAN 2018,611122,61,249,UH0188
2022,SCIAN 2018,541211,54,246,UH0126
2022,SCIAN 2018,465215,46,222,FL01
2022,SCIAN 2018,461212,46,220,FL01
2022,SCIAN 2018,463215,46,220,FL01
2022,SCIAN 2018,464113,46,219,FL01
2022,SCIAN 2018,811192,81,217,UH0321
2022,SCIAN 2018,811219,81,214,UH0324
2022,SCIAN 2018,811191,81,214,UH0320
2022,SCIAN 2018,621511,62,202,UH0235
2022,SCIAN 2018,467114,46,200,FL01
2022,SCIAN 2018,811112,81,194,UH0313
2022,SCIAN 2018,461150,46,192,FL01
2022,SCIAN 2018,461170,46,189,FL01
2022,SCIAN 2018,812410,81,186,UH0341
2022,SCIAN 2018,467113,46,184,FL01
2022,SCIAN 2018,611112,61,180,UH0186
2022,SCIAN 2018,722512,72,174,FL06
2022,SCIAN 2018,466111,46,172,FL01
2022,SCIAN 2018,465915,46,161,FL01
2022,SCIAN 2018,541941,54,159,UH0155
2022,SCIAN 2018,464121,46,159,FL01
2022,SCIAN 2018,624191,62,155,UH0256
2022,SCIAN 2018,465112,46,148,FL01
2022,SCIAN 2018,461140,46,147,FL01
2022,SCIAN 2018,713120,71,135,UH0287
2022,SCIAN 2018,811491,81,135,UH0332
2022,SCIAN 2018,463213,46,134,FL01
2022,SCIAN 2018,621331,62,128,UH0225
2022,SCIAN 2018,811119,81,125,UH0318
2022,SCIAN 2018,611621,61,122,UH0214
2022,SCIAN 2018,813230,81,115,UH0349
2022,SCIAN 2018,464112,46,115,FL01
2022,SCIAN 2018,621398,62,113,UH0230
2022,SCIAN 2018,463113,46,113,FL01
2022,SCIAN 2018,811410,81,112,UH0329
2022,SCIAN 2018,811211,81,110,UH0323
2022,SCIAN 2018,561431,56,109,UH0167
2022,SCIAN 2018,811430,81,108,UH0331
2022,SCIAN 2018,463216,46,108,FL01
2022,SCIAN 2018,465914,46,107,FL01
2022,SCIAN 2018,722516,72,107,UH0307
2022,SCIAN 2018,611111,61,106,UH0185
2022,SCIAN 2018,463214,46,104,FL01
2022,SCIAN 2018,811420,81,104,UH0330
2022,SCIAN 2018,465212,46,103,FL01
2022,SCIAN 2018,811492,81,99,UH0333
2022,SCIAN 2018,611171,61,97,UH0197
2022,SCIAN 2018,541920,54,93,UH0154
2022,SCIAN 2018,461123,46,92,FL01
2022,SCIAN 2018,811312,81,90,UH0326
2022,SCIAN 2018,468420,46,89,FL01
2022,SCIAN 2018,624411,62,88,UH0266
2022,SCIAN 2018,466211,46,85,FL01
2022,SCIAN 2018,465919,46,85,FL01
2022,SCIAN 2018,468411,46,83,FL01
2022,SCIAN 2018,466112,46,82,FL01
2022,SCIAN 2018,465911,46,82,FL01
2022,SCIAN 2018,531210,53,79,UH0107
2022,SCIAN 2018,466114,46,78,FL01
2022,SCIAN 2018,522452,52,77,UH0093
2022,SCIAN 2018,611611,61,77,UH0212
2022,SCIAN 2018,465313,46,75,FL01
2022,SCIAN 2018,811199,81,72,UH0322
2022,SCIAN 2018,468112,46,72,FL01
2022,SCIAN 2018,812990,81,69,UH0343
2022,SCIAN 2018,721111,72,69,UH0300
2022,SCIAN 2018,621391,62,67,UH0229
2022,SCIAN 2018,467112,46,66,FL01
2022,SCIAN 2018,532282,53,66,UH0115
2022,SCIAN 2018,466319,46,64,FL01
2022,SCIAN 2018,463212,46,64,FL01
2022,SCIAN 2018,522460,52,63,FL02
2022,SCIAN 2018,461213,46,62,FL01
2022,SCIAN 2018,611311,61,61,UH0203
2022,SCIAN 2018,813120,81,60,UH0345
2022,SCIAN 2018,468213,46,60,FL01
2022,SCIAN 2018,517311,51,60,UH0077
2022,SCIAN 2018,811493,81,60,UH0334
2022,SCIAN 2018,492110,49,58,UH0065
2022,SCIAN 2018,611312,61,58,UH0204
2022,SCIAN 2018,621320,62,58,UH0224
2022,SCIAN 2018,462111,46,56,FL01
2022,SCIAN 2018,468212,46,56,FL01
2022,SCIAN 2018,721112,72,55,UH0301
2022,SCIAN 2018,485111,48,54,FL10
2022,SCIAN 2018,811129,81,53,FL09
2022,SCIAN 2018,541810,54,53,UH0147
2022,SCIAN 2018,461211,46,53,FL01
2022,SCIAN 2018,621341,62,53,UH0227
2022,SCIAN 2018,541430,54,52,UH0137
2022,SCIAN 2018,541610,54,52,UH0140
2022,SCIAN 2018,541120,54,49,UH0124
2022,SCIAN 2018,465211,46,49,FL01
2022,SCIAN 2018,524210,52,47,UH0101
2022,SCIAN 2018,811114,81,46,UH0315
2022,SCIAN 2018,811116,81,46,UH0317
2022,SCIAN 2018,621115,62,44,FL04
2022,SCIAN 2018,468311,46,44,FL01
2022,SCIAN 2018,811115,81,43,UH0316
2022,SCIAN 2018,611511,61,42,UH0210
2022,SCIAN 2018,468111,46,42,FL01
2022,SCIAN 2018,541310,54,42,UH0128
2022,SCIAN 2018,813110,81,42,UH0344
2022,SCIAN 2018,522320,52,41,UH0089
2022,SCIAN 2018,517910,51,40,UH0080
2022,SCIAN 2018,812130,81,40,UH0338
2022,SCIAN 2018,611691,61,39,UH0217
2022,SCIAN 2018,466311,46,39,FL01
2022,SCIAN 2018,611161,61,39,UH0195
2022,SCIAN 2018,463112,46,39,FL01
2022,SCIAN 2018,532411,53,38,UH0117
2022,SCIAN 2018,611172,61,38,UH0198
2022,SCIAN 2018,611121,61,37,UH0187
2022,SCIAN 2018,611132,61,36,UH0190
2022,SCIAN 2018,465913,46,35,FL01
2022,SCIAN 2018,485210,48,35,UH0048
2022,SCIAN 2018,541890,54,34,UH0152
2022,SCIAN 2018,721113,72,34,UH0302
2022,SCIAN 2018,713991,71,34,UH0296
2022,SCIAN 2018,465312,46,32,FL01
2022,SCIAN 2018,611698,61,32,UH0218
2022,SCIAN 2018,523122,52,31,UH0097
2022,SCIAN 2018,463111,46,31,FL01
2022,SCIAN 2018,611631,61,30,UH0216
2022,SCIAN 2018,812310,81,29,UH0340
2022,SCIAN 2018,561610,56,29,UH0175
2022,SCIAN 2018,541190,54,29,UH0125
2022,SCIAN 2018,463217,46,28,FL01
2022,SCIAN 2018,623992,62,28,UH0251
2022,SCIAN 2018,531311,53,27,UH0108
2022,SCIAN 2018,484129,48,27,UH0039
2022,SCIAN 2018,561110,56,27,UH0159
2022,SCIAN 2018,622111,62,26,UH0241
2022,SCIAN 2018,517312,51,26,UH0078
2022,SCIAN 2018,465216,46,25,FL01
2022,SCIAN 2018,541330,54,25,UH0130
2022,SCIAN 2018,624412,62,25,UH0267
2022,SCIAN 2018,462210,46,25,FL01
2022,SCIAN 2018,811113,81,24,UH0314
2022,SCIAN 2018,611162,61,23,UH0196
2022,SCIAN 2018,611142,61,23,UH0192
2022,SCIAN 2018,541510,54,23,UH0139
2022,SCIAN 2018,463218,46,23,FL01
2022,SCIAN 2018,465213,46,23,FL01
2022,SCIAN 2018,468419,46,22,FL01
2022,SCIAN 2018,531319,53,22,UH0109
2022,SCIAN 2018,811122,81,21,UH0319
2022,SCIAN 2018,524110,52,21,UH0099
2022,SCIAN 2018,532310,53,21,UH0116
2022,SCIAN 2018,464122,46,21,FL01
2022,SCIAN 2018,532281,53,20,UH0113
2022,SCIAN 2018,468412,46,20,FL01
2022,SCIAN 2018,621311,62,20,UH0223
2022,SCIAN 2018,611512,61,20,UH0211
2022,SCIAN 2018,711311,71,18,UH0276
2022,SCIAN 2018,713291,71,18,UH0288
2022,SCIAN 2018,713944,71,18,UH0294
2022,SCIAN 2018,722411,72,17,UH0310
2022,SCIAN 2018,722320,72,16,UH0309
2022,SCIAN 2018,621112,62,16,FL05
2022,SCIAN 2018,621421,62,16,UH0233
2022,SCIAN 2018,621116,62,16,FL05
2022,SCIAN 2018,811314,81,16,UH0328
2022,SCIAN 2018,561620,56,16,UH0176
2022,SCIAN 2018,713998,71,15,UH0298
2022,SCIAN 2018,541690,54,15,UH0142
2022,SCIAN 2018,721311,72,15,UH0305
2022,SCIAN 2018,711312,71,15,UH0277
2022,SCIAN 2018,531114,53,15,UH0105
2022,SCIAN 2018,622112,62,14,UH0242
2022,SCIAN 2018,522490,52,14,FL02
2022,SCIAN 2018,561330,56,14,UH0163
2022,SCIAN 2018,519122,51,13,UH0083
2022,SCIAN 2018,467117,46,13,FL01
2022,SCIAN 2018,611131,61,13,UH0189
2022,SCIAN 2018,623991,62,13,UH0250
2022,SCIAN 2018,461220,46,12,FL01
2022,SCIAN 2018,469110,46,12,FL01
2022,SCIAN 2018,512130,51,12,UH0074
2022,SCIAN 2018,515110,51,12,FL12
2022,SCIAN 2018,623221,62,12,UH0247
2022,SCIAN 2018,532493,53,11,UH0121
2022,SCIAN 2018,611182,61,11,UH0200
2022,SCIAN 2018,624212,62,11,UH0260
2022,SCIAN 2018,624112,62,11,UH0253
2022,SCIAN 2018,623311,62,11,UH0248
2022,SCIAN 2018,624199,62,11,UH0258
2022,SCIAN 2018,712112,71,11,UH0282
2022,SCIAN 2018,524220,52,10,UH0102
2022,SCIAN 2018,522390,52,10,UH0090
2022,SCIAN 2018,485510,48,10,UH0052
2022,SCIAN 2018,624111,62,10,UH0252
2022,SCIAN 2018,561440,56,10,UH0169
2022,SCIAN 2018,532492,53,10,UH0120
2022,SCIAN 2018,622311,62,9,UH0244
2022,SCIAN 2018,713992,71,9,UH0297
2022,SCIAN 2018,532110,53,9,UH0110
2022,SCIAN 2018,541340,54,9,UH0131
2022,SCIAN 2018,491110,49,9,UH0064
2022,SCIAN 2018,488519,48,9,UH0062
2022,SCIAN 2018,813130,81,9,UH0346
2022,SCIAN 2018,811311,81,9,UH0325
2022,SCIAN 2018,522220,52,8,UH0087
2022,SCIAN 2018,522451,52,8,UH0092
2022,SCIAN 2018,466314,46,8,FL01
2022,SCIAN 2018,561710,56,8,UH0177
2022,SCIAN 2018,722310,72,8,UH0308
2022,SCIAN 2018,541620,54,8,UH0141
2022,SCIAN 2018,541380,54,8,UH0135
2022,SCIAN 2018,541850,54,7,UH0150
2022,SCIAN 2018,532289,53,7,UH0114
2022,SCIAN 2018,721190,72,7,UH0303
2022,SCIAN 2018,487110,48,7,UH0054
2022,SCIAN 2018,488410,48,7,UH0057
2022,SCIAN 2018,511112,51,7,FL12
2022,SCIAN 2018,611181,61,7,UH0199
2022,SCIAN 2018,561990,56,7,UH0184
2022,SCIAN 2018,611211,61,6,UH0201
2022,SCIAN 2018,561720,56,6,UH0178
2022,SCIAN 2018,811313,81,6,UH0327
2022,SCIAN 2018,621910,62,6,UH0238
2022,SCIAN 2018,541410,54,6,UH0136
2022,SCIAN 2018,621491,62,6,UH0234
2022,SCIAN 2018,611421,61,6,UH0207
2022,SCIAN 2018,484229,48,6,UH0043
2022,SCIAN 2018,515120,51,6,FL12
2022,SCIAN 2018,484210,48,6,UH0040
2022,SCIAN 2018,531112,53,6,UH0103
2022,SCIAN 2018,522440,52,6,UH0091
2022,SCIAN 2018,713941,71,6,UH0291
2022,SCIAN 2018,561310,56,5,UH0161
2022,SCIAN 2018,561520,56,5,UH0173
2022,SCIAN 2018,488990,48,5,UH0063
2022,SCIAN 2018,484239,48,5,UH0046
2022,SCIAN 2018,467116,46,5,FL01
2022,SCIAN 2018,519121,51,5,UH0082
2022,SCIAN 2018,484221,48,5,UH0041
2022,SCIAN 2018,624198,62,5,UH0257
2022,SCIAN 2018,711510,71,5,UH0280
2022,SCIAN 2018,468413,46,5,FL01
2022,SCIAN 2018,611612,61,5,UH0213
2022,SCIAN 2018,713111,71,5,UH0284
2022,SCIAN 2018,812322,81,5,FL08
2022,SCIAN 2018,812910,81,5,UH0342
2022,SCIAN 2018,522210,52,5,UH0086
2022,SCIAN 2018,713112,71,5,UH0285
2022,SCIAN 2018,621342,62,5,UH0228
2022,SCIAN 2018,624312,62,4,UH0265
2022,SCIAN 2018,484119,48,4,UH0037
2022,SCIAN 2018,711131,71,4,UH0271
2022,SCIAN 2018,621332,62,4,UH0226
2022,SCIAN 2018,611151,61,4,UH0193
2022,SCIAN 2018,623111,62,4,UH0245
2022,SCIAN 2018,541370,54,4,UH0134
2022,SCIAN 2018,466313,46,4,FL01
2022,SCIAN 2018,812120,81,4,UH0337
2022,SCIAN 2018,561320,56,4,UH0162
2022,SCIAN 2018,561421,56,4,UH0165
2022,SCIAN 2018,611431,61,4,UH0209
2022,SCIAN 2018,541711,54,4,UH0143
2022,SCIAN 2018,561790,56,3,UH0181
2022,SCIAN 2018,561920,56,3,UH0183
2022,SCIAN 2018,621411,62,3,UH0232
2022,SCIAN 2018,519110,51,3,FL12
2022,SCIAN 2018,713113,71,3,UH0286
2022,SCIAN 2018,713950,71,3,UH0295
2022,SCIAN 2018,484222,48,3,UH0042
2022,SCIAN 2018,531115,53,3,UH0106
2022,SCIAN 2018,711212,71,3,UH0275
2022,SCIAN 2018,512112,51,3,UH0072
2022,SCIAN 2018,485990,48,3,UH0053
2022,SCIAN 2018,624122,62,3,UH0255
2022,SCIAN 2018,624121,62,3,UH0254
2022,SCIAN 2018,465214,46,3,FL01
2022,SCIAN 2018,712132,71,3,UH0283
2022,SCIAN 2018,711121,71,3,UH0270
2022,SCIAN 2018,541219,54,3,UH0127
2022,SCIAN 2018,541350,54,3,UH0132
2022,SCIAN 2018,623211,62,3,UH0385
2022,SCIAN 2018,813140,81,2,UH0347
2022,SCIAN 2018,713942,71,2,UH0292
2022,SCIAN 2018,713299,71,2,UH0289
2022,SCIAN 2018,712131,71,2,UH0386
2022,SCIAN 2018,712111,71,2,UH0281
2022,SCIAN 2018,624211,62,2,UH0259
2022,SCIAN 2018,711111,71,2,UH0268
2022,SCIAN 2018,523110,52,2,UH0095
2022,SCIAN 2018,524130,52,2,UH0100
2022,SCIAN 2018,511131,51,2,FL12
2022,SCIAN 2018,511132,51,2,FL12
2022,SCIAN 2018,511210,51,2,FL12
2022,SCIAN 2018,512113,51,2,UH0073
2022,SCIAN 2018,493119,49,2,UH0068
2022,SCIAN 2018,511121,51,2,FL12
2022,SCIAN 2018,481210,48,2,UH0035
2022,SCIAN 2018,481111,48,2,UH0034
2022,SCIAN 2018,484231,48,2,UH0044
2022,SCIAN 2018,484121,48,2,UH0038
2022,SCIAN 2018,485320,48,2,UH0050
2022,SCIAN 2018,541490,54,2,UH0138
2022,SCIAN 2018,541712,54,2,UH0144
2022,SCIAN 2018,541860,54,2,UH0376
2022,SCIAN 2018,721210,72,2,UH0304
2022,SCIAN 2018,541942,54,2,UH0156
2022,SCIAN 2018,541910,54,2,UH0153
2022,SCIAN 2018,541990,54,2,UH0158
2022,SCIAN 2018,541943,54,2,UH0157
2022,SCIAN 2018,561210,56,2,UH0160
2022,SCIAN 2018,561422,56,2,UH0166
2022,SCIAN 2018,561450,56,2,UH0170
2022,SCIAN 2018,622211,62,2,UH0383
2022,SCIAN 2018,721312,72,2,UH0306
2022,SCIAN 2018,611632,61,2,UH0379
2022,SCIAN 2018,562121,56,2,FL11
2022,SCIAN 2018,562911,56,2,FL11
2022,SCIAN 2018,562221,56,2,FL11
2022,SCIAN 2018,562998,56,2,FL11
2022,SCIAN 2018,611411,61,2,UH0205
2022,SCIAN 2018,621212,62,2,UH0222
2022,SCIAN 2018,621610,62,2,UH0237
2022,SCIAN 2018,621512,62,2,UH0236
2022,SCIAN 2018,812321,81,1,FL08
2022,SCIAN 2018,621114,62,1,FL05
2022,SCIAN 2018,621312,62,1,UH0380
2022,SCIAN 2018,621392,62,1,UH0381
2022,SCIAN 2018,621492,62,1,UH0382
2022,SCIAN 2018,621991,62,1,UH0239
2022,SCIAN 2018,611152,61,1,UH0194
2022,SCIAN 2018,611622,61,1,UH0215
2022,SCIAN 2018,611699,61,1,UH0219
2022,SCIAN 2018,561740,56,1,UH0180
2022,SCIAN 2018,562111,56,1,FL11
2022,SCIAN 2018,561590,56,1,UH0174
2022,SCIAN 2018,621992,62,1,UH0240
2022,SCIAN 2018,622212,62,1,UH0243
2022,SCIAN 2018,622312,62,1,UH0384
2022,SCIAN 2018,623312,62,1,UH0249
2022,SCIAN 2018,541820,54,1,UH0375
2022,SCIAN 2018,541830,54,1,UH0148
2022,SCIAN 2018,541840,54,1,UH0149
2022,SCIAN 2018,541870,54,1,UH0151
2022,SCIAN 2018,532122,53,1,UH0373
2022,SCIAN 2018,532210,53,1,UH0112
2022,SCIAN 2018,532420,53,1,UH0119
2022,SCIAN 2018,532491,53,1,UH0374
2022,SCIAN 2018,531119,53,1,FL03
2022,SCIAN 2018,532121,53,1,UH0111
2022,SCIAN 2018,624221,62,1,UH0261
2022,SCIAN 2018,624222,62,1,UH0262
2022,SCIAN 2018,711112,71,1,UH0269
2022,SCIAN 2018,523121,52,1,UH0096
2022,SCIAN 2018,531111,53,1,UH0372
2022,SCIAN 2018,531116,53,1,FL03
2022,SCIAN 2018,511192,51,1,FL12
2022,SCIAN 2018,518210,51,1,UH0081
2022,SCIAN 2018,519130,51,1,FL12
2022,SCIAN 2018,485410,48,1,UH0051
2022,SCIAN 2018,488190,48,1,UH0370
2022,SCIAN 2018,488491,48,1,UH0058
2022,SCIAN 2018,488492,48,1,UH0059
2022,SCIAN 2018,488493,48,1,UH0060
2022,SCIAN 2018,511111,51,1,FL12
2022,SCIAN 2018,482110,48,1,UH0036
2022,SCIAN 2018,484232,48,1,UH0045
2022,SCIAN 2018,711410,71,1,UH0279
2022,SCIAN 2018,468414,46,1,FL01
2022,SCIAN 2018,466113,46,1,FL01
2022,SCIAN 2018,811123,81,1,FL09
2023,SCIAN 2018,461110,46,3765,FL01
2023,SCIAN 2018,812110,81,2334,UH0336
2023,SCIAN 2018,463211,46,1490,FL01
2023,SCIAN 2018,722514,72,1396,FL06
2023,SCIAN 2018,621211,62,1171,UH0221
2023,SCIAN 2018,722513,72,1075,FL06
2023,SCIAN 2018,465311,46,951,FL01
2023,SCIAN 2018,461130,46,854,FL01
2023,SCIAN 2018,811111,81,797,UH0312
2023,SCIAN 2018,722515,72,717,FL06
2023,SCIAN 2018,722518,72,713,FL07
2023,SCIAN 2018,722517,72,680,FL07
2023,SCIAN 2018,621113,62,569,FL04
2023,SCIAN 2018,467111,46,569,FL01
2023,SCIAN 2018,722511,72,547,FL06
2023,SCIAN 2018,522110,52,546,UH0085
2023,SCIAN 2018,467115,46,540,FL01
2023,SCIAN 2018,722519,72,529,FL06
2023,SCIAN 2018,464111,46,527,FL01
2023,SCIAN 2018,461121,46,486,FL01
2023,SCIAN 2018,813210,81,441,UH0348
2023,SCIAN 2018,461122,46,433,FL01
2023,SCIAN 2018,461160,46,402,FL01
2023,SCIAN 2018,621111,62,400,FL04
2023,SCIAN 2018,466410,46,400,FL01
2023,SCIAN 2018,468211,46,395,FL01
2023,SCIAN 2018,811121,81,379,FL09
2023,SCIAN 2018,531113,53,373,UH0104
2023,SCIAN 2018,463310,46,369,FL01
2023,SCIAN 2018,812210,81,365,UH0339
2023,SCIAN 2018,541110,54,363,UH0123
2023,SCIAN 2018,466212,46,339,FL01
2023,SCIAN 2018,462112,46,317,FL01
2023,SCIAN 2018,811499,81,315,UH0335
2023,SCIAN 2018,561432,56,293,UH0168
2023,SCIAN 2018,561510,56,292,UH0172
2023,SCIAN 2018,465111,46,288,FL01
2023,SCIAN 2018,713943,71,268,UH0293
2023,SCIAN 2018,466312,46,266,FL01
2023,SCIAN 2018,722412,72,262,UH0311
2023,SCIAN 2018,465912,46,261,FL01
2023,SCIAN 2018,461190,46,251,FL01
2023,SCIAN 2018,611122,61,249,UH0188
2023,SCIAN 2018,541211,54,248,UH0126
2023,SCIAN 2018,464113,46,221,FL01
2023,SCIAN 2018,463215,46,221,FL01
2023,SCIAN 2018,465215,46,221,FL01
2023,SCIAN 2018,461212,46,219,FL01
2023,SCIAN 2018,811192,81,217,UH0321
2023,SCIAN 2018,811191,81,215,UH0320
2023,SCIAN 2018,811219,81,213,UH0324
2023,SCIAN 2018,621511,62,206,UH0235
2023,SCIAN 2018,467114,46,200,FL01
2023,SCIAN 2018,461150,46,195,FL01
2023,SCIAN 2018,811112,81,194,UH0313
2023,SCIAN 2018,467113,46,191,FL01
2023,SCIAN 2018,461170,46,187,FL01
2023,SCIAN 2018,812410,81,186,UH0341
2023,SCIAN 2018,611112,61,180,UH0186
2023,SCIAN 2018,722512,72,174,FL06
2023,SCIAN 2018,466111,46,168,FL01
2023,SCIAN 2018,465915,46,161,FL01
2023,SCIAN 2018,541941,54,158,UH0155
2023,SCIAN 2018,464121,46,157,FL01
2023,SCIAN 2018,624191,62,155,UH0256
2023,SCIAN 2018,465112,46,149,FL01
2023,SCIAN 2018,461140,46,149,FL01
2023,SCIAN 2018,811491,81,135,UH0332
2023,SCIAN 2018,713120,71,135,UH0287
2023,SCIAN 2018,463213,46,132,FL01
2023,SCIAN 2018,621331,62,128,UH0225
2023,SCIAN 2018,811119,81,125,UH0318
2023,SCIAN 2018,611621,61,122,UH0214
2023,SCIAN 2018,621398,62,114,UH0230
2023,SCIAN 2018,813230,81,114,UH0349
2023,SCIAN 2018,811410,81,111,UH0329
2023,SCIAN 2018,464112,46,111,FL01
2023,SCIAN 2018,463113,46,111,FL01
2023,SCIAN 2018,811211,81,110,UH0323
2023,SCIAN 2018,561431,56,109,UH0167
2023,SCIAN 2018,811430,81,108,UH0331
2023,SCIAN 2018,463216,46,108,FL01
2023,SCIAN 2018,611111,61,107,UH0185
2023,SCIAN 2018,722516,72,107,UH0307
2023,SCIAN 2018,465914,46,106,FL01
2023,SCIAN 2018,463214,46,105,FL01
2023,SCIAN 2018,811420,81,104,UH0330
2023,SCIAN 2018,465212,46,103,FL01
2023,SCIAN 2018,811492,81,98,UH0333
2023,SCIAN 2018,611171,61,95,UH0197
2023,SCIAN 2018,461123,46,93,FL01
2023,SCIAN 2018,541920,54,92,UH0154
2023,SCIAN 2018,811312,81,90,UH0326
2023,SCIAN 2018,624411,62,88,UH0266
2023,SCIAN 2018,468420,46,88,FL01
2023,SCIAN 2018,531210,53,87,UH0107
2023,SCIAN 2018,468411,46,86,FL01
2023,SCIAN 2018,465919,46,85,FL01
2023,SCIAN 2018,465911,46,82,FL01
2023,SCIAN 2018,466112,46,81,FL01
2023,SCIAN 2018,466211,46,78,FL01
2023,SCIAN 2018,466114,46,78,FL01
2023,SCIAN 2018,611611,61,77,UH0212
2023,SCIAN 2018,465313,46,75,FL01
2023,SCIAN 2018,522452,52,75,UH0093
2023,SCIAN 2018,467112,46,73,FL01
2023,SCIAN 2018,811199,81,72,UH0322
2023,SCIAN 2018,468112,46,72,FL01
2023,SCIAN 2018,611311,61,69,UH0203
2023,SCIAN 2018,812990,81,69,UH0343
2023,SCIAN 2018,532282,53,66,UH0115
2023,SCIAN 2018,463212,46,65,FL01
2023,SCIAN 2018,621391,62,65,UH0229
2023,SCIAN 2018,721111,72,65,UH0300
2023,SCIAN 2018,466319,46,64,FL01
2023,SCIAN 2018,813120,81,64,UH0345
2023,SCIAN 2018,461213,46,62,FL01
2023,SCIAN 2018,522460,52,61,FL02
2023,SCIAN 2018,492110,49,61,UH0065
2023,SCIAN 2018,811493,81,60,UH0334
2023,SCIAN 2018,468213,46,59,FL01
2023,SCIAN 2018,621320,62,58,UH0224
2023,SCIAN 2018,611312,61,58,UH0204
2023,SCIAN 2018,517311,51,56,UH0077
2023,SCIAN 2018,462111,46,56,FL01
2023,SCIAN 2018,461211,46,55,FL01
2023,SCIAN 2018,485111,48,55,FL10
2023,SCIAN 2018,468212,46,55,FL01
2023,SCIAN 2018,721112,72,54,UH0301
2023,SCIAN 2018,621341,62,54,UH0227
2023,SCIAN 2018,811129,81,53,FL09
2023,SCIAN 2018,541430,54,52,UH0137
2023,SCIAN 2018,541610,54,52,UH0140
2023,SCIAN 2018,541810,54,51,UH0147
2023,SCIAN 2018,541120,54,49,UH0124
2023,SCIAN 2018,465211,46,49,FL01
2023,SCIAN 2018,524210,52,48,UH0101
2023,SCIAN 2018,468311,46,47,FL01
2023,SCIAN 2018,811114,81,46,UH0315
2023,SCIAN 2018,811116,81,46,UH0317
2023,SCIAN 2018,621115,62,44,FL04
2023,SCIAN 2018,468111,46,44,FL01
2023,SCIAN 2018,811115,81,43,UH0316
2023,SCIAN 2018,611161,61,43,UH0195
2023,SCIAN 2018,813110,81,42,UH0344
2023,SCIAN 2018,611511,61,42,UH0210
2023,SCIAN 2018,522320,52,42,UH0089
2023,SCIAN 2018,812130,81,40,UH0338
2023,SCIAN 2018,541310,54,40,UH0128
2023,SCIAN 2018,517910,51,39,UH0080
2023,SCIAN 2018,463112,46,39,FL01
2023,SCIAN 2018,611691,61,39,UH0217
2023,SCIAN 2018,466311,46,38,FL01
2023,SCIAN 2018,611172,61,38,UH0198
2023,SCIAN 2018,611121,61,37,UH0187
2023,SCIAN 2018,532411,53,37,UH0117
2023,SCIAN 2018,485210,48,37,UH0048
2023,SCIAN 2018,721113,72,37,UH0302
2023,SCIAN 2018,611132,61,36,UH0190
2023,SCIAN 2018,465913,46,35,FL01
2023,SCIAN 2018,541890,54,34,UH0152
2023,SCIAN 2018,465312,46,33,FL01
2023,SCIAN 2018,713991,71,33,UH0296
2023,SCIAN 2018,611698,61,32,UH0218
2023,SCIAN 2018,523122,52,31,UH0097
2023,SCIAN 2018,611631,61,30,UH0216
2023,SCIAN 2018,463111,46,30,FL01
2023,SCIAN 2018,465216,46,30,FL01
2023,SCIAN 2018,541190,54,29,UH0125
2023,SCIAN 2018,812310,81,28,UH0340
2023,SCIAN 2018,561110,56,28,UH0159
2023,SCIAN 2018,561610,56,28,UH0175
2023,SCIAN 2018,623992,62,28,UH0251
2023,SCIAN 2018,463217,46,28,FL01
2023,SCIAN 2018,484129,48,27,UH0039
2023,SCIAN 2018,531311,53,27,UH0108
2023,SCIAN 2018,622111,62,26,UH0241
2023,SCIAN 2018,624412,62,25,UH0267
2023,SCIAN 2018,541330,54,24,UH0130
2023,SCIAN 2018,462210,46,24,FL01
2023,SCIAN 2018,811113,81,24,UH0314
2023,SCIAN 2018,611142,61,23,UH0192
2023,SCIAN 2018,524110,52,23,UH0099
2023,SCIAN 2018,611162,61,23,UH0196
2023,SCIAN 2018,541510,54,23,UH0139
2023,SCIAN 2018,465213,46,23,FL01
2023,SCIAN 2018,463218,46,23,FL01
2023,SCIAN 2018,468419,46,22,FL01
2023,SCIAN 2018,531319,53,22,UH0109
2023,SCIAN 2018,532310,53,21,UH0116
2023,SCIAN 2018,811122,81,21,UH0319
2023,SCIAN 2018,517312,51,21,UH0078
2023,SCIAN 2018,621311,62,20,UH0223
2023,SCIAN 2018,611512,61,20,UH0211
2023,SCIAN 2018,532281,53,20,UH0113
2023,SCIAN 2018,468412,46,20,FL01
2023,SCIAN 2018,464122,46,20,FL01
2023,SCIAN 2018,531114,53,19,UH0105
2023,SCIAN 2018,713944,71,18,UH0294
2023,SCIAN 2018,522451,52,18,UH0092
2023,SCIAN 2018,713291,71,18,UH0288
2023,SCIAN 2018,711311,71,18,UH0276
2023,SCIAN 2018,722411,72,17,UH0310
2023,SCIAN 2018,561620,56,17,UH0176
2023,SCIAN 2018,721311,72,16,UH0305
2023,SCIAN 2018,621421,62,16,UH0233
2023,SCIAN 2018,621116,62,16,FL05
2023,SCIAN 2018,811314,81,16,UH0328
2023,SCIAN 2018,621112,62,16,FL05
2023,SCIAN 2018,541690,54,15,UH0142
2023,SCIAN 2018,722320,72,15,UH0309
2023,SCIAN 2018,711312,71,15,UH0277
2023,SCIAN 2018,713998,71,15,UH0298
2023,SCIAN 2018,622112,62,14,UH0242
2023,SCIAN 2018,623991,62,13,UH0250
2023,SCIAN 2018,519122,51,13,UH0083
2023,SCIAN 2018,467117,46,13,FL01
2023,SCIAN 2018,515110,51,12,FL12
2023,SCIAN 2018,512130,51,12,UH0074
2023,SCIAN 2018,461220,46,12,FL01
2023,SCIAN 2018,623221,62,12,UH0247
2023,SCIAN 2018,623311,62,11,UH0248
2023,SCIAN 2018,532493,53,11,UH0121
2023,SCIAN 2018,488519,48,11,UH0062
2023,SCIAN 2018,624212,62,11,UH0260
2023,SCIAN 2018,624199,62,11,UH0258
2023,SCIAN 2018,712112,71,11,UH0282
2023,SCIAN 2018,624112,62,11,UH0253
2023,SCIAN 2018,611182,61,11,UH0200
2023,SCIAN 2018,611131,61,11,UH0189
2023,SCIAN 2018,713992,71,10,UH0297
2023,SCIAN 2018,622311,62,10,UH0244
2023,SCIAN 2018,624111,62,10,UH0252
2023,SCIAN 2018,532492,53,10,UH0120
2023,SCIAN 2018,485510,48,10,UH0052
2023,SCIAN 2018,522390,52,10,UH0090
2023,SCIAN 2018,488990,48,10,UH0063
2023,SCIAN 2018,469110,46,10,FL01
2023,SCIAN 2018,811311,81,9,UH0325
2023,SCIAN 2018,522490,52,9,FL02
2023,SCIAN 2018,561330,56,9,UH0163
2023,SCIAN 2018,561440,56,9,UH0169
2023,SCIAN 2018,524220,52,9,UH0102
2023,SCIAN 2018,541340,54,9,UH0131
2023,SCIAN 2018,491110,49,9,UH0064
2023,SCIAN 2018,813130,81,9,UH0346
2023,SCIAN 2018,466314,46,8,FL01
2023,SCIAN 2018,468413,46,8,FL01
2023,SCIAN 2018,541620,54,8,UH0141
2023,SCIAN 2018,561710,56,8,UH0177
2023,SCIAN 2018,532110,53,8,UH0110
2023,SCIAN 2018,722310,72,7,UH0308
2023,SCIAN 2018,522220,52,7,UH0087
2023,SCIAN 2018,511112,51,7,FL12
2023,SCIAN 2018,532289,53,7,UH0114
2023,SCIAN 2018,522440,52,7,UH0091
2023,SCIAN 2018,487110,48,7,UH0054
2023,SCIAN 2018,488410,48,7,UH0057
2023,SCIAN 2018,721190,72,7,UH0303
2023,SCIAN 2018,611181,61,7,UH0199
2023,SCIAN 2018,541380,54,7,UH0135
2023,SCIAN 2018,541410,54,7,UH0136
2023,SCIAN 2018,561990,56,7,UH0184
2023,SCIAN 2018,611421,61,6,UH0207
2023,SCIAN 2018,484210,48,6,UH0040
2023,SCIAN 2018,811313,81,6,UH0327
2023,SCIAN 2018,713941,71,6,UH0291
2023,SCIAN 2018,621491,62,6,UH0234
2023,SCIAN 2018,621910,62,6,UH0238
2023,SCIAN 2018,541850,54,6,UH0150
2023,SCIAN 2018,531112,53,6,UH0103
2023,SCIAN 2018,484229,48,6,UH0043
2023,SCIAN 2018,713111,71,5,UH0284
2023,SCIAN 2018,711510,71,5,UH0280
2023,SCIAN 2018,519121,51,5,UH0082
2023,SCIAN 2018,522210,52,5,UH0086
2023,SCIAN 2018,515120,51,5,FL12
2023,SCIAN 2018,713112,71,5,UH0285
2023,SCIAN 2018,541370,54,5,UH0134
2023,SCIAN 2018,467116,46,5,FL01
2023,SCIAN 2018,484239,48,5,UH0046
2023,SCIAN 2018,561720,56,5,UH0178
2023,SCIAN 2018,611211,61,5,UH0201
2023,SCIAN 2018,621342,62,5,UH0228
2023,SCIAN 2018,812910,81,5,UH0342
2023,SCIAN 2018,611612,61,5,UH0213
2023,SCIAN 2018,812322,81,5,FL08
2023,SCIAN 2018,484221,48,5,UH0041
2023,SCIAN 2018,624198,62,5,UH0257
2023,SCIAN 2018,812120,81,4,UH0337
2023,SCIAN 2018,624312,62,4,UH0265
2023,SCIAN 2018,623111,62,4,UH0245
2023,SCIAN 2018,621332,62,4,UH0226
2023,SCIAN 2018,711131,71,4,UH0271
2023,SCIAN 2018,541711,54,4,UH0143
2023,SCIAN 2018,466313,46,4,FL01
2023,SCIAN 2018,611431,61,4,UH0209
2023,SCIAN 2018,561310,56,4,UH0161
2023,SCIAN 2018,561320,56,4,UH0162
2023,SCIAN 2018,561520,56,4,UH0173
2023,SCIAN 2018,561421,56,4,UH0165
2023,SCIAN 2018,561920,56,3,UH0183
2023,SCIAN 2018,541219,54,3,UH0127
2023,SCIAN 2018,465214,46,3,FL01
2023,SCIAN 2018,622211,62,3,UH0383
2023,SCIAN 2018,531115,53,3,UH0106
2023,SCIAN 2018,512112,51,3,UH0072
2023,SCIAN 2018,515210,51,3,FL12
2023,SCIAN 2018,523110,52,3,UH0095
2023,SCIAN 2018,711212,71,3,UH0275
2023,SCIAN 2018,712132,71,3,UH0283
2023,SCIAN 2018,711121,71,3,UH0270
2023,SCIAN 2018,713113,71,3,UH0286
2023,SCIAN 2018,713950,71,3,UH0295
2023,SCIAN 2018,561422,56,3,UH0166
2023,SCIAN 2018,611151,61,3,UH0193
2023,SCIAN 2018,484222,48,3,UH0042
2023,SCIAN 2018,561790,56,3,UH0181
2023,SCIAN 2018,484119,48,3,UH0037
2023,SCIAN 2018,621411,62,3,UH0232
2023,SCIAN 2018,485990,48,3,UH0053
2023,SCIAN 2018,541350,54,3,UH0132
2023,SCIAN 2018,624121,62,3,UH0254
2023,SCIAN 2018,531119,53,3,FL03
2023,SCIAN 2018,488492,48,3,UH0059
2023,SCIAN 2018,623211,62,3,UH0385
2023,SCIAN 2018,624122,62,3,UH0255
2023,SCIAN 2018,511121,51,2,FL12
2023,SCIAN 2018,511132,51,2,FL12
2023,SCIAN 2018,712111,71,2,UH0281
2023,SCIAN 2018,712131,71,2,UH0386
2023,SCIAN 2018,713299,71,2,UH0289
2023,SCIAN 2018,511131,51,2,FL12
2023,SCIAN 2018,711111,71,2,UH0268
2023,SCIAN 2018,713942,71,2,UH0292
2023,SCIAN 2018,524130,52,2,UH0100
2023,SCIAN 2018,512113,51,2,UH0073
2023,SCIAN 2018,484231,48,2,UH0044
2023,SCIAN 2018,518210,51,2,UH0081
2023,SCIAN 2018,511111,51,2,FL12
2023,SCIAN 2018,493119,49,2,UH0068
2023,SCIAN 2018,624211,62,2,UH0259
2023,SCIAN 2018,621512,62,2,UH0236
2023,SCIAN 2018,485320,48,2,UH0050
2023,SCIAN 2018,532420,53,2,UH0119
2023,SCIAN 2018,541860,54,2,UH0376
2023,SCIAN 2018,621610,62,2,UH0237
2023,SCIAN 2018,541910,54,2,UH0153
2023,SCIAN 2018,541942,54,2,UH0156
2023,SCIAN 2018,541990,54,2,UH0158
2023,SCIAN 2018,541943,54,2,UH0157
2023,SCIAN 2018,561210,56,2,UH0160
2023,SCIAN 2018,611411,61,2,UH0205
2023,SCIAN 2018,561450,56,2,UH0170
2023,SCIAN 2018,481210,48,2,UH0035
2023,SCIAN 2018,484121,48,2,UH0038
2023,SCIAN 2018,468414,46,2,FL01
2023,SCIAN 2018,541712,54,2,UH0144
2023,SCIAN 2018,562121,56,2,FL11
2023,SCIAN 2018,621212,62,2,UH0222
2023,SCIAN 2018,611632,61,2,UH0379
2023,SCIAN 2018,562998,56,2,FL11
2023,SCIAN 2018,562911,56,2,FL11
2023,SCIAN 2018,721312,72,2,UH0306
2023,SCIAN 2018,721210,72,2,UH0304
2023,SCIAN 2018,813140,81,2,UH0347
2023,SCIAN 2018,611152,61,1,UH0194
2023,SCIAN 2018,621114,62,1,FL05
2023,SCIAN 2018,611699,61,1,UH0219
2023,SCIAN 2018,611622,61,1,UH0215
2023,SCIAN 2018,562111,56,1,FL11
2023,SCIAN 2018,466113,46,1,FL01
2023,SCIAN 2018,561740,56,1,UH0180
2023,SCIAN 2018,561590,56,1,UH0174
2023,SCIAN 2018,541830,54,1,UH0148
2023,SCIAN 2018,541820,54,1,UH0375
2023,SCIAN 2018,482110,48,1,UH0036
2023,SCIAN 2018,481111,48,1,UH0034
2023,SCIAN 2018,541870,54,1,UH0151
2023,SCIAN 2018,541840,54,1,UH0149
2023,SCIAN 2018,621312,62,1,UH0380
2023,SCIAN 2018,622312,62,1,UH0384
2023,SCIAN 2018,622212,62,1,UH0243
2023,SCIAN 2018,621992,62,1,UH0240
2023,SCIAN 2018,621991,62,1,UH0239
2023,SCIAN 2018,621492,62,1,UH0382
2023,SCIAN 2018,621392,62,1,UH0381
2023,SCIAN 2018,624222,62,1,UH0262
2023,SCIAN 2018,624221,62,1,UH0261
2023,SCIAN 2018,541490,54,1,UH0138
2023,SCIAN 2018,623312,62,1,UH0249
2023,SCIAN 2018,531111,53,1,UH0372
2023,SCIAN 2018,532491,53,1,UH0374
2023,SCIAN 2018,532210,53,1,UH0112
2023,SCIAN 2018,532122,53,1,UH0373
2023,SCIAN 2018,532121,53,1,UH0111
2023,SCIAN 2018,488493,48,1,UH0060
2023,SCIAN 2018,488491,48,1,UH0058
2023,SCIAN 2018,488190,48,1,UH0370
2023,SCIAN 2018,485410,48,1,UH0051
2023,SCIAN 2018,484232,48,1,UH0045
2023,SCIAN 2018,711410,71,1,UH0279
2023,SCIAN 2018,711112,71,1,UH0269
2023,SCIAN 2018,492210,49,1,UH0066
2023,SCIAN 2018,523990,52,1,UH0371
2023,SCIAN 2018,523121,52,1,UH0096
2023,SCIAN 2018,521110,52,1,UH0084
2023,SCIAN 2018,519190,51,1,FL12
2023,SCIAN 2018,517410,51,1,UH0079
2023,SCIAN 2018,811123,81,1,FL09
2023,SCIAN 2018,511210,51,1,FL12
2023,SCIAN 2018,511192,51,1,FL12
2023,SCIAN 2018,812321,81,1,FL08
2024,SCIAN 2023,461110,46,3855,FL01
2024,SCIAN 2023,812110,81,3128,UH0336
2024,SCIAN 2023,463211,46,1557,FL01
2024,SCIAN 2023,722514,72,1501,FL06
2024,SCIAN 2023,621211,62,1284,UH0221
2024,SCIAN 2023,722513,72,1181,FL06
2024,SCIAN 2023,465311,46,977,FL01
2024,SCIAN 2023,811111,81,927,UH0312
2024,SCIAN 2023,461130,46,874,FL01
2024,SCIAN 2023,722515,72,819,FL06
2024,SCIAN 2023,621113,62,783,FL04
2024,SCIAN 2023,722511,72,742,FL06
2024,SCIAN 2023,467115,46,724,FL01
2024,SCIAN 2023,722517,72,682,FL07
2024,SCIAN 2023,467111,46,661,FL01
2024,SCIAN 2023,464111,46,585,FL01
2024,SCIAN 2023,722518,72,545,FL07
2024,SCIAN 2023,522110,52,544,UH0085
2024,SCIAN 2023,722519,72,539,FL06
2024,SCIAN 2023,461121,46,515,FL01
2024,SCIAN 2023,813210,81,482,UH0348
2024,SCIAN 2023,462112,46,477,FL01
2024,SCIAN 2023,466410,46,468,FL01
2024,SCIAN 2023,461122,46,462,FL01
2024,SCIAN 2023,465912,46,424,FL01
2024,SCIAN 2023,811121,81,402,FL09
2024,SCIAN 2023,812210,81,397,UH0339
2024,SCIAN 2023,466212,46,397,FL01
2024,SCIAN 2023,461160,46,395,FL01
2024,SCIAN 2023,466312,46,385,FL01
2024,SCIAN 2023,468211,46,378,FL01
2024,SCIAN 2023,531113,53,375,UH0104
2024,SCIAN 2023,463310,46,360,FL01
2024,SCIAN 2023,541110,54,348,UH0123
2024,SCIAN 2023,713943,71,337,UH0293
2024,SCIAN 2023,465111,46,333,FL01
2024,SCIAN 2023,561510,56,327,UH0172
2024,SCIAN 2023,621111,62,324,FL04
2024,SCIAN 2023,811499,81,309,UH0335
2024,SCIAN 2023,461190,46,296,FL01
2024,SCIAN 2023,461212,46,270,FL01
2024,SCIAN 2023,611122,61,267,UH0188
2024,SCIAN 2023,722412,72,261,UH0311
2024,SCIAN 2023,461170,46,250,FL01
2024,SCIAN 2023,811192,81,249,UH0321
2024,SCIAN 2023,811219,81,239,UH0324
2024,SCIAN 2023,465215,46,237,FL01
2024,SCIAN 2023,621511,62,232,UH0235
2024,SCIAN 2023,464113,46,230,FL01
2024,SCIAN 2023,467114,46,229,FL01
2024,SCIAN 2023,722512,72,228,FL06
2024,SCIAN 2023,463215,46,226,FL01
2024,SCIAN 2023,541211,54,225,UH0126
2024,SCIAN 2023,461150,46,221,FL01
2024,SCIAN 2023,541941,54,217,UH0155
2024,SCIAN 2023,812410,81,209,UH0341
2024,SCIAN 2023,811191,81,206,UH0320
2024,SCIAN 2023,464121,46,199,FL01
2024,SCIAN 2023,722516,72,197,UH0307
2024,SCIAN 2023,467113,46,195,FL01
2024,SCIAN 2023,811112,81,195,UH0313
2024,SCIAN 2023,611112,61,188,UH0186
2024,SCIAN 2023,461140,46,179,FL01
2024,SCIAN 2023,621331,62,173,UH0225
2024,SCIAN 2023,465112,46,170,FL01
2024,SCIAN 2023,465915,46,167,FL01
2024,SCIAN 2023,466111,46,163,FL01
2024,SCIAN 2023,561432,56,156,UH0168
2024,SCIAN 2023,624191,62,153,UH0256
2024,SCIAN 2023,465212,46,145,FL01
2024,SCIAN 2023,811491,81,145,UH0332
2024,SCIAN 2023,465911,46,143,FL01
2024,SCIAN 2023,461123,46,128,FL01
2024,SCIAN 2023,811492,81,124,UH0333
2024,SCIAN 2023,811119,81,124,UH0318
2024,SCIAN 2023,811410,81,121,UH0329
2024,SCIAN 2023,465914,46,118,FL01
2024,SCIAN 2023,463214,46,117,FL01
2024,SCIAN 2023,463213,46,116,FL01
2024,SCIAN 2023,464112,46,115,FL01
2024,SCIAN 2023,561431,56,112,UH0167
2024,SCIAN 2023,611621,61,111,UH0214
2024,SCIAN 2023,621391,62,111,UH0229
2024,SCIAN 2023,468420,46,107,FL01
2024,SCIAN 2023,813230,81,104,UH0349
2024,SCIAN 2023,621398,62,103,UH0230
2024,SCIAN 2023,811430,81,97,UH0331
2024,SCIAN 2023,811420,81,97,UH0330
2024,SCIAN 2023,463113,46,96,FL01
2024,SCIAN 2023,466114,46,95,FL01
2024,SCIAN 2023,461211,46,94,FL01
2024,SCIAN 2023,811211,81,92,UH0323
2024,SCIAN 2023,811312,81,91,UH0326
2024,SCIAN 2023,713120,71,91,UH0287
2024,SCIAN 2023,492110,49,88,UH0065
2024,SCIAN 2023,611171,61,87,UH0197
2024,SCIAN 2023,463216,46,86,FL01
2024,SCIAN 2023,468311,46,84,FL01
2024,SCIAN 2023,532282,53,83,UH0115
2024,SCIAN 2023,468411,46,83,FL01
2024,SCIAN 2023,621341,62,82,UH0227
2024,SCIAN 2023,466112,46,82,FL01
2024,SCIAN 2023,467112,46,82,FL01
2024,SCIAN 2023,541920,54,80,UH0154
2024,SCIAN 2023,531210,53,79,UH0107
2024,SCIAN 2023,465919,46,78,FL01
2024,SCIAN 2023,811199,81,78,UH0322
2024,SCIAN 2023,624411,62,74,UH0266
2024,SCIAN 2023,485111,48,74,FL10
2024,SCIAN 2023,468112,46,72,FL01
2024,SCIAN 2023,812990,81,69,UH0343
2024,SCIAN 2023,541430,54,68,UH0137
2024,SCIAN 2023,465313,46,68,FL01
2024,SCIAN 2023,611311,61,68,UH0203
2024,SCIAN 2023,621320,62,67,UH0224
2024,SCIAN 2023,611611,61,67,UH0212
2024,SCIAN 2023,468213,46,66,FL01
2024,SCIAN 2023,466211,46,64,FL01
2024,SCIAN 2023,468212,46,64,FL01
2024,SCIAN 2023,813120,81,64,UH0345
2024,SCIAN 2023,721112,72,63,UH0301
2024,SCIAN 2023,461213,46,63,FL01
2024,SCIAN 2023,611111,61,63,UH0185
2024,SCIAN 2023,522452,52,61,UH0093
2024,SCIAN 2023,517311,51,59,UH0077
2024,SCIAN 2023,811493,81,59,UH0334
2024,SCIAN 2023,462111,46,58,FL01
2024,SCIAN 2023,541120,54,56,UH0124
2024,SCIAN 2023,466319,46,55,FL01
2024,SCIAN 2023,522460,52,54,FL02
2024,SCIAN 2023,721111,72,54,UH0300
2024,SCIAN 2023,812130,81,53,UH0338
2024,SCIAN 2023,811116,81,52,UH0317
2024,SCIAN 2023,467117,46,50,FL01
2024,SCIAN 2023,811114,81,50,UH0315
2024,SCIAN 2023,811115,81,50,UH0316
2024,SCIAN 2023,468111,46,49,FL01
2024,SCIAN 2023,611312,61,47,UH0204
2024,SCIAN 2023,811129,81,46,FL09
2024,SCIAN 2023,466311,46,45,FL01
2024,SCIAN 2023,532411,53,45,UH0117
2024,SCIAN 2023,611511,61,44,UH0210
2024,SCIAN 2023,463112,46,44,FL01
2024,SCIAN 2023,463212,46,43,FL01
2024,SCIAN 2023,611161,61,43,UH0195
2024,SCIAN 2023,611172,61,42,UH0198
2024,SCIAN 2023,541310,54,41,UH0128
2024,SCIAN 2023,541610,54,41,UH0140
2024,SCIAN 2023,621115,62,40,FL04
2024,SCIAN 2023,522320,52,40,UH0089
2024,SCIAN 2023,621311,62,39,UH0223
2024,SCIAN 2023,611691,61,39,UH0217
2024,SCIAN 2023,524210,52,38,UH0101
2024,SCIAN 2023,721113,72,38,UH0302
2024,SCIAN 2023,611132,61,37,UH0190
2024,SCIAN 2023,465913,46,36,FL01
2024,SCIAN 2023,465216,46,35,FL01
2024,SCIAN 2023,485210,48,35,UH0048
2024,SCIAN 2023,611121,61,34,UH0187
2024,SCIAN 2023,623221,62,34,UH0247
2024,SCIAN 2023,541190,54,32,UH0125
2024,SCIAN 2023,622111,62,31,UH0241
2024,SCIAN 2023,465312,46,31,FL01
2024,SCIAN 2023,813110,81,30,UH0344
2024,SCIAN 2023,463217,46,30,FL01
2024,SCIAN 2023,463111,46,29,FL01
2024,SCIAN 2023,611162,61,28,UH0196
2024,SCIAN 2023,812310,81,28,UH0340
2024,SCIAN 2023,531311,53,27,UH0108
2024,SCIAN 2023,531114,53,27,UH0105
2024,SCIAN 2023,713991,71,27,UH0296
2024,SCIAN 2023,541810,54,27,UH0147
2024,SCIAN 2023,462210,46,26,FL01
2024,SCIAN 2023,623992,62,26,UH0251
2024,SCIAN 2023,811122,81,25,UH0319
2024,SCIAN 2023,484129,48,25,UH0039
2024,SCIAN 2023,468419,46,24,FL01
2024,SCIAN 2023,532310,53,24,UH0116
2024,SCIAN 2023,611698,61,24,UH0218
2024,SCIAN 2023,611631,61,24,UH0216
2024,SCIAN 2023,465213,46,24,FL01
2024,SCIAN 2023,811113,81,23,UH0314
2024,SCIAN 2023,517312,51,23,UH0078
2024,SCIAN 2023,541330,54,23,UH0130
2024,SCIAN 2023,524110,52,23,UH0099
2024,SCIAN 2023,611142,61,23,UH0192
2024,SCIAN 2023,532281,53,23,UH0113
2024,SCIAN 2023,561610,56,23,UH0175
2024,SCIAN 2023,465211,46,22,FL01
2024,SCIAN 2023,517910,51,22,UH0080
2024,SCIAN 2023,523122,52,22,UH0097
2024,SCIAN 2023,621421,62,22,UH0233
2024,SCIAN 2023,541890,54,22,UH0152
2024,SCIAN 2023,621116,62,21,FL05
2024,SCIAN 2023,624412,62,20,UH0267
2024,SCIAN 2023,611512,61,20,UH0211
2024,SCIAN 2023,464122,46,20,FL01
2024,SCIAN 2023,811314,81,20,UH0328
2024,SCIAN 2023,463218,46,20,FL01
2024,SCIAN 2023,623311,62,19,UH0248
2024,SCIAN 2023,713998,71,19,UH0298
2024,SCIAN 2023,522451,52,19,UH0092
2024,SCIAN 2023,468412,46,19,FL01
2024,SCIAN 2023,713291,71,19,UH0288
2024,SCIAN 2023,522490,52,19,FL02
2024,SCIAN 2023,713944,71,18,UH0294
2024,SCIAN 2023,722320,72,17,UH0309
2024,SCIAN 2023,561110,56,17,UH0159
2024,SCIAN 2023,541510,54,17,UH0139
2024,SCIAN 2023,531319,53,17,UH0109
2024,SCIAN 2023,461220,46,17,FL01
2024,SCIAN 2023,532493,53,16,UH0121
2024,SCIAN 2023,467116,46,16,FL01
2024,SCIAN 2023,622112,62,15,UH0242
2024,SCIAN 2023,561620,56,15,UH0176
2024,SCIAN 2023,624112,62,14,UH0253
2024,SCIAN 2023,711311,71,14,UH0276
2024,SCIAN 2023,621112,62,14,FL05
2024,SCIAN 2023,712112,71,13,UH0282
2024,SCIAN 2023,722330,72,13,UH0387
2024,SCIAN 2023,532492,53,13,UH0120
2024,SCIAN 2023,516110,51,12,FL12
2024,SCIAN 2023,812910,81,12,UH0342
2024,SCIAN 2023,722310,72,12,UH0308
2024,SCIAN 2023,711312,71,12,UH0277
2024,SCIAN 2023,611182,61,12,UH0200
2024,SCIAN 2023,622311,62,11,UH0244
2024,SCIAN 2023,512130,51,11,UH0074
2024,SCIAN 2023,541690,54,11,UH0142
2024,SCIAN 2023,541340,54,11,UH0131
2024,SCIAN 2023,611181,61,11,UH0199
2024,SCIAN 2023,722411,72,11,UH0310
2024,SCIAN 2023,469110,46,11,FL01
2024,SCIAN 2023,621491,62,10,UH0234
2024,SCIAN 2023,519212,51,10,UH0083
2024,SCIAN 2023,624199,62,10,UH0258
2024,SCIAN 2023,624212,62,10,UH0260
2024,SCIAN 2023,721311,72,10,UH0305
2024,SCIAN 2023,491110,49,10,UH0064
2024,SCIAN 2023,532110,53,9,UH0110
2024,SCIAN 2023,485510,48,9,UH0052
2024,SCIAN 2023,466314,46,9,FL01
2024,SCIAN 2023,811311,81,9,UH0325
2024,SCIAN 2023,487110,48,9,UH0054
2024,SCIAN 2023,611131,61,9,UH0189
2024,SCIAN 2023,623111,62,9,UH0245
2024,SCIAN 2023,623991,62,8,UH0250
2024,SCIAN 2023,522220,52,8,UH0087
2024,SCIAN 2023,524220,52,8,UH0102
2024,SCIAN 2023,484229,48,8,UH0043
2024,SCIAN 2023,522210,52,8,UH0086
2024,SCIAN 2023,488990,48,8,UH0063
2024,SCIAN 2023,541410,54,8,UH0136
2024,SCIAN 2023,813130,81,7,UH0346
2024,SCIAN 2023,561440,56,7,UH0169
2024,SCIAN 2023,488519,48,7,UH0062
2024,SCIAN 2023,811313,81,7,UH0327
2024,SCIAN 2023,561710,56,7,UH0177
2024,SCIAN 2023,541490,54,7,UH0138
2024,SCIAN 2023,561720,56,7,UH0178
2024,SCIAN 2023,541620,54,7,UH0141
2024,SCIAN 2023,468413,46,7,FL01
2024,SCIAN 2023,522440,52,7,UH0091
2024,SCIAN 2023,713992,71,7,UH0297
2024,SCIAN 2023,466313,46,7,FL01
2024,SCIAN 2023,711510,71,7,UH0280
2024,SCIAN 2023,513112,51,6,FL12
2024,SCIAN 2023,561330,56,6,UH0163
2024,SCIAN 2023,624111,62,6,UH0252
2024,SCIAN 2023,611699,61,6,UH0219
2024,SCIAN 2023,621910,62,6,UH0238
2024,SCIAN 2023,721190,72,6,UH0303
2024,SCIAN 2023,484210,48,6,UH0040
2024,SCIAN 2023,531112,53,6,UH0103
2024,SCIAN 2023,713941,71,5,UH0291
2024,SCIAN 2023,519211,51,5,UH0082
2024,SCIAN 2023,713112,71,5,UH0285
2024,SCIAN 2023,484221,48,5,UH0041
2024,SCIAN 2023,624198,62,5,UH0257
2024,SCIAN 2023,488410,48,5,UH0057
2024,SCIAN 2023,532289,53,5,UH0114
2024,SCIAN 2023,611612,61,5,UH0213
2024,SCIAN 2023,531115,53,5,UH0106
2024,SCIAN 2023,561520,56,5,UH0173
2024,SCIAN 2023,812322,81,5,FL08
2024,SCIAN 2023,466113,46,5,FL01
2024,SCIAN 2023,541370,54,4,UH0134
2024,SCIAN 2023,541219,54,4,UH0127
2024,SCIAN 2023,484119,48,4,UH0037
2024,SCIAN 2023,713299,71,4,UH0289
2024,SCIAN 2023,484239,48,4,UH0046
2024,SCIAN 2023,711131,71,4,UH0271
2024,SCIAN 2023,492210,49,4,UH0066
2024,SCIAN 2023,516120,51,4,FL12
2024,SCIAN 2023,541380,54,4,UH0135
2024,SCIAN 2023,541711,54,4,UH0143
2024,SCIAN 2023,513111,51,4,FL12
2024,SCIAN 2023,713113,71,4,UH0286
2024,SCIAN 2023,611211,61,4,UH0201
2024,SCIAN 2023,622211,62,4,UH0383
2024,SCIAN 2023,611421,61,4,UH0207
2024,SCIAN 2023,624312,62,3,UH0265
2024,SCIAN 2023,624122,62,3,UH0255
2024,SCIAN 2023,623211,62,3,UH0385
2024,SCIAN 2023,711111,71,3,UH0268
2024,SCIAN 2023,523110,52,3,UH0095
2024,SCIAN 2023,488492,48,3,UH0059
2024,SCIAN 2023,712132,71,3,UH0283
2024,SCIAN 2023,485990,48,3,UH0053
2024,SCIAN 2023,522390,52,3,UH0090
2024,SCIAN 2023,531119,53,3,FL03
2024,SCIAN 2023,484222,48,3,UH0042
2024,SCIAN 2023,621332,62,3,UH0226
2024,SCIAN 2023,621411,62,3,UH0232
2024,SCIAN 2023,541850,54,3,UH0150
2024,SCIAN 2023,561210,56,3,UH0160
2024,SCIAN 2023,561422,56,3,UH0166
2024,SCIAN 2023,562121,56,3,FL11
2024,SCIAN 2023,561990,56,3,UH0184
2024,SCIAN 2023,561790,56,3,UH0181
2024,SCIAN 2023,541712,54,3,UH0144
2024,SCIAN 2023,812120,81,3,UH0337
2024,SCIAN 2023,812321,81,3,FL08
2024,SCIAN 2023,541942,54,2,UH0156
2024,SCIAN 2023,561310,56,2,UH0161
2024,SCIAN 2023,561320,56,2,UH0162
2024,SCIAN 2023,561740,56,2,UH0180
2024,SCIAN 2023,611212,61,2,UH0202
2024,SCIAN 2023,465214,46,2,FL01
2024,SCIAN 2023,562221,56,2,FL11
2024,SCIAN 2023,521110,52,2,UH0084
2024,SCIAN 2023,712111,71,2,UH0281
2024,SCIAN 2023,713111,71,2,UH0284
2024,SCIAN 2023,524130,52,2,UH0100
2024,SCIAN 2023,713942,71,2,UH0292
2024,SCIAN 2023,518210,51,2,UH0081
2024,SCIAN 2023,516210,51,2,FL12
2024,SCIAN 2023,513132,51,2,FL12
2024,SCIAN 2023,493190,49,2,UH0070
2024,SCIAN 2023,468414,46,2,FL01
2024,SCIAN 2023,481210,48,2,UH0035
2024,SCIAN 2023,484121,48,2,UH0038
2024,SCIAN 2023,624121,62,2,UH0254
2024,SCIAN 2023,624211,62,2,UH0259
2024,SCIAN 2023,624221,62,2,UH0261
2024,SCIAN 2023,621342,62,2,UH0228
2024,SCIAN 2023,532420,53,2,UH0119
2024,SCIAN 2023,611431,61,2,UH0209
2024,SCIAN 2023,541350,54,1,UH0132
2024,SCIAN 2023,541320,54,1,UH0129
2024,SCIAN 2023,532491,53,1,UH0374
2024,SCIAN 2023,561490,56,1,UH0171
2024,SCIAN 2023,562122,56,1,UH0350
2024,SCIAN 2023,562111,56,1,FL11
2024,SCIAN 2023,562911,56,1,FL11
2024,SCIAN 2023,562998,56,1,FL11
2024,SCIAN 2023,611151,61,1,UH0193
2024,SCIAN 2023,561920,56,1,UH0183
2024,SCIAN 2023,541840,54,1,UH0149
2024,SCIAN 2023,811123,81,1,FL09
2024,SCIAN 2023,813140,81,1,UH0347
2024,SCIAN 2023,541930,54,1,UH0390
2024,SCIAN 2023,541990,54,1,UH0158
2024,SCIAN 2023,541943,54,1,UH0157
2024,SCIAN 2023,561421,56,1,UH0165
2024,SCIAN 2023,621492,62,1,UH0382
2024,SCIAN 2023,621312,62,1,UH0380
2024,SCIAN 2023,621212,62,1,UH0222
2024,SCIAN 2023,621512,62,1,UH0236
2024,SCIAN 2023,611632,61,1,UH0379
2024,SCIAN 2023,611622,61,1,UH0215
2024,SCIAN 2023,532210,53,1,UH0112
2024,SCIAN 2023,532121,53,1,UH0111
2024,SCIAN 2023,611411,61,1,UH0205
2024,SCIAN 2023,711212,71,1,UH0275
2024,SCIAN 2023,711132,71,1,UH0391
2024,SCIAN 2023,711121,71,1,UH0270
2024,SCIAN 2023,624311,62,1,UH0264
2024,SCIAN 2023,624222,62,1,UH0262
2024,SCIAN 2023,622212,62,1,UH0243
2024,SCIAN 2023,623112,62,1,UH0246
2024,SCIAN 2023,623312,62,1,UH0249
2024,SCIAN 2023,621991,62,1,UH0239
2024,SCIAN 2023,482110,48,1,UH0036
2024,SCIAN 2023,621992,62,1,UH0240
2024,SCIAN 2023,531111,53,1,UH0372
2024,SCIAN 2023,523910,52,1,UH0098
2024,SCIAN 2023,523990,52,1,UH0371
2024,SCIAN 2023,713114,71,1,UH0392
2024,SCIAN 2023,712131,71,1,UH0386
2024,SCIAN 2023,488190,48,1,UH0370
2024,SCIAN 2023,711410,71,1,UH0279
2024,SCIAN 2023,484233,48,1,UH0389
2024,SCIAN 2023,485320,48,1,UH0050
2024,SCIAN 2023,484231,48,1,UH0044
2024,SCIAN 2023,484232,48,1,UH0045
2024,SCIAN 2023,713950,71,1,UH0295
2024,SCIAN 2023,713910,71,1,UH0290
2024,SCIAN 2023,485410,48,1,UH0051
2024,SCIAN 2023,488491,48,1,UH0058
2024,SCIAN 2023,523121,52,1,UH0096
2024,SCIAN 2023,512112,51,1,UH0072
2024,SCIAN 2023,488493,48,1,UH0060
2024,SCIAN 2023,517410,51,1,UH0079
2024,SCIAN 2023,512113,51,1,UH0073
2024,SCIAN 2023,513131,51,1,FL12
2024,SCIAN 2023,513210,51,1,FL12
2024,SCIAN 2023,721210,72,1,UH0304
2025,SCIAN 2023,461110,46,4109,FL01
2025,SCIAN 2023,812110,81,3211,UH0336
2025,SCIAN 2023,463211,46,1604,FL01
2025,SCIAN 2023,722514,72,1501,FL06
2025,SCIAN 2023,621211,62,1324,UH0221
2025,SCIAN 2023,722513,72,1225,FL06
2025,SCIAN 2023,465311,46,973,FL01
2025,SCIAN 2023,811111,81,920,UH0312
2025,SCIAN 2023,461130,46,887,FL01
2025,SCIAN 2023,722515,72,842,FL06
2025,SCIAN 2023,722517,72,755,FL07
2025,SCIAN 2023,722511,72,753,FL06
2025,SCIAN 2023,467115,46,738,FL01
2025,SCIAN 2023,621113,62,720,FL04
2025,SCIAN 2023,467111,46,664,FL01
2025,SCIAN 2023,464111,46,602,FL01
2025,SCIAN 2023,722519,72,570,FL06
2025,SCIAN 2023,722518,72,543,FL07
2025,SCIAN 2023,461121,46,521,FL01
2025,SCIAN 2023,522110,52,510,UH0085
2025,SCIAN 2023,466410,46,485,FL01
2025,SCIAN 2023,813210,81,483,UH0348
2025,SCIAN 2023,461122,46,466,FL01
2025,SCIAN 2023,465912,46,438,FL01
2025,SCIAN 2023,811121,81,410,FL09
2025,SCIAN 2023,812210,81,403,UH0339
2025,SCIAN 2023,466312,46,400,FL01
2025,SCIAN 2023,466212,46,399,FL01
2025,SCIAN 2023,461160,46,390,FL01
2025,SCIAN 2023,468211,46,385,FL01
2025,SCIAN 2023,621111,62,384,FL04
2025,SCIAN 2023,531113,53,377,UH0104
2025,SCIAN 2023,541110,54,350,UH0123
2025,SCIAN 2023,463310,46,346,FL01
2025,SCIAN 2023,561510,56,344,UH0172
2025,SCIAN 2023,465111,46,341,FL01
2025,SCIAN 2023,713943,71,339,UH0293
2025,SCIAN 2023,811499,81,315,UH0335
2025,SCIAN 2023,461190,46,303,FL01
2025,SCIAN 2023,722412,72,269,UH0311
2025,SCIAN 2023,611122,61,267,UH0188
2025,SCIAN 2023,462112,46,264,FL01
2025,SCIAN 2023,461170,46,263,FL01
2025,SCIAN 2023,465215,46,256,FL01
2025,SCIAN 2023,811219,81,252,UH0324
2025,SCIAN 2023,811192,81,249,UH0321
2025,SCIAN 2023,467114,46,245,FL01
2025,SCIAN 2023,461212,46,241,FL01
2025,SCIAN 2023,621511,62,236,UH0235
2025,SCIAN 2023,722512,72,236,FL06
2025,SCIAN 2023,463215,46,231,FL01
2025,SCIAN 2023,464113,46,228,FL01
2025,SCIAN 2023,541211,54,226,UH0126
2025,SCIAN 2023,461150,46,225,FL01
2025,SCIAN 2023,541941,54,218,UH0155
2025,SCIAN 2023,812410,81,209,UH0341
2025,SCIAN 2023,811191,81,209,UH0320
2025,SCIAN 2023,464121,46,207,FL01
2025,SCIAN 2023,467113,46,199,FL01
2025,SCIAN 2023,811112,81,198,UH0313
2025,SCIAN 2023,611112,61,189,UH0186
2025,SCIAN 2023,621331,62,185,UH0225
2025,SCIAN 2023,461140,46,185,FL01
2025,SCIAN 2023,466111,46,174,FL01
2025,SCIAN 2023,465112,46,169,FL01
2025,SCIAN 2023,465915,46,165,FL01
2025,SCIAN 2023,624191,62,163,UH0256
2025,SCIAN 2023,561432,56,153,UH0168
2025,SCIAN 2023,465911,46,153,FL01
2025,SCIAN 2023,465212,46,149,FL01
2025,SCIAN 2023,811491,81,146,UH0332
2025,SCIAN 2023,722516,72,141,UH0307
2025,SCIAN 2023,461123,46,130,FL01
2025,SCIAN 2023,811492,81,126,UH0333
2025,SCIAN 2023,811119,81,125,UH0318
2025,SCIAN 2023,611621,61,123,UH0214
2025,SCIAN 2023,811410,81,121,UH0329
2025,SCIAN 2023,463213,46,118,FL01
2025,SCIAN 2023,465914,46,117,FL01
2025,SCIAN 2023,621391,62,116,UH0229
2025,SCIAN 2023,561431,56,115,UH0167
2025,SCIAN 2023,463214,46,114,FL01
2025,SCIAN 2023,468420,46,106,FL01
2025,SCIAN 2023,621398,62,105,UH0230
2025,SCIAN 2023,464112,46,105,FL01
2025,SCIAN 2023,461211,46,102,FL01
2025,SCIAN 2023,811430,81,100,UH0331
2025,SCIAN 2023,813230,81,100,UH0349
2025,SCIAN 2023,811420,81,98,UH0330
2025,SCIAN 2023,713120,71,97,UH0287
2025,SCIAN 2023,466114,46,97,FL01
2025,SCIAN 2023,463113,46,96,FL01
2025,SCIAN 2023,468311,46,90,FL01
2025,SCIAN 2023,811312,81,90,UH0326
2025,SCIAN 2023,811211,81,89,UH0323
2025,SCIAN 2023,463216,46,88,FL01
2025,SCIAN 2023,621341,62,86,UH0227
2025,SCIAN 2023,611171,61,86,UH0197
2025,SCIAN 2023,532282,53,83,UH0115
2025,SCIAN 2023,541920,54,83,UH0154
2025,SCIAN 2023,467112,46,82,FL01
2025,SCIAN 2023,811199,81,80,UH0322
2025,SCIAN 2023,466112,46,79,FL01
2025,SCIAN 2023,468411,46,79,FL01
2025,SCIAN 2023,624411,62,77,UH0266
2025,SCIAN 2023,531210,53,77,UH0107
2025,SCIAN 2023,465919,46,76,FL01
2025,SCIAN 2023,468112,46,73,FL01
2025,SCIAN 2023,812990,81,73,UH0343
2025,SCIAN 2023,492110,49,71,UH0065
2025,SCIAN 2023,621320,62,69,UH0224
2025,SCIAN 2023,541430,54,68,UH0137
2025,SCIAN 2023,813120,81,68,UH0345
2025,SCIAN 2023,611611,61,67,UH0212
2025,SCIAN 2023,465313,46,67,FL01
2025,SCIAN 2023,468213,46,67,FL01
2025,SCIAN 2023,611311,61,67,UH0203
2025,SCIAN 2023,721112,72,66,UH0301
2025,SCIAN 2023,468212,46,65,FL01
2025,SCIAN 2023,466211,46,64,FL01
2025,SCIAN 2023,485111,48,64,FL10
2025,SCIAN 2023,461213,46,61,FL01
2025,SCIAN 2023,611111,61,59,UH0185
2025,SCIAN 2023,811493,81,58,UH0334
2025,SCIAN 2023,541120,54,57,UH0124
2025,SCIAN 2023,812130,81,56,UH0338
2025,SCIAN 2023,467117,46,55,FL01
2025,SCIAN 2023,466319,46,54,FL01
2025,SCIAN 2023,522460,52,52,FL02
2025,SCIAN 2023,721111,72,51,UH0300
2025,SCIAN 2023,811114,81,50,UH0315
2025,SCIAN 2023,524210,52,50,UH0101
2025,SCIAN 2023,811115,81,50,UH0316
2025,SCIAN 2023,811116,81,50,UH0317
2025,SCIAN 2023,522452,52,48,UH0093
2025,SCIAN 2023,463112,46,46,FL01
2025,SCIAN 2023,466311,46,45,FL01
2025,SCIAN 2023,532411,53,45,UH0117
2025,SCIAN 2023,468111,46,45,FL01
2025,SCIAN 2023,611511,61,43,UH0210
2025,SCIAN 2023,611172,61,43,UH0198
2025,SCIAN 2023,811129,81,42,FL09
2025,SCIAN 2023,541310,54,42,UH0128
2025,SCIAN 2023,611691,61,42,UH0217
2025,SCIAN 2023,621115,62,42,FL04
2025,SCIAN 2023,463212,46,41,FL01
2025,SCIAN 2023,462111,46,41,FL01
2025,SCIAN 2023,541610,54,39,UH0140
2025,SCIAN 2023,621311,62,39,UH0223
2025,SCIAN 2023,721113,72,38,UH0302
2025,SCIAN 2023,522320,52,38,UH0089
2025,SCIAN 2023,611312,61,37,UH0204
2025,SCIAN 2023,611132,61,37,UH0190
2025,SCIAN 2023,611121,61,37,UH0187
2025,SCIAN 2023,541190,54,35,UH0125
2025,SCIAN 2023,465913,46,35,FL01
2025,SCIAN 2023,611161,61,35,UH0195
2025,SCIAN 2023,485210,48,35,UH0048
2025,SCIAN 2023,623221,62,34,UH0247
2025,SCIAN 2023,465216,46,33,FL01
2025,SCIAN 2023,517311,51,32,UH0077
2025,SCIAN 2023,463217,46,31,FL01
2025,SCIAN 2023,813110,81,31,UH0344
2025,SCIAN 2023,622111,62,31,UH0241
2025,SCIAN 2023,812310,81,30,UH0340
2025,SCIAN 2023,465312,46,30,FL01
2025,SCIAN 2023,611162,61,29,UH0196
2025,SCIAN 2023,463111,46,28,FL01
2025,SCIAN 2023,541810,54,28,UH0147
2025,SCIAN 2023,532281,53,27,UH0113
2025,SCIAN 2023,531311,53,27,UH0108
2025,SCIAN 2023,623992,62,26,UH0251
2025,SCIAN 2023,811122,81,26,UH0319
2025,SCIAN 2023,713991,71,26,UH0296
2025,SCIAN 2023,541330,54,26,UH0130
2025,SCIAN 2023,531114,53,26,UH0105
2025,SCIAN 2023,811314,81,25,UH0328
2025,SCIAN 2023,522490,52,24,FL02
2025,SCIAN 2023,611698,61,24,UH0218
2025,SCIAN 2023,532310,53,24,UH0116
2025,SCIAN 2023,462210,46,24,FL01
2025,SCIAN 2023,465213,46,24,FL01
2025,SCIAN 2023,541890,54,24,UH0152
2025,SCIAN 2023,611631,61,24,UH0216
2025,SCIAN 2023,468419,46,23,FL01
2025,SCIAN 2023,561610,56,23,UH0175
2025,SCIAN 2023,611142,61,23,UH0192
2025,SCIAN 2023,465211,46,22,FL01
2025,SCIAN 2023,464122,46,22,FL01
2025,SCIAN 2023,811113,81,22,UH0314
2025,SCIAN 2023,621116,62,21,FL05
2025,SCIAN 2023,611512,61,21,UH0211
2025,SCIAN 2023,463218,46,21,FL01
2025,SCIAN 2023,621421,62,21,UH0233
2025,SCIAN 2023,624412,62,20,UH0267
2025,SCIAN 2023,517312,51,20,UH0078
2025,SCIAN 2023,468412,46,19,FL01
2025,SCIAN 2023,517910,51,19,UH0080
2025,SCIAN 2023,713291,71,19,UH0288
2025,SCIAN 2023,713998,71,19,UH0298
2025,SCIAN 2023,623311,62,19,UH0248
2025,SCIAN 2023,461220,46,19,FL01
2025,SCIAN 2023,523122,52,19,UH0097
2025,SCIAN 2023,531319,53,18,UH0109
2025,SCIAN 2023,484129,48,18,UH0039
2025,SCIAN 2023,713944,71,18,UH0294
2025,SCIAN 2023,541510,54,17,UH0139
2025,SCIAN 2023,722320,72,17,UH0309
2025,SCIAN 2023,711311,71,16,UH0276
2025,SCIAN 2023,624112,62,15,UH0253
2025,SCIAN 2023,532493,53,15,UH0121
2025,SCIAN 2023,561620,56,15,UH0176
2025,SCIAN 2023,561110,56,15,UH0159
2025,SCIAN 2023,524110,52,14,UH0099
2025,SCIAN 2023,711312,71,13,UH0277
2025,SCIAN 2023,622112,62,13,UH0242
2025,SCIAN 2023,532492,53,13,UH0120
2025,SCIAN 2023,512130,51,12,UH0074
2025,SCIAN 2023,519212,51,12,UH0083
2025,SCIAN 2023,516110,51,12,FL12
2025,SCIAN 2023,611182,61,12,UH0200
2025,SCIAN 2023,541340,54,12,UH0131
2025,SCIAN 2023,467116,46,12,FL01
2025,SCIAN 2023,712112,71,12,UH0282
2025,SCIAN 2023,469110,46,11,FL01
2025,SCIAN 2023,722411,72,11,UH0310
2025,SCIAN 2023,611181,61,11,UH0199
2025,SCIAN 2023,621491,62,11,UH0234
2025,SCIAN 2023,622311,62,11,UH0244
2025,SCIAN 2023,621112,62,11,FL05
2025,SCIAN 2023,611131,61,10,UH0189
2025,SCIAN 2023,624199,62,10,UH0258
2025,SCIAN 2023,466314,46,10,FL01
2025,SCIAN 2023,721311,72,10,UH0305
2025,SCIAN 2023,491110,49,9,UH0064
2025,SCIAN 2023,812910,81,9,UH0342
2025,SCIAN 2023,541690,54,9,UH0142
2025,SCIAN 2023,624212,62,9,UH0260
2025,SCIAN 2023,541410,54,9,UH0136
2025,SCIAN 2023,811311,81,8,UH0325
2025,SCIAN 2023,623991,62,8,UH0250
2025,SCIAN 2023,492210,49,8,UH0066
2025,SCIAN 2023,811313,81,7,UH0327
2025,SCIAN 2023,466313,46,7,FL01
2025,SCIAN 2023,485510,48,7,UH0052
2025,SCIAN 2023,711510,71,7,UH0280
2025,SCIAN 2023,561720,56,7,UH0178
2025,SCIAN 2023,561440,56,7,UH0169
2025,SCIAN 2023,561990,56,7,UH0184
2025,SCIAN 2023,532110,53,7,UH0110
2025,SCIAN 2023,541620,54,7,UH0141
2025,SCIAN 2023,813130,81,7,UH0346
2025,SCIAN 2023,488519,48,7,UH0062
2025,SCIAN 2023,561710,56,7,UH0177
2025,SCIAN 2023,524220,52,7,UH0102
2025,SCIAN 2023,561422,56,6,UH0166
2025,SCIAN 2023,522440,52,6,UH0091
2025,SCIAN 2023,519211,51,6,UH0082
2025,SCIAN 2023,541490,54,6,UH0138
2025,SCIAN 2023,468413,46,6,FL01
2025,SCIAN 2023,812322,81,6,FL08
2025,SCIAN 2023,561330,56,6,UH0163
2025,SCIAN 2023,531112,53,6,UH0103
2025,SCIAN 2023,721190,72,6,UH0303
2025,SCIAN 2023,713992,71,6,UH0297
2025,SCIAN 2023,484229,48,6,UH0043
2025,SCIAN 2023,623111,62,6,UH0245
2025,SCIAN 2023,488410,48,6,UH0057
2025,SCIAN 2023,513112,51,6,FL12
2025,SCIAN 2023,531115,53,5,UH0106
2025,SCIAN 2023,487110,48,5,UH0054
2025,SCIAN 2023,624111,62,5,UH0252
2025,SCIAN 2023,722330,72,5,UH0387
2025,SCIAN 2023,713112,71,5,UH0285
2025,SCIAN 2023,466113,46,5,FL01
2025,SCIAN 2023,713941,71,5,UH0291
2025,SCIAN 2023,484210,48,5,UH0040
2025,SCIAN 2023,624198,62,5,UH0257
2025,SCIAN 2023,611612,61,5,UH0213
2025,SCIAN 2023,516120,51,4,FL12
2025,SCIAN 2023,711111,71,4,UH0268
2025,SCIAN 2023,541850,54,4,UH0150
2025,SCIAN 2023,532289,53,4,UH0114
2025,SCIAN 2023,621332,62,4,UH0226
2025,SCIAN 2023,621910,62,4,UH0238
2025,SCIAN 2023,522220,52,4,UH0087
2025,SCIAN 2023,541380,54,4,UH0135
2025,SCIAN 2023,561520,56,4,UH0173
2025,SCIAN 2023,541219,54,4,UH0127
2025,SCIAN 2023,541370,54,4,UH0134
2025,SCIAN 2023,611211,61,4,UH0201
2025,SCIAN 2023,484221,48,3,UH0041
2025,SCIAN 2023,812120,81,3,UH0337
2025,SCIAN 2023,713113,71,3,UH0286
2025,SCIAN 2023,713111,71,3,UH0284
2025,SCIAN 2023,713299,71,3,UH0289
2025,SCIAN 2023,712132,71,3,UH0283
2025,SCIAN 2023,624312,62,3,UH0265
2025,SCIAN 2023,711131,71,3,UH0271
2025,SCIAN 2023,611421,61,3,UH0207
2025,SCIAN 2023,522451,52,3,UH0092
2025,SCIAN 2023,522390,52,3,UH0090
2025,SCIAN 2023,516210,51,3,FL12
2025,SCIAN 2023,621411,62,3,UH0232
2025,SCIAN 2023,623211,62,3,UH0385
2025,SCIAN 2023,624122,62,3,UH0255
2025,SCIAN 2023,513111,51,3,FL12
2025,SCIAN 2023,488990,48,3,UH0063
2025,SCIAN 2023,611699,61,3,UH0219
2025,SCIAN 2023,611151,61,3,UH0193
2025,SCIAN 2023,562121,56,3,FL11
2025,SCIAN 2023,561740,56,3,UH0180
2025,SCIAN 2023,561790,56,3,UH0181
2025,SCIAN 2023,541712,54,3,UH0144
2025,SCIAN 2023,541711,54,3,UH0143
2025,SCIAN 2023,561210,56,3,UH0160
2025,SCIAN 2023,561310,56,3,UH0161
2025,SCIAN 2023,812321,81,2,FL08
2025,SCIAN 2023,531119,53,2,FL03
2025,SCIAN 2023,541942,54,2,UH0156
2025,SCIAN 2023,561320,56,2,UH0162
2025,SCIAN 2023,561920,56,2,UH0183
2025,SCIAN 2023,611212,61,2,UH0202
2025,SCIAN 2023,611431,61,2,UH0209
2025,SCIAN 2023,611411,61,2,UH0205
2025,SCIAN 2023,532420,53,2,UH0119
2025,SCIAN 2023,562221,56,2,FL11
2025,SCIAN 2023,518210,51,2,UH0081
2025,SCIAN 2023,722310,72,2,UH0308
2025,SCIAN 2023,465214,46,2,FL01
2025,SCIAN 2023,713942,71,2,UH0292
2025,SCIAN 2023,485990,48,2,UH0053
2025,SCIAN 2023,484232,48,2,UH0045
2025,SCIAN 2023,485320,48,2,UH0050
2025,SCIAN 2023,624121,62,2,UH0254
2025,SCIAN 2023,624221,62,2,UH0261
2025,SCIAN 2023,468414,46,2,FL01
2025,SCIAN 2023,712111,71,2,UH0281
2025,SCIAN 2023,484239,48,2,UH0046
2025,SCIAN 2023,621342,62,2,UH0228
2025,SCIAN 2023,622211,62,2,UH0383
2025,SCIAN 2023,493190,49,2,UH0070
2025,SCIAN 2023,513132,51,2,FL12
2025,SCIAN 2023,531111,53,1,UH0372
2025,SCIAN 2023,523990,52,1,UH0371
2025,SCIAN 2023,523910,52,1,UH0098
2025,SCIAN 2023,517410,51,1,UH0079
2025,SCIAN 2023,562911,56,1,FL11
2025,SCIAN 2023,562998,56,1,FL11
2025,SCIAN 2023,611152,61,1,UH0194
2025,SCIAN 2023,532210,53,1,UH0112
2025,SCIAN 2023,532121,53,1,UH0111
2025,SCIAN 2023,532491,53,1,UH0374
2025,SCIAN 2023,561421,56,1,UH0165
2025,SCIAN 2023,561730,56,1,UH0179
2025,SCIAN 2023,541320,54,1,UH0129
2025,SCIAN 2023,541350,54,1,UH0132
2025,SCIAN 2023,562111,56,1,FL11
2025,SCIAN 2023,562122,56,1,UH0350
2025,SCIAN 2023,813140,81,1,UH0347
2025,SCIAN 2023,541840,54,1,UH0149
2025,SCIAN 2023,541820,54,1,UH0375
2025,SCIAN 2023,541943,54,1,UH0157
2025,SCIAN 2023,541930,54,1,UH0390
2025,SCIAN 2023,561590,56,1,UH0174
2025,SCIAN 2023,621992,62,1,UH0240
2025,SCIAN 2023,621991,62,1,UH0239
2025,SCIAN 2023,621512,62,1,UH0236
2025,SCIAN 2023,622212,62,1,UH0243
2025,SCIAN 2023,623312,62,1,UH0249
2025,SCIAN 2023,623112,62,1,UH0246
2025,SCIAN 2023,622312,62,1,UH0384
2025,SCIAN 2023,513131,51,1,FL12
2025,SCIAN 2023,512113,51,1,UH0073
2025,SCIAN 2023,611622,61,1,UH0215
2025,SCIAN 2023,611632,61,1,UH0379
2025,SCIAN 2023,488493,48,1,UH0060
2025,SCIAN 2023,488511,48,1,UH0061
2025,SCIAN 2023,512112,51,1,UH0072
2025,SCIAN 2023,711410,71,1,UH0279
2025,SCIAN 2023,484233,48,1,UH0389
2025,SCIAN 2023,484222,48,1,UH0042
2025,SCIAN 2023,711121,71,1,UH0270
2025,SCIAN 2023,711212,71,1,UH0275
2025,SCIAN 2023,481111,48,1,UH0034
2025,SCIAN 2023,481210,48,1,UH0035
2025,SCIAN 2023,482110,48,1,UH0036
2025,SCIAN 2023,624311,62,1,UH0264
2025,SCIAN 2023,711132,71,1,UH0391
2025,SCIAN 2023,488491,48,1,UH0058
2025,SCIAN 2023,488492,48,1,UH0059
2025,SCIAN 2023,624211,62,1,UH0259
2025,SCIAN 2023,624222,62,1,UH0262
2025,SCIAN 2023,488190,48,1,UH0370
2025,SCIAN 2023,513210,51,1,FL12
2025,SCIAN 2023,621212,62,1,UH0222
2025,SCIAN 2023,621492,62,1,UH0382
2025,SCIAN 2023,712131,71,1,UH0386
2025,SCIAN 2023,713114,71,1,UH0392
2025,SCIAN 2023,713910,71,1,UH0290
2025,SCIAN 2023,713950,71,1,UH0295
2025,SCIAN 2023,721210,72,1,UH0304
2025,SCIAN 2023,811123,81,1,FL09
2026,SCIAN 2023,461110,46,4142,FL01
2026,SCIAN 2023,812110,81,3218,UH0336
2026,SCIAN 2023,463211,46,1628,FL01
2026,SCIAN 2023,722514,72,1505,FL06
2026,SCIAN 2023,621211,62,1384,UH0221
2026,SCIAN 2023,722513,72,1228,FL06
2026,SCIAN 2023,465311,46,977,FL01
2026,SCIAN 2023,811111,81,924,UH0312
2026,SCIAN 2023,461130,46,895,FL01
2026,SCIAN 2023,722515,72,845,FL06
2026,SCIAN 2023,722517,72,762,FL07
2026,SCIAN 2023,722511,72,750,FL06
2026,SCIAN 2023,467115,46,743,FL01
2026,SCIAN 2023,621113,62,729,FL04
2026,SCIAN 2023,467111,46,676,FL01
2026,SCIAN 2023,464111,46,602,FL01
2026,SCIAN 2023,722519,72,574,FL06
2026,SCIAN 2023,722518,72,545,FL07
2026,SCIAN 2023,461121,46,522,FL01
2026,SCIAN 2023,466410,46,488,FL01
2026,SCIAN 2023,813210,81,483,UH0348
2026,SCIAN 2023,461122,46,465,FL01
2026,SCIAN 2023,465912,46,428,FL01
2026,SCIAN 2023,811121,81,410,FL09
2026,SCIAN 2023,466212,46,406,FL01
2026,SCIAN 2023,812210,81,404,UH0339
2026,SCIAN 2023,466312,46,400,FL01
2026,SCIAN 2023,461160,46,392,FL01
2026,SCIAN 2023,621111,62,392,FL04
2026,SCIAN 2023,468211,46,389,FL01
2026,SCIAN 2023,531113,53,381,UH0104
2026,SCIAN 2023,465111,46,350,FL01
2026,SCIAN 2023,463310,46,350,FL01
2026,SCIAN 2023,541110,54,350,UH0123
2026,SCIAN 2023,561510,56,343,UH0172
2026,SCIAN 2023,713943,71,341,UH0293
2026,SCIAN 2023,461212,46,325,FL01
2026,SCIAN 2023,811499,81,316,UH0335
2026,SCIAN 2023,461190,46,302,FL01
2026,SCIAN 2023,722412,72,274,UH0311
2026,SCIAN 2023,611122,61,268,UH0188
2026,SCIAN 2023,461170,46,268,FL01
2026,SCIAN 2023,465215,46,266,FL01
2026,SCIAN 2023,462112,46,265,FL01
2026,SCIAN 2023,811219,81,252,UH0324
2026,SCIAN 2023,811192,81,249,UH0321
2026,SCIAN 2023,467114,46,247,FL01
2026,SCIAN 2023,621511,62,245,UH0235
2026,SCIAN 2023,722512,72,237,FL06
2026,SCIAN 2023,463215,46,234,FL01
2026,SCIAN 2023,464113,46,229,FL01
2026,SCIAN 2023,461150,46,229,FL01
2026,SCIAN 2023,541211,54,226,UH0126
2026,SCIAN 2023,541941,54,218,UH0155
2026,SCIAN 2023,812410,81,211,UH0341
2026,SCIAN 2023,811191,81,209,UH0320
2026,SCIAN 2023,464121,46,208,FL01
2026,SCIAN 2023,621331,62,203,UH0225
2026,SCIAN 2023,467113,46,202,FL01
2026,SCIAN 2023,811112,81,198,UH0313
2026,SCIAN 2023,461140,46,190,FL01
2026,SCIAN 2023,611112,61,189,UH0186
2026,SCIAN 2023,466111,46,179,FL01
2026,SCIAN 2023,465915,46,179,FL01
2026,SCIAN 2023,465112,46,176,FL01
2026,SCIAN 2023,624191,62,170,UH0256
2026,SCIAN 2023,561432,56,153,UH0168
2026,SCIAN 2023,465911,46,153,FL01
2026,SCIAN 2023,465212,46,152,FL01
2026,SCIAN 2023,811491,81,147,UH0332
2026,SCIAN 2023,722516,72,144,UH0307
2026,SCIAN 2023,461123,46,131,FL01
2026,SCIAN 2023,611621,61,129,UH0214
2026,SCIAN 2023,811492,81,126,UH0333
2026,SCIAN 2023,811119,81,126,UH0318
2026,SCIAN 2023,463213,46,122,FL01
2026,SCIAN 2023,621391,62,122,UH0229
2026,SCIAN 2023,811410,81,121,UH0329
2026,SCIAN 2023,465914,46,119,FL01
2026,SCIAN 2023,522110,52,118,UH0085
2026,SCIAN 2023,463214,46,117,FL01
2026,SCIAN 2023,464112,46,116,FL01
2026,SCIAN 2023,561431,56,115,UH0167
2026,SCIAN 2023,621398,62,115,UH0230
2026,SCIAN 2023,468420,46,106,FL01
2026,SCIAN 2023,466114,46,104,FL01
2026,SCIAN 2023,813230,81,103,UH0349
2026,SCIAN 2023,461211,46,103,FL01
2026,SCIAN 2023,811430,81,100,UH0331
2026,SCIAN 2023,811420,81,98,UH0330
2026,SCIAN 2023,621341,62,97,UH0227
2026,SCIAN 2023,463113,46,97,FL01
2026,SCIAN 2023,713120,71,96,UH0287
2026,SCIAN 2023,468311,46,92,FL01
2026,SCIAN 2023,811312,81,92,UH0326
2026,SCIAN 2023,463216,46,91,FL01
2026,SCIAN 2023,811211,81,90,UH0323
2026,SCIAN 2023,467112,46,86,FL01
2026,SCIAN 2023,611171,61,86,UH0197
2026,SCIAN 2023,468411,46,84,FL01
2026,SCIAN 2023,532282,53,84,UH0115
2026,SCIAN 2023,541920,54,83,UH0154
2026,SCIAN 2023,624411,62,82,UH0266
2026,SCIAN 2023,531210,53,81,UH0107
2026,SCIAN 2023,466112,46,81,FL01
2026,SCIAN 2023,811199,81,80,UH0322
2026,SCIAN 2023,465919,46,76,FL01
2026,SCIAN 2023,468112,46,75,FL01
2026,SCIAN 2023,812990,81,73,UH0343
2026,SCIAN 2023,611311,61,72,UH0203
2026,SCIAN 2023,621320,62,70,UH0224
2026,SCIAN 2023,485111,48,70,FL10
2026,SCIAN 2023,813120,81,70,UH0345
2026,SCIAN 2023,611611,61,70,UH0212
2026,SCIAN 2023,541430,54,69,UH0137
2026,SCIAN 2023,468213,46,68,FL01
2026,SCIAN 2023,492110,49,68,UH0065
2026,SCIAN 2023,465313,46,67,FL01
2026,SCIAN 2023,721112,72,66,UH0301
2026,SCIAN 2023,468212,46,65,FL01
2026,SCIAN 2023,466211,46,65,FL01
2026,SCIAN 2023,522460,52,63,FL02
2026,SCIAN 2023,461213,46,62,FL01
2026,SCIAN 2023,721111,72,60,UH0300
2026,SCIAN 2023,466319,46,60,FL01
2026,SCIAN 2023,811493,81,59,UH0334
2026,SCIAN 2023,541120,54,57,UH0124
2026,SCIAN 2023,812130,81,56,UH0338
2026,SCIAN 2023,611111,61,56,UH0185
2026,SCIAN 2023,522452,52,56,UH0093
2026,SCIAN 2023,467117,46,56,FL01
2026,SCIAN 2023,524210,52,53,UH0101
2026,SCIAN 2023,811116,81,51,UH0317
2026,SCIAN 2023,517311,51,51,UH0077
2026,SCIAN 2023,811114,81,50,UH0315
2026,SCIAN 2023,811115,81,50,UH0316
2026,SCIAN 2023,532411,53,46,UH0117
2026,SCIAN 2023,468111,46,46,FL01
2026,SCIAN 2023,463112,46,46,FL01
2026,SCIAN 2023,466311,46,45,FL01
2026,SCIAN 2023,611691,61,44,UH0217
2026,SCIAN 2023,621311,62,43,UH0223
2026,SCIAN 2023,621115,62,43,FL04
2026,SCIAN 2023,611172,61,43,UH0198
2026,SCIAN 2023,611511,61,43,UH0210
2026,SCIAN 2023,463212,46,42,FL01
2026,SCIAN 2023,541310,54,42,UH0128
2026,SCIAN 2023,811129,81,42,FL09
2026,SCIAN 2023,485210,48,42,UH0048
2026,SCIAN 2023,541610,54,41,UH0140
2026,SCIAN 2023,522320,52,40,UH0089
2026,SCIAN 2023,721113,72,38,UH0302
2026,SCIAN 2023,611312,61,38,UH0204
2026,SCIAN 2023,611121,61,37,UH0187
2026,SCIAN 2023,611132,61,37,UH0190
2026,SCIAN 2023,462111,46,36,FL01
2026,SCIAN 2023,611161,61,36,UH0195
2026,SCIAN 2023,465913,46,35,FL01
2026,SCIAN 2023,541190,54,35,UH0125
2026,SCIAN 2023,465216,46,34,FL01
2026,SCIAN 2023,622111,62,33,UH0241
2026,SCIAN 2023,813110,81,31,UH0344
2026,SCIAN 2023,465312,46,31,FL01
2026,SCIAN 2023,463217,46,31,FL01
2026,SCIAN 2023,623221,62,31,UH0247
2026,SCIAN 2023,463111,46,30,FL01
2026,SCIAN 2023,812310,81,30,UH0340
2026,SCIAN 2023,611162,61,29,UH0196
2026,SCIAN 2023,541810,54,28,UH0147
2026,SCIAN 2023,541330,54,27,UH0130
2026,SCIAN 2023,531114,53,27,UH0105
2026,SCIAN 2023,532281,53,27,UH0113
2026,SCIAN 2023,531311,53,27,UH0108
2026,SCIAN 2023,811122,81,27,UH0319
2026,SCIAN 2023,713991,71,26,UH0296
2026,SCIAN 2023,611631,61,26,UH0216
2026,SCIAN 2023,522490,52,26,FL02
2026,SCIAN 2023,623992,62,26,UH0251
2026,SCIAN 2023,484129,48,25,UH0039
2026,SCIAN 2023,811314,81,25,UH0328
2026,SCIAN 2023,561610,56,24,UH0175
2026,SCIAN 2023,541890,54,24,UH0152
2026,SCIAN 2023,524110,52,24,UH0099
2026,SCIAN 2023,532310,53,24,UH0116
2026,SCIAN 2023,465213,46,24,FL01
2026,SCIAN 2023,611698,61,24,UH0218
2026,SCIAN 2023,468419,46,23,FL01
2026,SCIAN 2023,462210,46,23,FL01
2026,SCIAN 2023,464122,46,23,FL01
2026,SCIAN 2023,465211,46,22,FL01
2026,SCIAN 2023,517910,51,22,UH0080
2026,SCIAN 2023,621421,62,22,UH0233
2026,SCIAN 2023,811113,81,22,UH0314
2026,SCIAN 2023,611142,61,22,UH0192
2026,SCIAN 2023,624412,62,21,UH0267
2026,SCIAN 2023,621116,62,21,FL05
2026,SCIAN 2023,523122,52,21,UH0097
2026,SCIAN 2023,463218,46,21,FL01
2026,SCIAN 2023,623311,62,20,UH0248
2026,SCIAN 2023,611512,61,20,UH0211
2026,SCIAN 2023,713944,71,19,UH0294
2026,SCIAN 2023,713998,71,19,UH0298
2026,SCIAN 2023,713291,71,19,UH0288
2026,SCIAN 2023,492210,49,19,UH0066
2026,SCIAN 2023,517312,51,19,UH0078
2026,SCIAN 2023,468412,46,19,FL01
2026,SCIAN 2023,461220,46,19,FL01
2026,SCIAN 2023,522451,52,19,UH0092
2026,SCIAN 2023,531319,53,18,UH0109
2026,SCIAN 2023,541510,54,18,UH0139
2026,SCIAN 2023,722320,72,18,UH0309
2026,SCIAN 2023,532493,53,16,UH0121
2026,SCIAN 2023,624112,62,16,UH0253
2026,SCIAN 2023,711311,71,16,UH0276
2026,SCIAN 2023,561620,56,16,UH0176
2026,SCIAN 2023,561110,56,14,UH0159
2026,SCIAN 2023,711312,71,13,UH0277
2026,SCIAN 2023,622112,62,13,UH0242
2026,SCIAN 2023,532492,53,13,UH0120
2026,SCIAN 2023,512130,51,13,UH0074
2026,SCIAN 2023,541340,54,13,UH0131
2026,SCIAN 2023,491110,49,12,UH0064
2026,SCIAN 2023,516110,51,12,FL12
2026,SCIAN 2023,519212,51,12,UH0083
2026,SCIAN 2023,712112,71,12,UH0282
2026,SCIAN 2023,611182,61,12,UH0200
2026,SCIAN 2023,722411,72,11,UH0310
2026,SCIAN 2023,622311,62,11,UH0244
2026,SCIAN 2023,469110,46,11,FL01
2026,SCIAN 2023,621491,62,11,UH0234
2026,SCIAN 2023,621112,62,11,FL05
2026,SCIAN 2023,624212,62,10,UH0260
2026,SCIAN 2023,721311,72,10,UH0305
2026,SCIAN 2023,611131,61,10,UH0189
2026,SCIAN 2023,611181,61,10,UH0199
2026,SCIAN 2023,466314,46,10,FL01
2026,SCIAN 2023,624199,62,10,UH0258
2026,SCIAN 2023,812910,81,9,UH0342
2026,SCIAN 2023,541690,54,9,UH0142
2026,SCIAN 2023,541410,54,9,UH0136
2026,SCIAN 2023,811311,81,8,UH0325
2026,SCIAN 2023,561440,56,8,UH0169
2026,SCIAN 2023,623991,62,8,UH0250
2026,SCIAN 2023,524220,52,8,UH0102
2026,SCIAN 2023,813130,81,8,UH0346
2026,SCIAN 2023,485510,48,8,UH0052
2026,SCIAN 2023,488519,48,8,UH0062
2026,SCIAN 2023,611612,61,7,UH0213
2026,SCIAN 2023,711510,71,7,UH0280
2026,SCIAN 2023,811313,81,7,UH0327
2026,SCIAN 2023,561422,56,7,UH0166
2026,SCIAN 2023,541620,54,7,UH0141
2026,SCIAN 2023,561990,56,7,UH0184
2026,SCIAN 2023,561720,56,7,UH0178
2026,SCIAN 2023,561710,56,7,UH0177
2026,SCIAN 2023,522440,52,7,UH0091
2026,SCIAN 2023,532110,53,7,UH0110
2026,SCIAN 2023,522210,52,7,UH0086
2026,SCIAN 2023,522220,52,7,UH0087
2026,SCIAN 2023,484229,48,7,UH0043
2026,SCIAN 2023,487110,48,7,UH0054
2026,SCIAN 2023,713992,71,6,UH0297
2026,SCIAN 2023,721190,72,6,UH0303
2026,SCIAN 2023,531112,53,6,UH0103
2026,SCIAN 2023,516210,51,6,FL12
2026,SCIAN 2023,468413,46,6,FL01
2026,SCIAN 2023,488410,48,6,UH0057
2026,SCIAN 2023,513112,51,6,FL12
2026,SCIAN 2023,623111,62,6,UH0245
2026,SCIAN 2023,812322,81,6,FL08
2026,SCIAN 2023,531115,53,6,UH0106
2026,SCIAN 2023,541490,54,6,UH0138
2026,SCIAN 2023,519211,51,6,UH0082
2026,SCIAN 2023,722330,72,5,UH0387
2026,SCIAN 2023,541380,54,5,UH0135
2026,SCIAN 2023,541370,54,5,UH0134
2026,SCIAN 2023,713112,71,5,UH0285
2026,SCIAN 2023,713941,71,5,UH0291
2026,SCIAN 2023,532289,53,5,UH0114
2026,SCIAN 2023,561330,56,5,UH0163
2026,SCIAN 2023,624111,62,5,UH0252
2026,SCIAN 2023,624198,62,5,UH0257
2026,SCIAN 2023,561520,56,5,UH0173
2026,SCIAN 2023,711111,71,4,UH0268
2026,SCIAN 2023,516120,51,4,FL12
2026,SCIAN 2023,468414,46,4,FL01
2026,SCIAN 2023,621910,62,4,UH0238
2026,SCIAN 2023,488990,48,4,UH0063
2026,SCIAN 2023,623211,62,4,UH0385
2026,SCIAN 2023,484210,48,4,UH0040
2026,SCIAN 2023,611211,61,4,UH0201
2026,SCIAN 2023,621332,62,4,UH0226
2026,SCIAN 2023,541850,54,4,UH0150
2026,SCIAN 2023,466313,46,4,FL01
2026,SCIAN 2023,524130,52,4,UH0100
2026,SCIAN 2023,541219,54,4,UH0127
2026,SCIAN 2023,812120,81,3,UH0337
2026,SCIAN 2023,541711,54,3,UH0143
2026,SCIAN 2023,541712,54,3,UH0144
2026,SCIAN 2023,466113,46,3,FL01
2026,SCIAN 2023,611151,61,3,UH0193
2026,SCIAN 2023,562121,56,3,FL11
2026,SCIAN 2023,561310,56,3,UH0161
2026,SCIAN 2023,523110,52,3,UH0095
2026,SCIAN 2023,522390,52,3,UH0090
2026,SCIAN 2023,561210,56,3,UH0160
2026,SCIAN 2023,611421,61,3,UH0207
2026,SCIAN 2023,561740,56,3,UH0180
2026,SCIAN 2023,624122,62,3,UH0255
2026,SCIAN 2023,513111,51,3,FL12
2026,SCIAN 2023,713299,71,3,UH0289
2026,SCIAN 2023,485320,48,3,UH0050
2026,SCIAN 2023,713113,71,3,UH0286
2026,SCIAN 2023,722310,72,3,UH0308
2026,SCIAN 2023,624312,62,3,UH0265
2026,SCIAN 2023,711131,71,3,UH0271
2026,SCIAN 2023,713111,71,3,UH0284
2026,SCIAN 2023,712132,71,3,UH0283
2026,SCIAN 2023,611699,61,3,UH0219
2026,SCIAN 2023,493190,49,3,UH0070
2026,SCIAN 2023,621411,62,3,UH0232
2026,SCIAN 2023,484221,48,3,UH0041
2026,SCIAN 2023,611431,61,3,UH0209
2026,SCIAN 2023,562221,56,2,FL11
2026,SCIAN 2023,611411,61,2,UH0205
2026,SCIAN 2023,523121,52,2,UH0096
2026,SCIAN 2023,484232,48,2,UH0045
2026,SCIAN 2023,518210,51,2,UH0081
2026,SCIAN 2023,624221,62,2,UH0261
2026,SCIAN 2023,624121,62,2,UH0254
2026,SCIAN 2023,467116,46,2,FL01
2026,SCIAN 2023,481111,48,2,UH0034
2026,SCIAN 2023,484239,48,2,UH0046
2026,SCIAN 2023,485990,48,2,UH0053
2026,SCIAN 2023,713942,71,2,UH0292
2026,SCIAN 2023,488491,48,2,UH0058
2026,SCIAN 2023,713910,71,2,UH0290
2026,SCIAN 2023,712111,71,2,UH0281
2026,SCIAN 2023,513131,51,2,FL12
2026,SCIAN 2023,621342,62,2,UH0228
2026,SCIAN 2023,622211,62,2,UH0383
2026,SCIAN 2023,488492,48,2,UH0059
2026,SCIAN 2023,561320,56,2,UH0162
2026,SCIAN 2023,611212,61,2,UH0202
2026,SCIAN 2023,561790,56,2,UH0181
2026,SCIAN 2023,561730,56,2,UH0179
2026,SCIAN 2023,561920,56,2,UH0183
2026,SCIAN 2023,541942,54,2,UH0156
2026,SCIAN 2023,523910,52,2,UH0098
2026,SCIAN 2023,812321,81,2,FL08
2026,SCIAN 2023,532420,53,2,UH0119
2026,SCIAN 2023,465214,46,2,FL01
2026,SCIAN 2023,531119,53,2,FL03
2026,SCIAN 2023,513132,51,2,FL12
2026,SCIAN 2023,562122,56,1,UH0350
2026,SCIAN 2023,562911,56,1,FL11
2026,SCIAN 2023,562998,56,1,FL11
2026,SCIAN 2023,562111,56,1,FL11
2026,SCIAN 2023,561421,56,1,UH0165
2026,SCIAN 2023,523990,52,1,UH0371
2026,SCIAN 2023,541943,54,1,UH0157
2026,SCIAN 2023,541820,54,1,UH0375
2026,SCIAN 2023,541840,54,1,UH0149
2026,SCIAN 2023,611152,61,1,UH0194
2026,SCIAN 2023,561590,56,1,UH0174
2026,SCIAN 2023,541350,54,1,UH0132
2026,SCIAN 2023,541360,54,1,UH0133
2026,SCIAN 2023,532491,53,1,UH0374
2026,SCIAN 2023,541320,54,1,UH0129
2026,SCIAN 2023,532210,53,1,UH0112
2026,SCIAN 2023,811123,81,1,FL09
2026,SCIAN 2023,532121,53,1,UH0111
2026,SCIAN 2023,531111,53,1,UH0372
2026,SCIAN 2023,541930,54,1,UH0390
2026,SCIAN 2023,482110,48,1,UH0036
2026,SCIAN 2023,481210,48,1,UH0035
2026,SCIAN 2023,484222,48,1,UH0042
2026,SCIAN 2023,484119,48,1,UH0037
2026,SCIAN 2023,621212,62,1,UH0222
2026,SCIAN 2023,624211,62,1,UH0259
2026,SCIAN 2023,623312,62,1,UH0249
2026,SCIAN 2023,493119,49,1,UH0068
2026,SCIAN 2023,512113,51,1,UH0073
2026,SCIAN 2023,512290,51,1,UH0076
2026,SCIAN 2023,513121,51,1,FL12
2026,SCIAN 2023,623112,62,1,UH0246
2026,SCIAN 2023,512112,51,1,UH0072
2026,SCIAN 2023,621991,62,1,UH0239
2026,SCIAN 2023,621992,62,1,UH0240
2026,SCIAN 2023,622212,62,1,UH0243
2026,SCIAN 2023,488190,48,1,UH0370
2026,SCIAN 2023,622312,62,1,UH0384
2026,SCIAN 2023,488493,48,1,UH0060
2026,SCIAN 2023,488511,48,1,UH0061
2026,SCIAN 2023,611632,61,1,UH0379
2026,SCIAN 2023,611622,61,1,UH0215
2026,SCIAN 2023,611422,61,1,UH0208
2026,SCIAN 2023,621512,62,1,UH0236
2026,SCIAN 2023,513210,51,1,FL12
2026,SCIAN 2023,621610,62,1,UH0237
2026,SCIAN 2023,621492,62,1,UH0382
2026,SCIAN 2023,517410,51,1,UH0079
2026,SCIAN 2023,713950,71,1,UH0295
2026,SCIAN 2023,712131,71,1,UH0386
2026,SCIAN 2023,624311,62,1,UH0264
2026,SCIAN 2023,711410,71,1,UH0279
2026,SCIAN 2023,721210,72,1,UH0304
2026,SCIAN 2023,711121,71,1,UH0270
2026,SCIAN 2023,624222,62,1,UH0262
2026,SCIAN 2023,711132,71,1,UH0391
2026,SCIAN 2023,484233,48,1,UH0389
2026,SCIAN 2023,813140,81,1,UH0347
