Unidad_homologada,Año,Version_SCIAN,Establecimientos_agregados,Familia,Tipo_unidad,Sectores_componente,Establecimientos_min,Establecimientos_max,Incertidumbre
FL01,2010,SCIAN 2007,16693,FL01,Familia compleja resuelta,46,16693,16693,0
FL01,2011,SCIAN 2007,16824,FL01,Familia compleja resuelta,46,16824,16824,0
FL01,2012,SCIAN 2007,16860,FL01,Familia compleja resuelta,46,16860,16860,0
FL01,2013,SCIAN 2007,17045,FL01,Familia compleja resuelta,46,17045,17045,0
FL01,2015,SCIAN 2013,16955,FL01,Familia compleja resuelta,46,16955,16955,0
FL01,2016,SCIAN 2013,17313,FL01,Familia compleja resuelta,46,17313,17313,0
FL01,2017,SCIAN 2013,17427,FL01,Familia compleja resuelta,46,17427,17427,0
FL01,2018,SCIAN 2018,17452,FL01,Familia compleja resuelta,46,17452,17452,0
FL01,2019,SCIAN 2018,17642,FL01,Familia compleja resuelta,46,17642,17642,0
FL01,2020,SCIAN 2018,17984,FL01,Familia compleja resuelta,46,17984,17984,0
FL01,2021,SCIAN 2018,17992,FL01,Familia compleja resuelta,46,17992,17992,0
FL01,2022,SCIAN 2018,17997,FL01,Familia compleja resuelta,46,17997,17997,0
FL01,2023,SCIAN 2018,17996,FL01,Familia compleja resuelta,46,17996,17996,0
FL01,2024,SCIAN 2023,19761,FL01,Familia compleja resuelta,46,19761,19761,0
FL01,2025,SCIAN 2023,19994,FL01,Familia compleja resuelta,46,19994,19994,0
FL01,2026,SCIAN 2023,20292,FL01,Familia compleja resuelta,46,20292,20292,0
FL02,2010,SCIAN 2007,11,FL02,Familia compleja resuelta,52,11,11,0
FL02,2011,SCIAN 2007,24,FL02,Familia compleja resuelta,52,24,24,0
FL02,2012,SCIAN 2007,24,FL02,Familia compleja resuelta,52,24,24,0
FL02,2013,SCIAN 2007,24,FL02,Familia compleja resuelta,52,24,24,0
FL02,2015,SCIAN 2013,40,FL02,Familia compleja resuelta,52,40,40,0
FL02,2016,SCIAN 2013,45,FL02,Familia compleja resuelta,52,45,45,0
FL02,2017,SCIAN 2013,47,FL02,Familia compleja resuelta,52,47,47,0
FL02,2018,SCIAN 2018,47,FL02,Familia compleja resuelta,52,47,47,0
FL02,2019,SCIAN 2018,53,FL02,Familia compleja resuelta,52,53,53,0
FL02,2020,SCIAN 2018,77,FL02,Familia compleja resuelta,52,77,77,0
FL02,2021,SCIAN 2018,75,FL02,Familia compleja resuelta,52,75,75,0
FL02,2022,SCIAN 2018,77,FL02,Familia compleja resuelta,52,77,77,0
FL02,2023,SCIAN 2018,70,FL02,Familia compleja resuelta,52,70,70,0
FL02,2024,SCIAN 2023,73,FL02,Familia compleja resuelta,52,73,73,0
FL02,2025,SCIAN 2023,76,FL02,Familia compleja resuelta,52,76,76,0
FL02,2026,SCIAN 2023,89,FL02,Familia compleja resuelta,52,89,89,0
FL03,2010,SCIAN 2007,8,FL03,Familia compleja resuelta,53,8,8,0
FL03,2011,SCIAN 2007,8,FL03,Familia compleja resuelta,53,8,8,0
FL03,2012,SCIAN 2007,9,FL03,Familia compleja resuelta,53,9,9,0
FL03,2013,SCIAN 2007,9,FL03,Familia compleja resuelta,53,9,9,0
FL03,2015,SCIAN 2013,4,FL03,Familia compleja resuelta,53,4,4,0
FL03,2016,SCIAN 2013,5,FL03,Familia compleja resuelta,53,5,5,0
FL03,2017,SCIAN 2013,5,FL03,Familia compleja resuelta,53,5,5,0
FL03,2018,SCIAN 2018,5,FL03,Familia compleja resuelta,53,5,5,0
FL03,2019,SCIAN 2018,1,FL03,Familia compleja resuelta,53,1,1,0
FL03,2020,SCIAN 2018,1,FL03,Familia compleja resuelta,53,1,1,0
FL03,2021,SCIAN 2018,1,FL03,Familia compleja resuelta,53,1,1,0
FL03,2022,SCIAN 2018,2,FL03,Familia compleja resuelta,53,2,2,0
FL03,2023,SCIAN 2018,3,FL03,Familia compleja resuelta,53,3,3,0
FL03,2024,SCIAN 2023,3,FL03,Familia compleja resuelta,53,3,3,0
FL03,2025,SCIAN 2023,2,FL03,Familia compleja resuelta,53,2,2,0
FL03,2026,SCIAN 2023,2,FL03,Familia compleja resuelta,53,2,2,0
FL04,2010,SCIAN 2007,940,FL04,Familia compleja resuelta,62,940,940,0
FL04,2011,SCIAN 2007,941,FL04,Familia compleja resuelta,62,941,941,0
FL04,2012,SCIAN 2007,943,FL04,Familia compleja resuelta,62,943,943,0
FL04,2013,SCIAN 2007,949,FL04,Familia compleja resuelta,62,949,949,0
FL04,2015,SCIAN 2013,990,FL04,Familia compleja resuelta,62,990,990,0
FL04,2016,SCIAN 2013,1030,FL04,Familia compleja resuelta,62,1030,1030,0
FL04,2017,SCIAN 2013,1032,FL04,Familia compleja resuelta,62,1032,1032,0
FL04,2018,SCIAN 2018,1030,FL04,Familia compleja resuelta,62,1030,1030,0
FL04,2019,SCIAN 2018,990,FL04,Familia compleja resuelta,62,990,990,0
FL04,2020,SCIAN 2018,1034,FL04,Familia compleja resuelta,62,1034,1034,0
FL04,2021,SCIAN 2018,1020,FL04,Familia compleja resuelta,62,1020,1020,0
FL04,2022,SCIAN 2018,1020,FL04,Familia compleja resuelta,62,1020,1020,0
FL04,2023,SCIAN 2018,1013,FL04,Familia compleja resuelta,62,1013,1013,0
FL04,2024,SCIAN 2023,1147,FL04,Familia compleja resuelta,62,1147,1147,0
FL04,2025,SCIAN 2023,1146,FL04,Familia compleja resuelta,62,1146,1146,0
FL04,2026,SCIAN 2023,1164,FL04,Familia compleja resuelta,62,1164,1164,0
FL05,2010,SCIAN 2007,11,FL05,Familia compleja resuelta,62,11,11,0
FL05,2011,SCIAN 2007,11,FL05,Familia compleja resuelta,62,11,11,0
FL05,2012,SCIAN 2007,11,FL05,Familia compleja resuelta,62,11,11,0
FL05,2013,SCIAN 2007,11,FL05,Familia compleja resuelta,62,11,11,0
FL05,2015,SCIAN 2013,18,FL05,Familia compleja resuelta,62,18,18,0
FL05,2016,SCIAN 2013,19,FL05,Familia compleja resuelta,62,19,19,0
FL05,2017,SCIAN 2013,19,FL05,Familia compleja resuelta,62,19,19,0
FL05,2018,SCIAN 2018,19,FL05,Familia compleja resuelta,62,19,19,0
FL05,2019,SCIAN 2018,30,FL05,Familia compleja resuelta,62,30,30,0
FL05,2020,SCIAN 2018,33,FL05,Familia compleja resuelta,62,33,33,0
FL05,2021,SCIAN 2018,33,FL05,Familia compleja resuelta,62,33,33,0
FL05,2022,SCIAN 2018,33,FL05,Familia compleja resuelta,62,33,33,0
FL05,2023,SCIAN 2018,33,FL05,Familia compleja resuelta,62,33,33,0
FL05,2024,SCIAN 2023,35,FL05,Familia compleja resuelta,62,35,35,0
FL05,2025,SCIAN 2023,32,FL05,Familia compleja resuelta,62,32,32,0
FL05,2026,SCIAN 2023,32,FL05,Familia compleja resuelta,62,32,32,0
FL06,2010,SCIAN 2007,1924,FL06,Familia compleja resuelta,72,1924,1924,0
FL06,2011,SCIAN 2007,1930,FL06,Familia compleja resuelta,72,1930,1930,0
FL06,2012,SCIAN 2007,1943,FL06,Familia compleja resuelta,72,1943,1943,0
FL06,2013,SCIAN 2007,1962,FL06,Familia compleja resuelta,72,1962,1962,0
FL06,2015,SCIAN 2013,3945,FL06,Familia compleja resuelta,72,3945,3945,0
FL06,2016,SCIAN 2013,3972,FL06,Familia compleja resuelta,72,3972,3972,0
FL06,2017,SCIAN 2013,3977,FL06,Familia compleja resuelta,72,3977,3977,0
FL06,2018,SCIAN 2018,3977,FL06,Familia compleja resuelta,72,3977,3977,0
FL06,2019,SCIAN 2018,4340,FL06,Familia compleja resuelta,72,4340,4340,0
FL06,2020,SCIAN 2018,4443,FL06,Familia compleja resuelta,72,4443,4443,0
FL06,2021,SCIAN 2018,4418,FL06,Familia compleja resuelta,72,4418,4418,0
FL06,2022,SCIAN 2018,4419,FL06,Familia compleja resuelta,72,4419,4419,0
FL06,2023,SCIAN 2018,4438,FL06,Familia compleja resuelta,72,4438,4438,0
FL06,2024,SCIAN 2023,5010,FL06,Familia compleja resuelta,72,5010,5010,0
FL06,2025,SCIAN 2023,5127,FL06,Familia compleja resuelta,72,5127,5127,0
FL06,2026,SCIAN 2023,5139,FL06,Familia compleja resuelta,72,5139,5139,0
FL07,2010,SCIAN 2007,1975,FL07,Familia compleja resuelta,72,1975,1975,0
FL07,2011,SCIAN 2007,1975,FL07,Familia compleja resuelta,72,1975,1975,0
FL07,2012,SCIAN 2007,1977,FL07,Familia compleja resuelta,72,1977,1977,0
FL07,2013,SCIAN 2007,1971,FL07,Familia compleja resuelta,72,1971,1971,0
FL07,2015,SCIAN 2013,1120,FL07,Familia compleja resuelta,72,1120,1120,0
FL07,2016,SCIAN 2013,1122,FL07,Familia compleja resuelta,72,1122,1122,0
FL07,2017,SCIAN 2013,1125,FL07,Familia compleja resuelta,72,1125,1125,0
FL07,2018,SCIAN 2018,1128,FL07,Familia compleja resuelta,72,1128,1128,0
FL07,2019,SCIAN 2018,1329,FL07,Familia compleja resuelta,72,1329,1329,0
FL07,2020,SCIAN 2018,1416,FL07,Familia compleja resuelta,72,1416,1416,0
FL07,2021,SCIAN 2018,1397,FL07,Familia compleja resuelta,72,1397,1397,0
FL07,2022,SCIAN 2018,1396,FL07,Familia compleja resuelta,72,1396,1396,0
FL07,2023,SCIAN 2018,1393,FL07,Familia compleja resuelta,72,1393,1393,0
FL07,2024,SCIAN 2023,1227,FL07,Familia compleja resuelta,72,1227,1227,0
FL07,2025,SCIAN 2023,1298,FL07,Familia compleja resuelta,72,1298,1298,0
FL07,2026,SCIAN 2023,1307,FL07,Familia compleja resuelta,72,1307,1307,0
FL08,2010,SCIAN 2007,9,FL08,Familia compleja resuelta,81,9,9,0
FL08,2011,SCIAN 2007,9,FL08,Familia compleja resuelta,81,9,9,0
FL08,2012,SCIAN 2007,9,FL08,Familia compleja resuelta,81,9,9,0
FL08,2013,SCIAN 2007,9,FL08,Familia compleja resuelta,81,9,9,0
FL08,2015,SCIAN 2013,6,FL08,Familia compleja resuelta,81,6,6,0
FL08,2016,SCIAN 2013,6,FL08,Familia compleja resuelta,81,6,6,0
FL08,2017,SCIAN 2013,6,FL08,Familia compleja resuelta,81,6,6,0
FL08,2018,SCIAN 2018,6,FL08,Familia compleja resuelta,81,6,6,0
FL08,2019,SCIAN 2018,7,FL08,Familia compleja resuelta,81,7,7,0
FL08,2020,SCIAN 2018,6,FL08,Familia compleja resuelta,81,6,6,0
FL08,2021,SCIAN 2018,6,FL08,Familia compleja resuelta,81,6,6,0
FL08,2022,SCIAN 2018,6,FL08,Familia compleja resuelta,81,6,6,0
FL08,2023,SCIAN 2018,6,FL08,Familia compleja resuelta,81,6,6,0
FL08,2024,SCIAN 2023,8,FL08,Familia compleja resuelta,81,8,8,0
FL08,2025,SCIAN 2023,8,FL08,Familia compleja resuelta,81,8,8,0
FL08,2026,SCIAN 2023,8,FL08,Familia compleja resuelta,81,8,8,0
FL09,2010,SCIAN 2007,366,FL09,Familia compleja resuelta,33 | 81,366,366,0
FL09,2011,SCIAN 2007,367,FL09,Familia compleja resuelta,33 | 81,367,367,0
FL09,2012,SCIAN 2007,368,FL09,Familia compleja resuelta,33 | 81,368,368,0
FL09,2013,SCIAN 2007,368,FL09,Familia compleja resuelta,33 | 81,368,368,0
FL09,2015,SCIAN 2013,398,FL09,Familia compleja resuelta,33 | 81,398,398,0
FL09,2016,SCIAN 2013,399,FL09,Familia compleja resuelta,33 | 81,399,399,0
FL09,2017,SCIAN 2013,399,FL09,Familia compleja resuelta,33 | 81,399,399,0
FL09,2018,SCIAN 2018,399,FL09,Familia compleja resuelta,33 | 81,399,399,0
FL09,2019,SCIAN 2018,427,FL09,Familia compleja resuelta,33 | 81,426,427,1
FL09,2020,SCIAN 2018,431,FL09,Familia compleja resuelta,33 | 81,430,431,1
FL09,2021,SCIAN 2018,431,FL09,Familia compleja resuelta,33 | 81,430,431,1
FL09,2022,SCIAN 2018,431,FL09,Familia compleja resuelta,33 | 81,430,431,1
FL09,2023,SCIAN 2018,433,FL09,Familia compleja resuelta,33 | 81,432,433,1
FL09,2024,SCIAN 2023,449,FL09,Familia compleja resuelta,33 | 81,448,449,1
FL09,2025,SCIAN 2023,453,FL09,Familia compleja resuelta,33 | 81,452,453,1
FL09,2026,SCIAN 2023,453,FL09,Familia compleja resuelta,33 | 81,452,453,1
FL10,2010,SCIAN 2007,77,FL10,Familia compleja resuelta,48,77,77,0
FL10,2011,SCIAN 2007,77,FL10,Familia compleja resuelta,48,77,77,0
FL10,2012,SCIAN 2007,78,FL10,Familia compleja resuelta,48,78,78,0
FL10,2013,SCIAN 2007,92,FL10,Familia compleja resuelta,48,92,92,0
FL10,2015,SCIAN 2013,40,FL10,Familia compleja resuelta,48,40,40,0
FL10,2016,SCIAN 2013,37,FL10,Familia compleja resuelta,48,37,37,0
FL10,2017,SCIAN 2013,36,FL10,Familia compleja resuelta,48,36,36,0
FL10,2018,SCIAN 2018,36,FL10,Familia compleja resuelta,48,36,36,0
FL10,2019,SCIAN 2018,41,FL10,Familia compleja resuelta,48,41,41,0
FL10,2020,SCIAN 2018,55,FL10,Familia compleja resuelta,48,55,55,0
FL10,2021,SCIAN 2018,55,FL10,Familia compleja resuelta,48,55,55,0
FL10,2022,SCIAN 2018,54,FL10,Familia compleja resuelta,48,54,54,0
FL10,2023,SCIAN 2018,55,FL10,Familia compleja resuelta,48,55,55,0
FL10,2024,SCIAN 2023,74,FL10,Familia compleja resuelta,48,74,74,0
FL10,2025,SCIAN 2023,64,FL10,Familia compleja resuelta,48,64,64,0
FL10,2026,SCIAN 2023,70,FL10,Familia compleja resuelta,48,70,70,0
FL11,2010,SCIAN 2007,5,FL11,Familia compleja resuelta,56,5,5,0
FL11,2011,SCIAN 2007,6,FL11,Familia compleja resuelta,56,6,6,0
FL11,2012,SCIAN 2007,6,FL11,Familia compleja resuelta,56,6,6,0
FL11,2013,SCIAN 2007,7,FL11,Familia compleja resuelta,56,7,7,0
FL11,2015,SCIAN 2013,7,FL11,Familia compleja resuelta,56,7,7,0
FL11,2016,SCIAN 2013,9,FL11,Familia compleja resuelta,56,9,9,0
FL11,2017,SCIAN 2013,9,FL11,Familia compleja resuelta,56,9,9,0
FL11,2018,SCIAN 2018,2,FL11,Familia compleja resuelta,56,2,2,0
FL11,2019,SCIAN 2018,8,FL11,Familia compleja resuelta,56,8,8,0
FL11,2020,SCIAN 2018,9,FL11,Familia compleja resuelta,56,9,9,0
FL11,2021,SCIAN 2018,9,FL11,Familia compleja resuelta,56,9,9,0
FL11,2022,SCIAN 2018,9,FL11,Familia compleja resuelta,56,9,9,0
FL11,2023,SCIAN 2018,7,FL11,Familia compleja resuelta,56,7,7,0
FL11,2024,SCIAN 2023,8,FL11,Familia compleja resuelta,56,8,8,0
FL11,2025,SCIAN 2023,8,FL11,Familia compleja resuelta,56,8,8,0
FL11,2026,SCIAN 2023,8,FL11,Familia compleja resuelta,56,8,8,0
FL12,2010,SCIAN 2007,40,FL12,Familia compleja resuelta,51,40,40,0
FL12,2011,SCIAN 2007,48,FL12,Familia compleja resuelta,51,48,48,0
FL12,2012,SCIAN 2007,52,FL12,Familia compleja resuelta,51,52,52,0
FL12,2013,SCIAN 2007,52,FL12,Familia compleja resuelta,51,52,52,0
FL12,2015,SCIAN 2013,44,FL12,Familia compleja resuelta,51,44,44,0
FL12,2016,SCIAN 2013,45,FL12,Familia compleja resuelta,51,45,45,0
FL12,2017,SCIAN 2013,45,FL12,Familia compleja resuelta,51,45,45,0
FL12,2018,SCIAN 2018,45,FL12,Familia compleja resuelta,51,45,45,0
FL12,2019,SCIAN 2018,34,FL12,Familia compleja resuelta,51,34,34,0
FL12,2020,SCIAN 2018,38,FL12,Familia compleja resuelta,51,38,38,0
FL12,2021,SCIAN 2018,39,FL12,Familia compleja resuelta,51,39,39,0
FL12,2022,SCIAN 2018,39,FL12,Familia compleja resuelta,51,39,39,0
FL12,2023,SCIAN 2018,38,FL12,Familia compleja resuelta,51,38,38,0
FL12,2024,SCIAN 2023,32,FL12,Familia compleja resuelta,51,32,32,0
FL12,2025,SCIAN 2023,32,FL12,Familia compleja resuelta,51,32,32,0
FL12,2026,SCIAN 2023,37,FL12,Familia compleja resuelta,51,37,37,0
UH0034,2010,SCIAN 2007,0,,Continuidad sin cambio explícito,48,0,0,0
UH0034,2011,SCIAN 2007,0,,Continuidad sin cambio explícito,48,0,0,0
UH0034,2012,SCIAN 2007,0,,Continuidad sin cambio explícito,48,0,0,0
UH0034,2013,SCIAN 2007,1,,Continuidad sin cambio explícito,48,1,1,0
UH0034,2015,SCIAN 2013,2,,Continuidad sin cambio explícito,48,2,2,0
UH0034,2016,SCIAN 2013,2,,Continuidad sin cambio explícito,48,2,2,0
UH0034,2017,SCIAN 2013,2,,Continuidad sin cambio explícito,48,2,2,0
UH0034,2018,SCIAN 2018,2,,Continuidad sin cambio explícito,48,2,2,0
UH0034,2019,SCIAN 2018,1,,Continuidad sin cambio explícito,48,1,1,0
UH0034,2020,SCIAN 2018,2,,Continuidad sin cambio explícito,48,2,2,0
UH0034,2021,SCIAN 2018,2,,Continuidad sin cambio explícito,48,2,2,0
UH0034,2022,SCIAN 2018,2,,Continuidad sin cambio explícito,48,2,2,0
UH0034,2023,SCIAN 2018,1,,Continuidad sin cambio explícito,48,1,1,0
UH0034,2024,SCIAN 2023,0,,Continuidad sin cambio explícito,48,0,0,0
UH0034,2025,SCIAN 2023,1,,Continuidad sin cambio explícito,48,1,1,0
UH0034,2026,SCIAN 2023,2,,Continuidad sin cambio explícito,48,2,2,0
UH0035,2010,SCIAN 2007,0,,Continuidad sin cambio explícito,48,0,0,0
UH0035,2011,SCIAN 2007,0,,Continuidad sin cambio explícito,48,0,0,0
UH0035,2012,SCIAN 2007,0,,Continuidad sin cambio explícito,48,0,0,0
UH0035,2013,SCIAN 2007,0,,Continuidad sin cambio explícito,48,0,0,0
UH0035,2015,SCIAN 2013,1,,Continuidad sin cambio explícito,48,1,1,0
UH0035,2016,SCIAN 2013,2,,Continuidad sin cambio explícito,48,2,2,0
UH0035,2017,SCIAN 2013,3,,Continuidad sin cambio explícito,48,3,3,0
UH0035,2018,SCIAN 2018,3,,Continuidad sin cambio explícito,48,3,3,0
UH0035,2019,SCIAN 2018,3,,Continuidad sin cambio explícito,48,3,3,0
UH0035,2020,SCIAN 2018,2,,Continuidad sin cambio explícito,48,2,2,0
UH0035,2021,SCIAN 2018,2,,Continuidad sin cambio explícito,48,2,2,0
UH0035,2022,SCIAN 2018,2,,Continuidad sin cambio explícito,48,2,2,0
UH0035,2023,SCIAN 2018,2,,Continuidad sin cambio explícito,48,2,2,0
UH0035,2024,SCIAN 2023,2,,Continuidad sin cambio explícito,48,2,2,0
UH0035,2025,SCIAN 2023,1,,Continuidad sin cambio explícito,48,1,1,0
UH0035,2026,SCIAN 2023,1,,Continuidad sin cambio explícito,48,1,1,0
UH0036,2010,SCIAN 2007,0,,Continuidad sin cambio explícito,48,0,0,0
UH0036,2011,SCIAN 2007,0,,Continuidad sin cambio explícito,48,0,0,0
UH0036,2012,SCIAN 2007,0,,Continuidad sin cambio explícito,48,0,0,0
UH0036,2013,SCIAN 2007,0,,Continuidad sin cambio explícito,48,0,0,0
UH0036,2015,SCIAN 2013,1,,Continuidad sin cambio explícito,48,1,1,0
UH0036,2016,SCIAN 2013,1,,Continuidad sin cambio explícito,48,1,1,0
UH0036,2017,SCIAN 2013,1,,Continuidad sin cambio explícito,48,1,1,0
UH0036,2018,SCIAN 2018,1,,Continuidad sin cambio explícito,48,1,1,0
UH0036,2019,SCIAN 2018,0,,Continuidad sin cambio explícito,48,0,0,0
UH0036,2020,SCIAN 2018,1,,Continuidad sin cambio explícito,48,1,1,0
UH0036,2021,SCIAN 2018,1,,Continuidad sin cambio explícito,48,1,1,0
UH0036,2022,SCIAN 2018,1,,Continuidad sin cambio explícito,48,1,1,0
UH0036,2023,SCIAN 2018,1,,Continuidad sin cambio explícito,48,1,1,0
UH0036,2024,SCIAN 2023,1,,Continuidad sin cambio explícito,48,1,1,0
UH0036,2025,SCIAN 2023,1,,Continuidad sin cambio explícito,48,1,1,0
UH0036,2026,SCIAN 2023,1,,Continuidad sin cambio explícito,48,1,1,0
UH0037,2010,SCIAN 2007,19,,Continuidad sin cambio explícito,48,19,19,0
UH0037,2011,SCIAN 2007,19,,Continuidad sin cambio explícito,48,19,19,0
UH0037,2012,SCIAN 2007,19,,Continuidad sin cambio explícito,48,19,19,0
UH0037,2013,SCIAN 2007,20,,Continuidad sin cambio explícito,48,20,20,0
UH0037,2015,SCIAN 2013,6,,Continuidad sin cambio explícito,48,6,6,0
UH0037,2016,SCIAN 2013,3,,Continuidad sin cambio explícito,48,3,3,0
UH0037,2017,SCIAN 2013,3,,Continuidad sin cambio explícito,48,3,3,0
UH0037,2018,SCIAN 2018,3,,Continuidad sin cambio explícito,48,3,3,0
UH0037,2019,SCIAN 2018,2,,Continuidad sin cambio explícito,48,2,2,0
UH0037,2020,SCIAN 2018,3,,Continuidad sin cambio explícito,48,3,3,0
UH0037,2021,SCIAN 2018,4,,Continuidad sin cambio explícito,48,4,4,0
UH0037,2022,SCIAN 2018,4,,Continuidad sin cambio explícito,48,4,4,0
UH0037,2023,SCIAN 2018,3,,Continuidad sin cambio explícito,48,3,3,0
UH0037,2024,SCIAN 2023,4,,Continuidad sin cambio explícito,48,4,4,0
UH0037,2025,SCIAN 2023,0,,Continuidad sin cambio explícito,48,0,0,0
UH0037,2026,SCIAN 2023,1,,Continuidad sin cambio explícito,48,1,1,0
UH0038,2010,SCIAN 2007,0,,Continuidad sin cambio explícito,48,0,0,0
UH0038,2011,SCIAN 2007,1,,Continuidad sin cambio explícito,48,1,1,0
UH0038,2012,SCIAN 2007,1,,Continuidad sin cambio explícito,48,1,1,0
UH0038,2013,SCIAN 2007,1,,Continuidad sin cambio explícito,48,1,1,0
UH0038,2015,SCIAN 2013,0,,Continuidad sin cambio explícito,48,0,0,0
UH0038,2016,SCIAN 2013,1,,Continuidad sin cambio explícito,48,1,1,0
UH0038,2017,SCIAN 2013,1,,Continuidad sin cambio explícito,48,1,1,0
UH0038,2018,SCIAN 2018,1,,Continuidad sin cambio explícito,48,1,1,0
UH0038,2019,SCIAN 2018,1,,Continuidad sin cambio explícito,48,1,1,0
UH0038,2020,SCIAN 2018,2,,Continuidad sin cambio explícito,48,2,2,0
UH0038,2021,SCIAN 2018,2,,Continuidad sin cambio explícito,48,2,2,0
UH0038,2022,SCIAN 2018,2,,Continuidad sin cambio explícito,48,2,2,0
UH0038,2023,SCIAN 2018,2,,Continuidad sin cambio explícito,48,2,2,0
UH0038,2024,SCIAN 2023,2,,Continuidad sin cambio explícito,48,2,2,0
UH0038,2025,SCIAN 2023,0,,Continuidad sin cambio explícito,48,0,0,0
UH0038,2026,SCIAN 2023,0,,Continuidad sin cambio explícito,48,0,0,0
UH0039,2010,SCIAN 2007,19,,Continuidad sin cambio explícito,48,19,19,0
UH0039,2011,SCIAN 2007,20,,Continuidad sin cambio explícito,48,20,20,0
UH0039,2012,SCIAN 2007,24,,Continuidad sin cambio explícito,48,24,24,0
UH0039,2013,SCIAN 2007,29,,Continuidad sin cambio explícito,48,29,29,0
UH0039,2015,SCIAN 2013,30,,Continuidad sin cambio explícito,48,30,30,0
UH0039,2016,SCIAN 2013,33,,Continuidad sin cambio explícito,48,33,33,0
UH0039,2017,SCIAN 2013,34,,Continuidad sin cambio explícito,48,34,34,0
UH0039,2018,SCIAN 2018,34,,Continuidad sin cambio explícito,48,34,34,0
UH0039,2019,SCIAN 2018,24,,Continuidad sin cambio explícito,48,24,24,0
UH0039,2020,SCIAN 2018,27,,Continuidad sin cambio explícito,48,27,27,0
UH0039,2021,SCIAN 2018,27,,Continuidad sin cambio explícito,48,27,27,0
UH0039,2022,SCIAN 2018,27,,Continuidad sin cambio explícito,48,27,27,0
UH0039,2023,SCIAN 2018,27,,Continuidad sin cambio explícito,48,27,27,0
UH0039,2024,SCIAN 2023,25,,Continuidad sin cambio explícito,48,25,25,0
UH0039,2025,SCIAN 2023,18,,Continuidad sin cambio explícito,48,18,18,0
UH0039,2026,SCIAN 2023,25,,Continuidad sin cambio explícito,48,25,25,0
UH0040,2010,SCIAN 2007,10,,Continuidad sin cambio explícito,48,10,10,0
UH0040,2011,SCIAN 2007,10,,Continuidad sin cambio explícito,48,10,10,0
UH0040,2012,SCIAN 2007,12,,Continuidad sin cambio explícito,48,12,12,0
UH0040,2013,SCIAN 2007,13,,Continuidad sin cambio explícito,48,13,13,0
UH0040,2015,SCIAN 2013,9,,Continuidad sin cambio explícito,48,9,9,0
UH0040,2016,SCIAN 2013,9,,Continuidad sin cambio explícito,48,9,9,0
UH0040,2017,SCIAN 2013,9,,Continuidad sin cambio explícito,48,9,9,0
UH0040,2018,SCIAN 2018,9,,Continuidad sin cambio explícito,48,9,9,0
UH0040,2019,SCIAN 2018,8,,Continuidad sin cambio explícito,48,8,8,0
UH0040,2020,SCIAN 2018,6,,Continuidad sin cambio explícito,48,6,6,0
UH0040,2021,SCIAN 2018,6,,Continuidad sin cambio explícito,48,6,6,0
UH0040,2022,SCIAN 2018,6,,Continuidad sin cambio explícito,48,6,6,0
UH0040,2023,SCIAN 2018,6,,Continuidad sin cambio explícito,48,6,6,0
UH0040,2024,SCIAN 2023,6,,Continuidad sin cambio explícito,48,6,6,0
UH0040,2025,SCIAN 2023,5,,Continuidad sin cambio explícito,48,5,5,0
UH0040,2026,SCIAN 2023,4,,Continuidad sin cambio explícito,48,4,4,0
UH0041,2010,SCIAN 2007,25,,Continuidad sin cambio explícito,48,25,25,0
UH0041,2011,SCIAN 2007,25,,Continuidad sin cambio explícito,48,25,25,0
UH0041,2012,SCIAN 2007,25,,Continuidad sin cambio explícito,48,25,25,0
UH0041,2013,SCIAN 2007,25,,Continuidad sin cambio explícito,48,25,25,0
UH0041,2015,SCIAN 2013,4,,Continuidad sin cambio explícito,48,4,4,0
UH0041,2016,SCIAN 2013,4,,Continuidad sin cambio explícito,48,4,4,0
UH0041,2017,SCIAN 2013,4,,Continuidad sin cambio explícito,48,4,4,0
UH0041,2018,SCIAN 2018,4,,Continuidad sin cambio explícito,48,4,4,0
UH0041,2019,SCIAN 2018,5,,Continuidad sin cambio explícito,48,5,5,0
UH0041,2020,SCIAN 2018,5,,Continuidad sin cambio explícito,48,5,5,0
UH0041,2021,SCIAN 2018,5,,Continuidad sin cambio explícito,48,5,5,0
UH0041,2022,SCIAN 2018,5,,Continuidad sin cambio explícito,48,5,5,0
UH0041,2023,SCIAN 2018,5,,Continuidad sin cambio explícito,48,5,5,0
UH0041,2024,SCIAN 2023,5,,Continuidad sin cambio explícito,48,5,5,0
UH0041,2025,SCIAN 2023,3,,Continuidad sin cambio explícito,48,3,3,0
UH0041,2026,SCIAN 2023,3,,Continuidad sin cambio explícito,48,3,3,0
UH0042,2010,SCIAN 2007,36,,Continuidad sin cambio explícito,48,36,36,0
UH0042,2011,SCIAN 2007,36,,Continuidad sin cambio explícito,48,36,36,0
UH0042,2012,SCIAN 2007,36,,Continuidad sin cambio explícito,48,36,36,0
UH0042,2013,SCIAN 2007,36,,Continuidad sin cambio explícito,48,36,36,0
UH0042,2015,SCIAN 2013,4,,Continuidad sin cambio explícito,48,4,4,0
UH0042,2016,SCIAN 2013,5,,Continuidad sin cambio explícito,48,5,5,0
UH0042,2017,SCIAN 2013,5,,Continuidad sin cambio explícito,48,5,5,0
UH0042,2018,SCIAN 2018,5,,Continuidad sin cambio explícito,48,5,5,0
UH0042,2019,SCIAN 2018,4,,Continuidad sin cambio explícito,48,4,4,0
UH0042,2020,SCIAN 2018,4,,Continuidad sin cambio explícito,48,4,4,0
UH0042,2021,SCIAN 2018,4,,Continuidad sin cambio explícito,48,4,4,0
UH0042,2022,SCIAN 2018,3,,Continuidad sin cambio explícito,48,3,3,0
UH0042,2023,SCIAN 2018,3,,Continuidad sin cambio explícito,48,3,3,0
UH0042,2024,SCIAN 2023,3,,Continuidad sin cambio explícito,48,3,3,0
UH0042,2025,SCIAN 2023,1,,Continuidad sin cambio explícito,48,1,1,0
UH0042,2026,SCIAN 2023,1,,Continuidad sin cambio explícito,48,1,1,0
UH0043,2010,SCIAN 2007,11,,Continuidad sin cambio explícito,48,11,11,0
UH0043,2011,SCIAN 2007,11,,Continuidad sin cambio explícito,48,11,11,0
UH0043,2012,SCIAN 2007,12,,Continuidad sin cambio explícito,48,12,12,0
UH0043,2013,SCIAN 2007,12,,Continuidad sin cambio explícito,48,12,12,0
UH0043,2015,SCIAN 2013,3,,Continuidad sin cambio explícito,48,3,3,0
UH0043,2016,SCIAN 2013,3,,Continuidad sin cambio explícito,48,3,3,0
UH0043,2017,SCIAN 2013,3,,Continuidad sin cambio explícito,48,3,3,0
UH0043,2018,SCIAN 2018,3,,Continuidad sin cambio explícito,48,3,3,0
UH0043,2019,SCIAN 2018,3,,Continuidad sin cambio explícito,48,3,3,0
UH0043,2020,SCIAN 2018,5,,Continuidad sin cambio explícito,48,5,5,0
UH0043,2021,SCIAN 2018,6,,Continuidad sin cambio explícito,48,6,6,0
UH0043,2022,SCIAN 2018,6,,Continuidad sin cambio explícito,48,6,6,0
UH0043,2023,SCIAN 2018,6,,Continuidad sin cambio explícito,48,6,6,0
UH0043,2024,SCIAN 2023,8,,Continuidad sin cambio explícito,48,8,8,0
UH0043,2025,SCIAN 2023,6,,Continuidad sin cambio explícito,48,6,6,0
UH0043,2026,SCIAN 2023,7,,Continuidad sin cambio explícito,48,7,7,0
UH0044,2010,SCIAN 2007,6,,Continuidad sin cambio explícito,48,6,6,0
UH0044,2011,SCIAN 2007,7,,Continuidad sin cambio explícito,48,7,7,0
UH0044,2012,SCIAN 2007,9,,Continuidad sin cambio explícito,48,9,9,0
UH0044,2013,SCIAN 2007,9,,Continuidad sin cambio explícito,48,9,9,0
UH0044,2015,SCIAN 2013,2,,Continuidad sin cambio explícito,48,2,2,0
UH0044,2016,SCIAN 2013,3,,Continuidad sin cambio explícito,48,3,3,0
UH0044,2017,SCIAN 2013,3,,Continuidad sin cambio explícito,48,3,3,0
UH0044,2018,SCIAN 2018,3,,Continuidad sin cambio explícito,48,3,3,0
UH0044,2019,SCIAN 2018,1,,Continuidad sin cambio explícito,48,1,1,0
UH0044,2020,SCIAN 2018,2,,Continuidad sin cambio explícito,48,2,2,0
UH0044,2021,SCIAN 2018,2,,Continuidad sin cambio explícito,48,2,2,0
UH0044,2022,SCIAN 2018,2,,Continuidad sin cambio explícito,48,2,2,0
UH0044,2023,SCIAN 2018,2,,Continuidad sin cambio explícito,48,2,2,0
UH0044,2024,SCIAN 2023,1,,Continuidad sin cambio explícito,48,1,1,0
UH0044,2025,SCIAN 2023,0,,Continuidad sin cambio explícito,48,0,0,0
UH0044,2026,SCIAN 2023,0,,Continuidad sin cambio explícito,48,0,0,0
UH0045,2010,SCIAN 2007,0,,Continuidad sin cambio explícito,48,0,0,0
UH0045,2011,SCIAN 2007,0,,Continuidad sin cambio explícito,48,0,0,0
UH0045,2012,SCIAN 2007,1,,Continuidad sin cambio explícito,48,1,1,0
UH0045,2013,SCIAN 2007,1,,Continuidad sin cambio explícito,48,1,1,0
UH0045,2015,SCIAN 2013,1,,Continuidad sin cambio explícito,48,1,1,0
UH0045,2016,SCIAN 2013,1,,Continuidad sin cambio explícito,48,1,1,0
UH0045,2017,SCIAN 2013,1,,Continuidad sin cambio explícito,48,1,1,0
UH0045,2018,SCIAN 2018,1,,Continuidad sin cambio explícito,48,1,1,0
UH0045,2019,SCIAN 2018,1,,Continuidad sin cambio explícito,48,1,1,0
UH0045,2020,SCIAN 2018,1,,Continuidad sin cambio explícito,48,1,1,0
UH0045,2021,SCIAN 2018,1,,Continuidad sin cambio explícito,48,1,1,0
UH0045,2022,SCIAN 2018,1,,Continuidad sin cambio explícito,48,1,1,0
UH0045,2023,SCIAN 2018,1,,Continuidad sin cambio explícito,48,1,1,0
UH0045,2024,SCIAN 2023,1,,Continuidad sin cambio explícito,48,1,1,0
UH0045,2025,SCIAN 2023,2,,Continuidad sin cambio explícito,48,2,2,0
UH0045,2026,SCIAN 2023,2,,Continuidad sin cambio explícito,48,2,2,0
UH0046,2010,SCIAN 2007,1,,Continuidad sin cambio explícito,48,1,1,0
UH0046,2011,SCIAN 2007,1,,Continuidad sin cambio explícito,48,1,1,0
UH0046,2012,SCIAN 2007,2,,Continuidad sin cambio explícito,48,2,2,0
UH0046,2013,SCIAN 2007,3,,Continuidad sin cambio explícito,48,3,3,0
UH0046,2015,SCIAN 2013,2,,Continuidad sin cambio explícito,48,2,2,0
UH0046,2016,SCIAN 2013,4,,Continuidad sin cambio explícito,48,4,4,0
UH0046,2017,SCIAN 2013,4,,Continuidad sin cambio explícito,48,4,4,0
UH0046,2018,SCIAN 2018,4,,Continuidad sin cambio explícito,48,4,4,0
UH0046,2019,SCIAN 2018,5,,Continuidad sin cambio explícito,48,5,5,0
UH0046,2020,SCIAN 2018,5,,Continuidad sin cambio explícito,48,5,5,0
UH0046,2021,SCIAN 2018,5,,Continuidad sin cambio explícito,48,5,5,0
UH0046,2022,SCIAN 2018,5,,Continuidad sin cambio explícito,48,5,5,0
UH0046,2023,SCIAN 2018,5,,Continuidad sin cambio explícito,48,5,5,0
UH0046,2024,SCIAN 2023,4,,Continuidad sin cambio explícito,48,4,4,0
UH0046,2025,SCIAN 2023,2,,Continuidad sin cambio explícito,48,2,2,0
UH0046,2026,SCIAN 2023,2,,Continuidad sin cambio explícito,48,2,2,0
UH0047,2010,SCIAN 2007,0,,Continuidad sin cambio explícito,48,0,0,0
UH0047,2011,SCIAN 2007,2,,Continuidad sin cambio explícito,48,2,2,0
UH0047,2012,SCIAN 2007,2,,Continuidad sin cambio explícito,48,2,2,0
UH0047,2013,SCIAN 2007,24,,Continuidad sin cambio explícito,48,24,24,0
UH0047,2015,SCIAN 2013,0,,Continuidad sin cambio explícito,48,0,0,0
UH0047,2016,SCIAN 2013,0,,Continuidad sin cambio explícito,48,0,0,0
UH0047,2017,SCIAN 2013,0,,Continuidad sin cambio explícito,48,0,0,0
UH0047,2018,SCIAN 2018,0,,Continuidad sin cambio explícito,48,0,0,0
UH0047,2019,SCIAN 2018,31,,Continuidad sin cambio explícito,48,31,31,0
UH0047,2020,SCIAN 2018,0,,Continuidad sin cambio explícito,48,0,0,0
UH0047,2021,SCIAN 2018,0,,Continuidad sin cambio explícito,48,0,0,0
UH0047,2022,SCIAN 2018,0,,Continuidad sin cambio explícito,48,0,0,0
UH0047,2023,SCIAN 2018,0,,Continuidad sin cambio explícito,48,0,0,0
UH0047,2024,SCIAN 2023,0,,Continuidad sin cambio explícito,48,0,0,0
UH0047,2025,SCIAN 2023,0,,Continuidad sin cambio explícito,48,0,0,0
UH0047,2026,SCIAN 2023,0,,Continuidad sin cambio explícito,48,0,0,0
UH0048,2010,SCIAN 2007,23,,Continuidad sin cambio explícito,48,23,23,0
UH0048,2011,SCIAN 2007,22,,Continuidad sin cambio explícito,48,22,22,0
UH0048,2012,SCIAN 2007,22,,Continuidad sin cambio explícito,48,22,22,0
UH0048,2013,SCIAN 2007,48,,Continuidad sin cambio explícito,48,48,48,0
UH0048,2015,SCIAN 2013,34,,Continuidad sin cambio explícito,48,34,34,0
UH0048,2016,SCIAN 2013,35,,Continuidad sin cambio explícito,48,35,35,0
UH0048,2017,SCIAN 2013,35,,Continuidad sin cambio explícito,48,35,35,0
UH0048,2018,SCIAN 2018,35,,Continuidad sin cambio explícito,48,35,35,0
UH0048,2019,SCIAN 2018,26,,Continuidad sin cambio explícito,48,26,26,0
UH0048,2020,SCIAN 2018,36,,Continuidad sin cambio explícito,48,36,36,0
UH0048,2021,SCIAN 2018,35,,Continuidad sin cambio explícito,48,35,35,0
UH0048,2022,SCIAN 2018,35,,Continuidad sin cambio explícito,48,35,35,0
UH0048,2023,SCIAN 2018,37,,Continuidad sin cambio explícito,48,37,37,0
UH0048,2024,SCIAN 2023,35,,Continuidad sin cambio explícito,48,35,35,0
UH0048,2025,SCIAN 2023,35,,Continuidad sin cambio explícito,48,35,35,0
UH0048,2026,SCIAN 2023,42,,Continuidad sin cambio explícito,48,42,42,0
UH0049,2010,SCIAN 2007,0,,Continuidad sin cambio explícito,48,0,0,0
UH0049,2011,SCIAN 2007,0,,Continuidad sin cambio explícito,48,0,0,0
UH0049,2012,SCIAN 2007,0,,Continuidad sin cambio explícito,48,0,0,0
UH0049,2013,SCIAN 2007,24,,Continuidad sin cambio explícito,48,24,24,0
UH0049,2015,SCIAN 2013,0,,Continuidad sin cambio explícito,48,0,0,0
UH0049,2016,SCIAN 2013,0,,Continuidad sin cambio explícito,48,0,0,0
UH0049,2017,SCIAN 2013,0,,Continuidad sin cambio explícito,48,0,0,0
UH0049,2018,SCIAN 2018,0,,Continuidad sin cambio explícito,48,0,0,0
UH0049,2019,SCIAN 2018,18,,Continuidad sin cambio explícito,48,18,18,0
UH0049,2020,SCIAN 2018,0,,Continuidad sin cambio explícito,48,0,0,0
UH0049,2021,SCIAN 2018,0,,Continuidad sin cambio explícito,48,0,0,0
UH0049,2022,SCIAN 2018,0,,Continuidad sin cambio explícito,48,0,0,0
UH0049,2023,SCIAN 2018,0,,Continuidad sin cambio explícito,48,0,0,0
UH0049,2024,SCIAN 2023,0,,Continuidad sin cambio explícito,48,0,0,0
UH0049,2025,SCIAN 2023,0,,Continuidad sin cambio explícito,48,0,0,0
UH0049,2026,SCIAN 2023,0,,Continuidad sin cambio explícito,48,0,0,0
UH0050,2010,SCIAN 2007,0,,Continuidad sin cambio explícito,48,0,0,0
UH0050,2011,SCIAN 2007,0,,Continuidad sin cambio explícito,48,0,0,0
UH0050,2012,SCIAN 2007,0,,Continuidad sin cambio explícito,48,0,0,0
UH0050,2013,SCIAN 2007,0,,Continuidad sin cambio explícito,48,0,0,0
UH0050,2015,SCIAN 2013,2,,Continuidad sin cambio explícito,48,2,2,0
UH0050,2016,SCIAN 2013,2,,Continuidad sin cambio explícito,48,2,2,0
UH0050,2017,SCIAN 2013,2,,Continuidad sin cambio explícito,48,2,2,0
UH0050,2018,SCIAN 2018,2,,Continuidad sin cambio explícito,48,2,2,0
UH0050,2019,SCIAN 2018,2,,Continuidad sin cambio explícito,48,2,2,0
UH0050,2020,SCIAN 2018,2,,Continuidad sin cambio explícito,48,2,2,0
UH0050,2021,SCIAN 2018,2,,Continuidad sin cambio explícito,48,2,2,0
UH0050,2022,SCIAN 2018,2,,Continuidad sin cambio explícito,48,2,2,0
UH0050,2023,SCIAN 2018,2,,Continuidad sin cambio explícito,48,2,2,0
UH0050,2024,SCIAN 2023,1,,Continuidad sin cambio explícito,48,1,1,0
UH0050,2025,SCIAN 2023,2,,Continuidad sin cambio explícito,48,2,2,0
UH0050,2026,SCIAN 2023,3,,Continuidad sin cambio explícito,48,3,3,0
UH0051,2010,SCIAN 2007,2,,Continuidad sin cambio explícito,48,2,2,0
UH0051,2011,SCIAN 2007,2,,Continuidad sin cambio explícito,48,2,2,0
UH0051,2012,SCIAN 2007,2,,Continuidad sin cambio explícito,48,2,2,0
UH0051,2013,SCIAN 2007,2,,Continuidad sin cambio explícito,48,2,2,0
UH0051,2015,SCIAN 2013,1,,Continuidad sin cambio explícito,48,1,1,0
UH0051,2016,SCIAN 2013,1,,Continuidad sin cambio explícito,48,1,1,0
UH0051,2017,SCIAN 2013,1,,Continuidad sin cambio explícito,48,1,1,0
UH0051,2018,SCIAN 2018,1,,Continuidad sin cambio explícito,48,1,1,0
UH0051,2019,SCIAN 2018,1,,Continuidad sin cambio explícito,48,1,1,0
UH0051,2020,SCIAN 2018,1,,Continuidad sin cambio explícito,48,1,1,0
UH0051,2021,SCIAN 2018,1,,Continuidad sin cambio explícito,48,1,1,0
UH0051,2022,SCIAN 2018,1,,Continuidad sin cambio explícito,48,1,1,0
UH0051,2023,SCIAN 2018,1,,Continuidad sin cambio explícito,48,1,1,0
UH0051,2024,SCIAN 2023,1,,Continuidad sin cambio explícito,48,1,1,0
UH0051,2025,SCIAN 2023,0,,Continuidad sin cambio explícito,48,0,0,0
UH0051,2026,SCIAN 2023,0,,Continuidad sin cambio explícito,48,0,0,0
UH0052,2010,SCIAN 2007,2,,Continuidad sin cambio explícito,48,2,2,0
UH0052,2011,SCIAN 2007,2,,Continuidad sin cambio explícito,48,2,2,0
UH0052,2012,SCIAN 2007,2,,Continuidad sin cambio explícito,48,2,2,0
UH0052,2013,SCIAN 2007,3,,Continuidad sin cambio explícito,48,3,3,0
UH0052,2015,SCIAN 2013,8,,Continuidad sin cambio explícito,48,8,8,0
UH0052,2016,SCIAN 2013,14,,Continuidad sin cambio explícito,48,14,14,0
UH0052,2017,SCIAN 2013,14,,Continuidad sin cambio explícito,48,14,14,0
UH0052,2018,SCIAN 2018,14,,Continuidad sin cambio explícito,48,14,14,0
UH0052,2019,SCIAN 2018,11,,Continuidad sin cambio explícito,48,11,11,0
UH0052,2020,SCIAN 2018,10,,Continuidad sin cambio explícito,48,10,10,0
UH0052,2021,SCIAN 2018,10,,Continuidad sin cambio explícito,48,10,10,0
UH0052,2022,SCIAN 2018,10,,Continuidad sin cambio explícito,48,10,10,0
UH0052,2023,SCIAN 2018,10,,Continuidad sin cambio explícito,48,10,10,0
UH0052,2024,SCIAN 2023,9,,Continuidad sin cambio explícito,48,9,9,0
UH0052,2025,SCIAN 2023,7,,Continuidad sin cambio explícito,48,7,7,0
UH0052,2026,SCIAN 2023,8,,Continuidad sin cambio explícito,48,8,8,0
UH0053,2010,SCIAN 2007,0,,Continuidad sin cambio explícito,48,0,0,0
UH0053,2011,SCIAN 2007,1,,Continuidad sin cambio explícito,48,1,1,0
UH0053,2012,SCIAN 2007,1,,Continuidad sin cambio explícito,48,1,1,0
UH0053,2013,SCIAN 2007,1,,Continuidad sin cambio explícito,48,1,1,0
UH0053,2015,SCIAN 2013,0,,Continuidad sin cambio explícito,48,0,0,0
UH0053,2016,SCIAN 2013,2,,Continuidad sin cambio explícito,48,2,2,0
UH0053,2017,SCIAN 2013,2,,Continuidad sin cambio explícito,48,2,2,0
UH0053,2018,SCIAN 2018,2,,Continuidad sin cambio explícito,48,2,2,0
UH0053,2019,SCIAN 2018,2,,Continuidad sin cambio explícito,48,2,2,0
UH0053,2020,SCIAN 2018,3,,Continuidad sin cambio explícito,48,3,3,0
UH0053,2021,SCIAN 2018,3,,Continuidad sin cambio explícito,48,3,3,0
UH0053,2022,SCIAN 2018,3,,Continuidad sin cambio explícito,48,3,3,0
UH0053,2023,SCIAN 2018,3,,Continuidad sin cambio explícito,48,3,3,0
UH0053,2024,SCIAN 2023,3,,Continuidad sin cambio explícito,48,3,3,0
UH0053,2025,SCIAN 2023,2,,Continuidad sin cambio explícito,48,2,2,0
UH0053,2026,SCIAN 2023,2,,Continuidad sin cambio explícito,48,2,2,0
UH0054,2010,SCIAN 2007,5,,Continuidad sin cambio explícito,48,5,5,0
UH0054,2011,SCIAN 2007,6,,Continuidad sin cambio explícito,48,6,6,0
UH0054,2012,SCIAN 2007,8,,Continuidad sin cambio explícito,48,8,8,0
UH0054,2013,SCIAN 2007,15,,Continuidad sin cambio explícito,48,15,15,0
UH0054,2015,SCIAN 2013,10,,Continuidad sin cambio explícito,48,10,10,0
UH0054,2016,SCIAN 2013,8,,Continuidad sin cambio explícito,48,8,8,0
UH0054,2017,SCIAN 2013,8,,Continuidad sin cambio explícito,48,8,8,0
UH0054,2018,SCIAN 2018,8,,Continuidad sin cambio explícito,48,8,8,0
UH0054,2019,SCIAN 2018,5,,Continuidad sin cambio explícito,48,5,5,0
UH0054,2020,SCIAN 2018,7,,Continuidad sin cambio explícito,48,7,7,0
UH0054,2021,SCIAN 2018,7,,Continuidad sin cambio explícito,48,7,7,0
UH0054,2022,SCIAN 2018,7,,Continuidad sin cambio explícito,48,7,7,0
UH0054,2023,SCIAN 2018,7,,Continuidad sin cambio explícito,48,7,7,0
UH0054,2024,SCIAN 2023,9,,Continuidad sin cambio explícito,48,9,9,0
UH0054,2025,SCIAN 2023,5,,Continuidad sin cambio explícito,48,5,5,0
UH0054,2026,SCIAN 2023,7,,Continuidad sin cambio explícito,48,7,7,0
UH0055,2010,SCIAN 2007,0,,Continuidad sin cambio explícito,48,0,0,0
UH0055,2011,SCIAN 2007,0,,Continuidad sin cambio explícito,48,0,0,0
UH0055,2012,SCIAN 2007,0,,Continuidad sin cambio explícito,48,0,0,0
UH0055,2013,SCIAN 2007,0,,Continuidad sin cambio explícito,48,0,0,0
UH0055,2015,SCIAN 2013,1,,Continuidad sin cambio explícito,48,1,1,0
UH0055,2016,SCIAN 2013,1,,Continuidad sin cambio explícito,48,1,1,0
UH0055,2017,SCIAN 2013,1,,Continuidad sin cambio explícito,48,1,1,0
UH0055,2018,SCIAN 2018,1,,Continuidad sin cambio explícito,48,1,1,0
UH0055,2019,SCIAN 2018,1,,Continuidad sin cambio explícito,48,1,1,0
UH0055,2020,SCIAN 2018,0,,Continuidad sin cambio explícito,48,0,0,0
UH0055,2021,SCIAN 2018,0,,Continuidad sin cambio explícito,48,0,0,0
UH0055,2022,SCIAN 2018,0,,Continuidad sin cambio explícito,48,0,0,0
UH0055,2023,SCIAN 2018,0,,Continuidad sin cambio explícito,48,0,0,0
UH0055,2024,SCIAN 2023,0,,Continuidad sin cambio explícito,48,0,0,0
UH0055,2025,SCIAN 2023,0,,Continuidad sin cambio explícito,48,0,0,0
UH0055,2026,SCIAN 2023,0,,Continuidad sin cambio explícito,48,0,0,0
UH0056,2010,SCIAN 2007,2,,Continuidad sin cambio explícito,48,2,2,0
UH0056,2011,SCIAN 2007,2,,Continuidad sin cambio explícito,48,2,2,0
UH0056,2012,SCIAN 2007,2,,Continuidad sin cambio explícito,48,2,2,0
UH0056,2013,SCIAN 2007,2,,Continuidad sin cambio explícito,48,2,2,0
UH0056,2015,SCIAN 2013,0,,Continuidad sin cambio explícito,48,0,0,0
UH0056,2016,SCIAN 2013,0,,Continuidad sin cambio explícito,48,0,0,0
UH0056,2017,SCIAN 2013,0,,Continuidad sin cambio explícito,48,0,0,0
UH0056,2018,SCIAN 2018,0,,Continuidad sin cambio explícito,48,0,0,0
UH0056,2019,SCIAN 2018,0,,Continuidad sin cambio explícito,48,0,0,0
UH0056,2020,SCIAN 2018,0,,Continuidad sin cambio explícito,48,0,0,0
UH0056,2021,SCIAN 2018,0,,Continuidad sin cambio explícito,48,0,0,0
UH0056,2022,SCIAN 2018,0,,Continuidad sin cambio explícito,48,0,0,0
UH0056,2023,SCIAN 2018,0,,Continuidad sin cambio explícito,48,0,0,0
UH0056,2024,SCIAN 2023,0,,Continuidad sin cambio explícito,48,0,0,0
UH0056,2025,SCIAN 2023,0,,Continuidad sin cambio explícito,48,0,0,0
UH0056,2026,SCIAN 2023,0,,Continuidad sin cambio explícito,48,0,0,0
UH0057,2010,SCIAN 2007,3,,Continuidad sin cambio explícito,48,3,3,0
UH0057,2011,SCIAN 2007,3,,Continuidad sin cambio explícito,48,3,3,0
UH0057,2012,SCIAN 2007,2,,Continuidad sin cambio explícito,48,2,2,0
UH0057,2013,SCIAN 2007,2,,Continuidad sin cambio explícito,48,2,2,0
UH0057,2015,SCIAN 2013,5,,Continuidad sin cambio explícito,48,5,5,0
UH0057,2016,SCIAN 2013,6,,Continuidad sin cambio explícito,48,6,6,0
UH0057,2017,SCIAN 2013,6,,Continuidad sin cambio explícito,48,6,6,0
UH0057,2018,SCIAN 2018,6,,Continuidad sin cambio explícito,48,6,6,0
UH0057,2019,SCIAN 2018,6,,Continuidad sin cambio explícito,48,6,6,0
UH0057,2020,SCIAN 2018,7,,Continuidad sin cambio explícito,48,7,7,0
UH0057,2021,SCIAN 2018,7,,Continuidad sin cambio explícito,48,7,7,0
UH0057,2022,SCIAN 2018,7,,Continuidad sin cambio explícito,48,7,7,0
UH0057,2023,SCIAN 2018,7,,Continuidad sin cambio explícito,48,7,7,0
UH0057,2024,SCIAN 2023,5,,Continuidad sin cambio explícito,48,5,5,0
UH0057,2025,SCIAN 2023,6,,Continuidad sin cambio explícito,48,6,6,0
UH0057,2026,SCIAN 2023,6,,Continuidad sin cambio explícito,48,6,6,0
UH0058,2010,SCIAN 2007,1,,Continuidad sin cambio explícito,48,1,1,0
UH0058,2011,SCIAN 2007,1,,Continuidad sin cambio explícito,48,1,1,0
UH0058,2012,SCIAN 2007,1,,Continuidad sin cambio explícito,48,1,1,0
UH0058,2013,SCIAN 2007,2,,Continuidad sin cambio explícito,48,2,2,0
UH0058,2015,SCIAN 2013,3,,Continuidad sin cambio explícito,48,3,3,0
UH0058,2016,SCIAN 2013,3,,Continuidad sin cambio explícito,48,3,3,0
UH0058,2017,SCIAN 2013,3,,Continuidad sin cambio explícito,48,3,3,0
UH0058,2018,SCIAN 2018,3,,Continuidad sin cambio explícito,48,3,3,0
UH0058,2019,SCIAN 2018,1,,Continuidad sin cambio explícito,48,1,1,0
UH0058,2020,SCIAN 2018,1,,Continuidad sin cambio explícito,48,1,1,0
UH0058,2021,SCIAN 2018,1,,Continuidad sin cambio explícito,48,1,1,0
UH0058,2022,SCIAN 2018,1,,Continuidad sin cambio explícito,48,1,1,0
UH0058,2023,SCIAN 2018,1,,Continuidad sin cambio explícito,48,1,1,0
UH0058,2024,SCIAN 2023,1,,Continuidad sin cambio explícito,48,1,1,0
UH0058,2025,SCIAN 2023,1,,Continuidad sin cambio explícito,48,1,1,0
UH0058,2026,SCIAN 2023,2,,Continuidad sin cambio explícito,48,2,2,0
UH0059,2010,SCIAN 2007,0,,Continuidad sin cambio explícito,48,0,0,0
UH0059,2011,SCIAN 2007,0,,Continuidad sin cambio explícito,48,0,0,0
UH0059,2012,SCIAN 2007,0,,Continuidad sin cambio explícito,48,0,0,0
UH0059,2013,SCIAN 2007,0,,Continuidad sin cambio explícito,48,0,0,0
UH0059,2015,SCIAN 2013,0,,Continuidad sin cambio explícito,48,0,0,0
UH0059,2016,SCIAN 2013,1,,Continuidad sin cambio explícito,48,1,1,0
UH0059,2017,SCIAN 2013,1,,Continuidad sin cambio explícito,48,1,1,0
UH0059,2018,SCIAN 2018,1,,Continuidad sin cambio explícito,48,1,1,0
UH0059,2019,SCIAN 2018,1,,Continuidad sin cambio explícito,48,1,1,0
UH0059,2020,SCIAN 2018,1,,Continuidad sin cambio explícito,48,1,1,0
UH0059,2021,SCIAN 2018,1,,Continuidad sin cambio explícito,48,1,1,0
UH0059,2022,SCIAN 2018,1,,Continuidad sin cambio explícito,48,1,1,0
UH0059,2023,SCIAN 2018,3,,Continuidad sin cambio explícito,48,3,3,0
UH0059,2024,SCIAN 2023,3,,Continuidad sin cambio explícito,48,3,3,0
UH0059,2025,SCIAN 2023,1,,Continuidad sin cambio explícito,48,1,1,0
UH0059,2026,SCIAN 2023,2,,Continuidad sin cambio explícito,48,2,2,0
UH0060,2010,SCIAN 2007,2,,Continuidad sin cambio explícito,48,2,2,0
UH0060,2011,SCIAN 2007,2,,Continuidad sin cambio explícito,48,2,2,0
UH0060,2012,SCIAN 2007,2,,Continuidad sin cambio explícito,48,2,2,0
UH0060,2013,SCIAN 2007,2,,Continuidad sin cambio explícito,48,2,2,0
UH0060,2015,SCIAN 2013,1,,Continuidad sin cambio explícito,48,1,1,0
UH0060,2016,SCIAN 2013,1,,Continuidad sin cambio explícito,48,1,1,0
UH0060,2017,SCIAN 2013,1,,Continuidad sin cambio explícito,48,1,1,0
UH0060,2018,SCIAN 2018,1,,Continuidad sin cambio explícito,48,1,1,0
UH0060,2019,SCIAN 2018,1,,Continuidad sin cambio explícito,48,1,1,0
UH0060,2020,SCIAN 2018,1,,Continuidad sin cambio explícito,48,1,1,0
UH0060,2021,SCIAN 2018,1,,Continuidad sin cambio explícito,48,1,1,0
UH0060,2022,SCIAN 2018,1,,Continuidad sin cambio explícito,48,1,1,0
UH0060,2023,SCIAN 2018,1,,Continuidad sin cambio explícito,48,1,1,0
UH0060,2024,SCIAN 2023,1,,Continuidad sin cambio explícito,48,1,1,0
UH0060,2025,SCIAN 2023,1,,Continuidad sin cambio explícito,48,1,1,0
UH0060,2026,SCIAN 2023,1,,Continuidad sin cambio explícito,48,1,1,0
UH0061,2010,SCIAN 2007,0,,Continuidad sin cambio explícito,48,0,0,0
UH0061,2011,SCIAN 2007,0,,Continuidad sin cambio explícito,48,0,0,0
UH0061,2012,SCIAN 2007,0,,Continuidad sin cambio explícito,48,0,0,0
UH0061,2013,SCIAN 2007,0,,Continuidad sin cambio explícito,48,0,0,0
UH0061,2015,SCIAN 2013,3,,Continuidad sin cambio explícito,48,3,3,0
UH0061,2016,SCIAN 2013,4,,Continuidad sin cambio explícito,48,4,4,0
UH0061,2017,SCIAN 2013,4,,Continuidad sin cambio explícito,48,4,4,0
UH0061,2018,SCIAN 2018,4,,Continuidad sin cambio explícito,48,4,4,0
UH0061,2019,SCIAN 2018,1,,Continuidad sin cambio explícito,48,1,1,0
UH0061,2020,SCIAN 2018,0,,Continuidad sin cambio explícito,48,0,0,0
UH0061,2021,SCIAN 2018,0,,Continuidad sin cambio explícito,48,0,0,0
UH0061,2022,SCIAN 2018,0,,Continuidad sin cambio explícito,48,0,0,0
UH0061,2023,SCIAN 2018,0,,Continuidad sin cambio explícito,48,0,0,0
UH0061,2024,SCIAN 2023,0,,Continuidad sin cambio explícito,48,0,0,0
UH0061,2025,SCIAN 2023,1,,Continuidad sin cambio explícito,48,1,1,0
UH0061,2026,SCIAN 2023,1,,Continuidad sin cambio explícito,48,1,1,0
UH0062,2010,SCIAN 2007,1,,Continuidad sin cambio explícito,48,1,1,0
UH0062,2011,SCIAN 2007,3,,Continuidad sin cambio explícito,48,3,3,0
UH0062,2012,SCIAN 2007,3,,Continuidad sin cambio explícito,48,3,3,0
UH0062,2013,SCIAN 2007,3,,Continuidad sin cambio explícito,48,3,3,0
UH0062,2015,SCIAN 2013,2,,Continuidad sin cambio explícito,48,2,2,0
UH0062,2016,SCIAN 2013,0,,Continuidad sin cambio explícito,48,0,0,0
UH0062,2017,SCIAN 2013,0,,Continuidad sin cambio explícito,48,0,0,0
UH0062,2018,SCIAN 2018,0,,Continuidad sin cambio explícito,48,0,0,0
UH0062,2019,SCIAN 2018,6,,Continuidad sin cambio explícito,48,6,6,0
UH0062,2020,SCIAN 2018,9,,Continuidad sin cambio explícito,48,9,9,0
UH0062,2021,SCIAN 2018,9,,Continuidad sin cambio explícito,48,9,9,0
UH0062,2022,SCIAN 2018,9,,Continuidad sin cambio explícito,48,9,9,0
UH0062,2023,SCIAN 2018,11,,Continuidad sin cambio explícito,48,11,11,0
UH0062,2024,SCIAN 2023,7,,Continuidad sin cambio explícito,48,7,7,0
UH0062,2025,SCIAN 2023,7,,Continuidad sin cambio explícito,48,7,7,0
UH0062,2026,SCIAN 2023,8,,Continuidad sin cambio explícito,48,8,8,0
UH0063,2010,SCIAN 2007,4,,Continuidad sin cambio explícito,48,4,4,0
UH0063,2011,SCIAN 2007,4,,Continuidad sin cambio explícito,48,4,4,0
UH0063,2012,SCIAN 2007,4,,Continuidad sin cambio explícito,48,4,4,0
UH0063,2013,SCIAN 2007,5,,Continuidad sin cambio explícito,48,5,5,0
UH0063,2015,SCIAN 2013,2,,Continuidad sin cambio explícito,48,2,2,0
UH0063,2016,SCIAN 2013,3,,Continuidad sin cambio explícito,48,3,3,0
UH0063,2017,SCIAN 2013,3,,Continuidad sin cambio explícito,48,3,3,0
UH0063,2018,SCIAN 2018,3,,Continuidad sin cambio explícito,48,3,3,0
UH0063,2019,SCIAN 2018,3,,Continuidad sin cambio explícito,48,3,3,0
UH0063,2020,SCIAN 2018,4,,Continuidad sin cambio explícito,48,4,4,0
UH0063,2021,SCIAN 2018,4,,Continuidad sin cambio explícito,48,4,4,0
UH0063,2022,SCIAN 2018,5,,Continuidad sin cambio explícito,48,5,5,0
UH0063,2023,SCIAN 2018,10,,Continuidad sin cambio explícito,48,10,10,0
UH0063,2024,SCIAN 2023,8,,Continuidad sin cambio explícito,48,8,8,0
UH0063,2025,SCIAN 2023,3,,Continuidad sin cambio explícito,48,3,3,0
UH0063,2026,SCIAN 2023,4,,Continuidad sin cambio explícito,48,4,4,0
UH0064,2010,SCIAN 2007,1,,Continuidad sin cambio explícito,49,1,1,0
UH0064,2011,SCIAN 2007,11,,Continuidad sin cambio explícito,49,11,11,0
UH0064,2012,SCIAN 2007,11,,Continuidad sin cambio explícito,49,11,11,0
UH0064,2013,SCIAN 2007,11,,Continuidad sin cambio explícito,49,11,11,0
UH0064,2015,SCIAN 2013,1,,Continuidad sin cambio explícito,49,1,1,0
UH0064,2016,SCIAN 2013,8,,Continuidad sin cambio explícito,49,8,8,0
UH0064,2017,SCIAN 2013,8,,Continuidad sin cambio explícito,49,8,8,0
UH0064,2018,SCIAN 2018,8,,Continuidad sin cambio explícito,49,8,8,0
UH0064,2019,SCIAN 2018,7,,Continuidad sin cambio explícito,49,7,7,0
UH0064,2020,SCIAN 2018,9,,Continuidad sin cambio explícito,49,9,9,0
UH0064,2021,SCIAN 2018,9,,Continuidad sin cambio explícito,49,9,9,0
UH0064,2022,SCIAN 2018,9,,Continuidad sin cambio explícito,49,9,9,0
UH0064,2023,SCIAN 2018,9,,Continuidad sin cambio explícito,49,9,9,0
UH0064,2024,SCIAN 2023,10,,Continuidad sin cambio explícito,49,10,10,0
UH0064,2025,SCIAN 2023,9,,Continuidad sin cambio explícito,49,9,9,0
UH0064,2026,SCIAN 2023,12,,Continuidad sin cambio explícito,49,12,12,0
UH0065,2010,SCIAN 2007,30,,Continuidad sin cambio explícito,49,30,30,0
UH0065,2011,SCIAN 2007,41,,Continuidad sin cambio explícito,49,41,41,0
UH0065,2012,SCIAN 2007,41,,Continuidad sin cambio explícito,49,41,41,0
UH0065,2013,SCIAN 2007,51,,Continuidad sin cambio explícito,49,51,51,0
UH0065,2015,SCIAN 2013,38,,Continuidad sin cambio explícito,49,38,38,0
UH0065,2016,SCIAN 2013,41,,Continuidad sin cambio explícito,49,41,41,0
UH0065,2017,SCIAN 2013,41,,Continuidad sin cambio explícito,49,41,41,0
UH0065,2018,SCIAN 2018,41,,Continuidad sin cambio explícito,49,41,41,0
UH0065,2019,SCIAN 2018,38,,Continuidad sin cambio explícito,49,38,38,0
UH0065,2020,SCIAN 2018,58,,Continuidad sin cambio explícito,49,58,58,0
UH0065,2021,SCIAN 2018,58,,Continuidad sin cambio explícito,49,58,58,0
UH0065,2022,SCIAN 2018,58,,Continuidad sin cambio explícito,49,58,58,0
UH0065,2023,SCIAN 2018,61,,Continuidad sin cambio explícito,49,61,61,0
UH0065,2024,SCIAN 2023,88,,Continuidad sin cambio explícito,49,88,88,0
UH0065,2025,SCIAN 2023,71,,Continuidad sin cambio explícito,49,71,71,0
UH0065,2026,SCIAN 2023,68,,Continuidad sin cambio explícito,49,68,68,0
UH0066,2010,SCIAN 2007,1,,Continuidad sin cambio explícito,49,1,1,0
UH0066,2011,SCIAN 2007,2,,Continuidad sin cambio explícito,49,2,2,0
UH0066,2012,SCIAN 2007,2,,Continuidad sin cambio explícito,49,2,2,0
UH0066,2013,SCIAN 2007,2,,Continuidad sin cambio explícito,49,2,2,0
UH0066,2015,SCIAN 2013,1,,Continuidad sin cambio explícito,49,1,1,0
UH0066,2016,SCIAN 2013,3,,Continuidad sin cambio explícito,49,3,3,0
UH0066,2017,SCIAN 2013,3,,Continuidad sin cambio explícito,49,3,3,0
UH0066,2018,SCIAN 2018,3,,Continuidad sin cambio explícito,49,3,3,0
UH0066,2019,SCIAN 2018,0,,Continuidad sin cambio explícito,49,0,0,0
UH0066,2020,SCIAN 2018,0,,Continuidad sin cambio explícito,49,0,0,0
UH0066,2021,SCIAN 2018,0,,Continuidad sin cambio explícito,49,0,0,0
UH0066,2022,SCIAN 2018,0,,Continuidad sin cambio explícito,49,0,0,0
UH0066,2023,SCIAN 2018,1,,Continuidad sin cambio explícito,49,1,1,0
UH0066,2024,SCIAN 2023,4,,Continuidad sin cambio explícito,49,4,4,0
UH0066,2025,SCIAN 2023,8,,Continuidad sin cambio explícito,49,8,8,0
UH0066,2026,SCIAN 2023,19,,Continuidad sin cambio explícito,49,19,19,0
UH0067,2010,SCIAN 2007,2,,Continuidad sin cambio explícito,49,2,2,0
UH0067,2011,SCIAN 2007,2,,Continuidad sin cambio explícito,49,2,2,0
UH0067,2012,SCIAN 2007,2,,Continuidad sin cambio explícito,49,2,2,0
UH0067,2013,SCIAN 2007,3,,Continuidad sin cambio explícito,49,3,3,0
UH0067,2015,SCIAN 2013,0,,Continuidad sin cambio explícito,49,0,0,0
UH0067,2016,SCIAN 2013,4,,Continuidad sin cambio explícito,49,4,4,0
UH0067,2017,SCIAN 2013,4,,Continuidad sin cambio explícito,49,4,4,0
UH0067,2018,SCIAN 2018,4,,Continuidad sin cambio explícito,49,4,4,0
UH0067,2019,SCIAN 2018,7,,Continuidad sin cambio explícito,49,7,7,0
UH0067,2020,SCIAN 2018,0,,Continuidad sin cambio explícito,49,0,0,0
UH0067,2021,SCIAN 2018,0,,Continuidad sin cambio explícito,49,0,0,0
UH0067,2022,SCIAN 2018,0,,Continuidad sin cambio explícito,49,0,0,0
UH0067,2023,SCIAN 2018,0,,Continuidad sin cambio explícito,49,0,0,0
UH0067,2024,SCIAN 2023,0,,Continuidad sin cambio explícito,49,0,0,0
UH0067,2025,SCIAN 2023,0,,Continuidad sin cambio explícito,49,0,0,0
UH0067,2026,SCIAN 2023,0,,Continuidad sin cambio explícito,49,0,0,0
UH0068,2010,SCIAN 2007,14,,Continuidad sin cambio explícito,49,14,14,0
UH0068,2011,SCIAN 2007,14,,Continuidad sin cambio explícito,49,14,14,0
UH0068,2012,SCIAN 2007,14,,Continuidad sin cambio explícito,49,14,14,0
UH0068,2013,SCIAN 2007,14,,Continuidad sin cambio explícito,49,14,14,0
UH0068,2015,SCIAN 2013,7,,Continuidad sin cambio explícito,49,7,7,0
UH0068,2016,SCIAN 2013,6,,Continuidad sin cambio explícito,49,6,6,0
UH0068,2017,SCIAN 2013,7,,Continuidad sin cambio explícito,49,7,7,0
UH0068,2018,SCIAN 2018,7,,Continuidad sin cambio explícito,49,7,7,0
UH0068,2019,SCIAN 2018,2,,Continuidad sin cambio explícito,49,2,2,0
UH0068,2020,SCIAN 2018,2,,Continuidad sin cambio explícito,49,2,2,0
UH0068,2021,SCIAN 2018,2,,Continuidad sin cambio explícito,49,2,2,0
UH0068,2022,SCIAN 2018,2,,Continuidad sin cambio explícito,49,2,2,0
UH0068,2023,SCIAN 2018,2,,Continuidad sin cambio explícito,49,2,2,0
UH0068,2024,SCIAN 2023,0,,Continuidad sin cambio explícito,49,0,0,0
UH0068,2025,SCIAN 2023,0,,Continuidad sin cambio explícito,49,0,0,0
UH0068,2026,SCIAN 2023,1,,Continuidad sin cambio explícito,49,1,1,0
UH0069,2010,SCIAN 2007,0,,Continuidad sin cambio explícito,49,0,0,0
UH0069,2011,SCIAN 2007,0,,Continuidad sin cambio explícito,49,0,0,0
UH0069,2012,SCIAN 2007,1,,Continuidad sin cambio explícito,49,1,1,0
UH0069,2013,SCIAN 2007,1,,Continuidad sin cambio explícito,49,1,1,0
UH0069,2015,SCIAN 2013,0,,Continuidad sin cambio explícito,49,0,0,0
UH0069,2016,SCIAN 2013,0,,Continuidad sin cambio explícito,49,0,0,0
UH0069,2017,SCIAN 2013,0,,Continuidad sin cambio explícito,49,0,0,0
UH0069,2018,SCIAN 2018,0,,Continuidad sin cambio explícito,49,0,0,0
UH0069,2019,SCIAN 2018,0,,Continuidad sin cambio explícito,49,0,0,0
UH0069,2020,SCIAN 2018,0,,Continuidad sin cambio explícito,49,0,0,0
UH0069,2021,SCIAN 2018,0,,Continuidad sin cambio explícito,49,0,0,0
UH0069,2022,SCIAN 2018,0,,Continuidad sin cambio explícito,49,0,0,0
UH0069,2023,SCIAN 2018,0,,Continuidad sin cambio explícito,49,0,0,0
UH0069,2024,SCIAN 2023,0,,Continuidad sin cambio explícito,49,0,0,0
UH0069,2025,SCIAN 2023,0,,Continuidad sin cambio explícito,49,0,0,0
UH0069,2026,SCIAN 2023,0,,Continuidad sin cambio explícito,49,0,0,0
UH0070,2010,SCIAN 2007,0,,Continuidad sin cambio explícito,49,0,0,0
UH0070,2011,SCIAN 2007,0,,Continuidad sin cambio explícito,49,0,0,0
UH0070,2012,SCIAN 2007,0,,Continuidad sin cambio explícito,49,0,0,0
UH0070,2013,SCIAN 2007,2,,Continuidad sin cambio explícito,49,2,2,0
UH0070,2015,SCIAN 2013,0,,Continuidad sin cambio explícito,49,0,0,0
UH0070,2016,SCIAN 2013,0,,Continuidad sin cambio explícito,49,0,0,0
UH0070,2017,SCIAN 2013,0,,Continuidad sin cambio explícito,49,0,0,0
UH0070,2018,SCIAN 2018,0,,Continuidad sin cambio explícito,49,0,0,0
UH0070,2019,SCIAN 2018,0,,Continuidad sin cambio explícito,49,0,0,0
UH0070,2020,SCIAN 2018,0,,Continuidad sin cambio explícito,49,0,0,0
UH0070,2021,SCIAN 2018,0,,Continuidad sin cambio explícito,49,0,0,0
UH0070,2022,SCIAN 2018,0,,Continuidad sin cambio explícito,49,0,0,0
UH0070,2023,SCIAN 2018,0,,Continuidad sin cambio explícito,49,0,0,0
UH0070,2024,SCIAN 2023,2,,Continuidad sin cambio explícito,49,2,2,0
UH0070,2025,SCIAN 2023,2,,Continuidad sin cambio explícito,49,2,2,0
UH0070,2026,SCIAN 2023,3,,Continuidad sin cambio explícito,49,3,3,0
UH0071,2010,SCIAN 2007,0,,Continuidad sin cambio explícito,51,0,0,0
UH0071,2011,SCIAN 2007,1,,Continuidad sin cambio explícito,51,1,1,0
UH0071,2012,SCIAN 2007,1,,Continuidad sin cambio explícito,51,1,1,0
UH0071,2013,SCIAN 2007,1,,Continuidad sin cambio explícito,51,1,1,0
UH0071,2015,SCIAN 2013,0,,Continuidad sin cambio explícito,51,0,0,0
UH0071,2016,SCIAN 2013,0,,Continuidad sin cambio explícito,51,0,0,0
UH0071,2017,SCIAN 2013,0,,Continuidad sin cambio explícito,51,0,0,0
UH0071,2018,SCIAN 2018,0,,Continuidad sin cambio explícito,51,0,0,0
UH0071,2019,SCIAN 2018,0,,Continuidad sin cambio explícito,51,0,0,0
UH0071,2020,SCIAN 2018,0,,Continuidad sin cambio explícito,51,0,0,0
UH0071,2021,SCIAN 2018,0,,Continuidad sin cambio explícito,51,0,0,0
UH0071,2022,SCIAN 2018,0,,Continuidad sin cambio explícito,51,0,0,0
UH0071,2023,SCIAN 2018,0,,Continuidad sin cambio explícito,51,0,0,0
UH0071,2024,SCIAN 2023,0,,Continuidad sin cambio explícito,51,0,0,0
UH0071,2025,SCIAN 2023,0,,Continuidad sin cambio explícito,51,0,0,0
UH0071,2026,SCIAN 2023,0,,Continuidad sin cambio explícito,51,0,0,0
UH0072,2010,SCIAN 2007,0,,Continuidad sin cambio explícito,51,0,0,0
UH0072,2011,SCIAN 2007,0,,Continuidad sin cambio explícito,51,0,0,0
UH0072,2012,SCIAN 2007,0,,Continuidad sin cambio explícito,51,0,0,0
UH0072,2013,SCIAN 2007,0,,Continuidad sin cambio explícito,51,0,0,0
UH0072,2015,SCIAN 2013,0,,Continuidad sin cambio explícito,51,0,0,0
UH0072,2016,SCIAN 2013,2,,Continuidad sin cambio explícito,51,2,2,0
UH0072,2017,SCIAN 2013,2,,Continuidad sin cambio explícito,51,2,2,0
UH0072,2018,SCIAN 2018,2,,Continuidad sin cambio explícito,51,2,2,0
UH0072,2019,SCIAN 2018,2,,Continuidad sin cambio explícito,51,2,2,0
UH0072,2020,SCIAN 2018,3,,Continuidad sin cambio explícito,51,3,3,0
UH0072,2021,SCIAN 2018,3,,Continuidad sin cambio explícito,51,3,3,0
UH0072,2022,SCIAN 2018,3,,Continuidad sin cambio explícito,51,3,3,0
UH0072,2023,SCIAN 2018,3,,Continuidad sin cambio explícito,51,3,3,0
UH0072,2024,SCIAN 2023,1,,Continuidad sin cambio explícito,51,1,1,0
UH0072,2025,SCIAN 2023,1,,Continuidad sin cambio explícito,51,1,1,0
UH0072,2026,SCIAN 2023,1,,Continuidad sin cambio explícito,51,1,1,0
UH0073,2010,SCIAN 2007,2,,Continuidad sin cambio explícito,51,2,2,0
UH0073,2011,SCIAN 2007,2,,Continuidad sin cambio explícito,51,2,2,0
UH0073,2012,SCIAN 2007,3,,Continuidad sin cambio explícito,51,3,3,0
UH0073,2013,SCIAN 2007,3,,Continuidad sin cambio explícito,51,3,3,0
UH0073,2015,SCIAN 2013,4,,Continuidad sin cambio explícito,51,4,4,0
UH0073,2016,SCIAN 2013,4,,Continuidad sin cambio explícito,51,4,4,0
UH0073,2017,SCIAN 2013,4,,Continuidad sin cambio explícito,51,4,4,0
UH0073,2018,SCIAN 2018,4,,Continuidad sin cambio explícito,51,4,4,0
UH0073,2019,SCIAN 2018,2,,Continuidad sin cambio explícito,51,2,2,0
UH0073,2020,SCIAN 2018,2,,Continuidad sin cambio explícito,51,2,2,0
UH0073,2021,SCIAN 2018,2,,Continuidad sin cambio explícito,51,2,2,0
UH0073,2022,SCIAN 2018,2,,Continuidad sin cambio explícito,51,2,2,0
UH0073,2023,SCIAN 2018,2,,Continuidad sin cambio explícito,51,2,2,0
UH0073,2024,SCIAN 2023,1,,Continuidad sin cambio explícito,51,1,1,0
UH0073,2025,SCIAN 2023,1,,Continuidad sin cambio explícito,51,1,1,0
UH0073,2026,SCIAN 2023,1,,Continuidad sin cambio explícito,51,1,1,0
UH0074,2010,SCIAN 2007,11,,Continuidad sin cambio explícito,51,11,11,0
UH0074,2011,SCIAN 2007,11,,Continuidad sin cambio explícito,51,11,11,0
UH0074,2012,SCIAN 2007,11,,Continuidad sin cambio explícito,51,11,11,0
UH0074,2013,SCIAN 2007,11,,Continuidad sin cambio explícito,51,11,11,0
UH0074,2015,SCIAN 2013,13,,Continuidad sin cambio explícito,51,13,13,0
UH0074,2016,SCIAN 2013,13,,Continuidad sin cambio explícito,51,13,13,0
UH0074,2017,SCIAN 2013,19,,Continuidad sin cambio explícito,51,19,19,0
UH0074,2018,SCIAN 2018,19,,Continuidad sin cambio explícito,51,19,19,0
UH0074,2019,SCIAN 2018,9,,Continuidad sin cambio explícito,51,9,9,0
UH0074,2020,SCIAN 2018,12,,Continuidad sin cambio explícito,51,12,12,0
UH0074,2021,SCIAN 2018,12,,Continuidad sin cambio explícito,51,12,12,0
UH0074,2022,SCIAN 2018,12,,Continuidad sin cambio explícito,51,12,12,0
UH0074,2023,SCIAN 2018,12,,Continuidad sin cambio explícito,51,12,12,0
UH0074,2024,SCIAN 2023,11,,Continuidad sin cambio explícito,51,11,11,0
UH0074,2025,SCIAN 2023,12,,Continuidad sin cambio explícito,51,12,12,0
UH0074,2026,SCIAN 2023,13,,Continuidad sin cambio explícito,51,13,13,0
UH0075,2010,SCIAN 2007,1,,Agregación directa,51,1,1,0
UH0075,2011,SCIAN 2007,1,,Agregación directa,51,1,1,0
UH0075,2012,SCIAN 2007,1,,Agregación directa,51,1,1,0
UH0075,2013,SCIAN 2007,1,,Agregación directa,51,1,1,0
UH0075,2015,SCIAN 2013,1,,Agregación directa,51,1,1,0
UH0075,2016,SCIAN 2013,1,,Agregación directa,51,1,1,0
UH0075,2017,SCIAN 2013,1,,Agregación directa,51,1,1,0
UH0075,2018,SCIAN 2018,1,,Agregación directa,51,1,1,0
UH0075,2019,SCIAN 2018,0,,Agregación directa,51,0,0,0
UH0075,2020,SCIAN 2018,0,,Agregación directa,51,0,0,0
UH0075,2021,SCIAN 2018,0,,Agregación directa,51,0,0,0
UH0075,2022,SCIAN 2018,0,,Agregación directa,51,0,0,0
UH0075,2023,SCIAN 2018,0,,Agregación directa,51,0,0,0
UH0075,2024,SCIAN 2023,0,,Agregación directa,51,0,0,0
UH0075,2025,SCIAN 2023,0,,Agregación directa,51,0,0,0
UH0075,2026,SCIAN 2023,0,,Agregación directa,51,0,0,0
UH0076,2010,SCIAN 2007,1,,Continuidad sin cambio explícito,51,1,1,0
UH0076,2011,SCIAN 2007,1,,Continuidad sin cambio explícito,51,1,1,0
UH0076,2012,SCIAN 2007,1,,Continuidad sin cambio explícito,51,1,1,0
UH0076,2013,SCIAN 2007,1,,Continuidad sin cambio explícito,51,1,1,0
UH0076,2015,SCIAN 2013,1,,Continuidad sin cambio explícito,51,1,1,0
UH0076,2016,SCIAN 2013,2,,Continuidad sin cambio explícito,51,2,2,0
UH0076,2017,SCIAN 2013,2,,Continuidad sin cambio explícito,51,2,2,0
UH0076,2018,SCIAN 2018,2,,Continuidad sin cambio explícito,51,2,2,0
UH0076,2019,SCIAN 2018,0,,Continuidad sin cambio explícito,51,0,0,0
UH0076,2020,SCIAN 2018,0,,Continuidad sin cambio explícito,51,0,0,0
UH0076,2021,SCIAN 2018,0,,Continuidad sin cambio explícito,51,0,0,0
UH0076,2022,SCIAN 2018,0,,Continuidad sin cambio explícito,51,0,0,0
UH0076,2023,SCIAN 2018,0,,Continuidad sin cambio explícito,51,0,0,0
UH0076,2024,SCIAN 2023,0,,Continuidad sin cambio explícito,51,0,0,0
UH0076,2025,SCIAN 2023,0,,Continuidad sin cambio explícito,51,0,0,0
UH0076,2026,SCIAN 2023,1,,Continuidad sin cambio explícito,51,1,1,0
UH0077,2010,SCIAN 2007,20,,Agregación directa,51,20,20,0
UH0077,2011,SCIAN 2007,30,,Agregación directa,51,30,30,0
UH0077,2012,SCIAN 2007,29,,Agregación directa,51,29,29,0
UH0077,2013,SCIAN 2007,30,,Agregación directa,51,30,30,0
UH0077,2015,SCIAN 2013,27,,Agregación directa,51,27,27,0
UH0077,2016,SCIAN 2013,43,,Agregación directa,51,43,43,0
UH0077,2017,SCIAN 2013,43,,Agregación directa,51,43,43,0
UH0077,2018,SCIAN 2018,43,,Agregación directa,51,43,43,0
UH0077,2019,SCIAN 2018,41,,Agregación directa,51,41,41,0
UH0077,2020,SCIAN 2018,52,,Agregación directa,51,52,52,0
UH0077,2021,SCIAN 2018,53,,Agregación directa,51,53,53,0
UH0077,2022,SCIAN 2018,60,,Agregación directa,51,60,60,0
UH0077,2023,SCIAN 2018,56,,Agregación directa,51,56,56,0
UH0077,2024,SCIAN 2023,59,,Agregación directa,51,59,59,0
UH0077,2025,SCIAN 2023,32,,Agregación directa,51,32,32,0
UH0077,2026,SCIAN 2023,51,,Agregación directa,51,51,51,0
UH0078,2010,SCIAN 2007,16,,Correspondencia directa 1 a 1,51,16,16,0
UH0078,2011,SCIAN 2007,20,,Correspondencia directa 1 a 1,51,20,20,0
UH0078,2012,SCIAN 2007,23,,Correspondencia directa 1 a 1,51,23,23,0
UH0078,2013,SCIAN 2007,26,,Correspondencia directa 1 a 1,51,26,26,0
UH0078,2015,SCIAN 2013,6,,Correspondencia directa 1 a 1,51,6,6,0
UH0078,2016,SCIAN 2013,14,,Correspondencia directa 1 a 1,51,14,14,0
UH0078,2017,SCIAN 2013,15,,Correspondencia directa 1 a 1,51,15,15,0
UH0078,2018,SCIAN 2018,15,,Correspondencia directa 1 a 1,51,15,15,0
UH0078,2019,SCIAN 2018,10,,Correspondencia directa 1 a 1,51,10,10,0
UH0078,2020,SCIAN 2018,26,,Correspondencia directa 1 a 1,51,26,26,0
UH0078,2021,SCIAN 2018,25,,Correspondencia directa 1 a 1,51,25,25,0
UH0078,2022,SCIAN 2018,26,,Correspondencia directa 1 a 1,51,26,26,0
UH0078,2023,SCIAN 2018,21,,Correspondencia directa 1 a 1,51,21,21,0
UH0078,2024,SCIAN 2023,23,,Correspondencia directa 1 a 1,51,23,23,0
UH0078,2025,SCIAN 2023,20,,Correspondencia directa 1 a 1,51,20,20,0
UH0078,2026,SCIAN 2023,19,,Correspondencia directa 1 a 1,51,19,19,0
UH0079,2010,SCIAN 2007,3,,Continuidad sin cambio explícito,51,3,3,0
UH0079,2011,SCIAN 2007,3,,Continuidad sin cambio explícito,51,3,3,0
UH0079,2012,SCIAN 2007,3,,Continuidad sin cambio explícito,51,3,3,0
UH0079,2013,SCIAN 2007,3,,Continuidad sin cambio explícito,51,3,3,0
UH0079,2015,SCIAN 2013,0,,Continuidad sin cambio explícito,51,0,0,0
UH0079,2016,SCIAN 2013,0,,Continuidad sin cambio explícito,51,0,0,0
UH0079,2017,SCIAN 2013,0,,Continuidad sin cambio explícito,51,0,0,0
UH0079,2018,SCIAN 2018,0,,Continuidad sin cambio explícito,51,0,0,0
UH0079,2019,SCIAN 2018,0,,Continuidad sin cambio explícito,51,0,0,0
UH0079,2020,SCIAN 2018,0,,Continuidad sin cambio explícito,51,0,0,0
UH0079,2021,SCIAN 2018,0,,Continuidad sin cambio explícito,51,0,0,0
UH0079,2022,SCIAN 2018,0,,Continuidad sin cambio explícito,51,0,0,0
UH0079,2023,SCIAN 2018,1,,Continuidad sin cambio explícito,51,1,1,0
UH0079,2024,SCIAN 2023,1,,Continuidad sin cambio explícito,51,1,1,0
UH0079,2025,SCIAN 2023,1,,Continuidad sin cambio explícito,51,1,1,0
UH0079,2026,SCIAN 2023,1,,Continuidad sin cambio explícito,51,1,1,0
UH0080,2010,SCIAN 2007,41,,Continuidad sin cambio explícito,51,41,41,0
UH0080,2011,SCIAN 2007,41,,Continuidad sin cambio explícito,51,41,41,0
UH0080,2012,SCIAN 2007,41,,Continuidad sin cambio explícito,51,41,41,0
UH0080,2013,SCIAN 2007,44,,Continuidad sin cambio explícito,51,44,44,0
UH0080,2015,SCIAN 2013,36,,Continuidad sin cambio explícito,51,36,36,0
UH0080,2016,SCIAN 2013,45,,Continuidad sin cambio explícito,51,45,45,0
UH0080,2017,SCIAN 2013,45,,Continuidad sin cambio explícito,51,45,45,0
UH0080,2018,SCIAN 2018,45,,Continuidad sin cambio explícito,51,45,45,0
UH0080,2019,SCIAN 2018,22,,Continuidad sin cambio explícito,51,22,22,0
UH0080,2020,SCIAN 2018,39,,Continuidad sin cambio explícito,51,39,39,0
UH0080,2021,SCIAN 2018,40,,Continuidad sin cambio explícito,51,40,40,0
UH0080,2022,SCIAN 2018,40,,Continuidad sin cambio explícito,51,40,40,0
UH0080,2023,SCIAN 2018,39,,Continuidad sin cambio explícito,51,39,39,0
UH0080,2024,SCIAN 2023,22,,Continuidad sin cambio explícito,51,22,22,0
UH0080,2025,SCIAN 2023,19,,Continuidad sin cambio explícito,51,19,19,0
UH0080,2026,SCIAN 2023,22,,Continuidad sin cambio explícito,51,22,22,0
UH0081,2010,SCIAN 2007,0,,Continuidad sin cambio explícito,51,0,0,0
UH0081,2011,SCIAN 2007,2,,Continuidad sin cambio explícito,51,2,2,0
UH0081,2012,SCIAN 2007,3,,Continuidad sin cambio explícito,51,3,3,0
UH0081,2013,SCIAN 2007,3,,Continuidad sin cambio explícito,51,3,3,0
UH0081,2015,SCIAN 2013,1,,Continuidad sin cambio explícito,51,1,1,0
UH0081,2016,SCIAN 2013,2,,Continuidad sin cambio explícito,51,2,2,0
UH0081,2017,SCIAN 2013,2,,Continuidad sin cambio explícito,51,2,2,0
UH0081,2018,SCIAN 2018,2,,Continuidad sin cambio explícito,51,2,2,0
UH0081,2019,SCIAN 2018,1,,Continuidad sin cambio explícito,51,1,1,0
UH0081,2020,SCIAN 2018,1,,Continuidad sin cambio explícito,51,1,1,0
UH0081,2021,SCIAN 2018,1,,Continuidad sin cambio explícito,51,1,1,0
UH0081,2022,SCIAN 2018,1,,Continuidad sin cambio explícito,51,1,1,0
UH0081,2023,SCIAN 2018,2,,Continuidad sin cambio explícito,51,2,2,0
UH0081,2024,SCIAN 2023,2,,Continuidad sin cambio explícito,51,2,2,0
UH0081,2025,SCIAN 2023,2,,Continuidad sin cambio explícito,51,2,2,0
UH0081,2026,SCIAN 2023,2,,Continuidad sin cambio explícito,51,2,2,0
UH0082,2010,SCIAN 2007,1,,Correspondencia directa 1 a 1,51,1,1,0
UH0082,2011,SCIAN 2007,1,,Correspondencia directa 1 a 1,51,1,1,0
UH0082,2012,SCIAN 2007,1,,Correspondencia directa 1 a 1,51,1,1,0
UH0082,2013,SCIAN 2007,1,,Correspondencia directa 1 a 1,51,1,1,0
UH0082,2015,SCIAN 2013,1,,Correspondencia directa 1 a 1,51,1,1,0
UH0082,2016,SCIAN 2013,1,,Correspondencia directa 1 a 1,51,1,1,0
UH0082,2017,SCIAN 2013,1,,Correspondencia directa 1 a 1,51,1,1,0
UH0082,2018,SCIAN 2018,1,,Correspondencia directa 1 a 1,51,1,1,0
UH0082,2019,SCIAN 2018,1,,Correspondencia directa 1 a 1,51,1,1,0
UH0082,2020,SCIAN 2018,5,,Correspondencia directa 1 a 1,51,5,5,0
UH0082,2021,SCIAN 2018,5,,Correspondencia directa 1 a 1,51,5,5,0
UH0082,2022,SCIAN 2018,5,,Correspondencia directa 1 a 1,51,5,5,0
UH0082,2023,SCIAN 2018,5,,Correspondencia directa 1 a 1,51,5,5,0
UH0082,2024,SCIAN 2023,5,,Correspondencia directa 1 a 1,51,5,5,0
UH0082,2025,SCIAN 2023,6,,Correspondencia directa 1 a 1,51,6,6,0
UH0082,2026,SCIAN 2023,6,,Correspondencia directa 1 a 1,51,6,6,0
UH0083,2010,SCIAN 2007,5,,Correspondencia directa 1 a 1,51,5,5,0
UH0083,2011,SCIAN 2007,5,,Correspondencia directa 1 a 1,51,5,5,0
UH0083,2012,SCIAN 2007,5,,Correspondencia directa 1 a 1,51,5,5,0
UH0083,2013,SCIAN 2007,5,,Correspondencia directa 1 a 1,51,5,5,0
UH0083,2015,SCIAN 2013,9,,Correspondencia directa 1 a 1,51,9,9,0
UH0083,2016,SCIAN 2013,10,,Correspondencia directa 1 a 1,51,10,10,0
UH0083,2017,SCIAN 2013,10,,Correspondencia directa 1 a 1,51,10,10,0
UH0083,2018,SCIAN 2018,10,,Correspondencia directa 1 a 1,51,10,10,0
UH0083,2019,SCIAN 2018,14,,Correspondencia directa 1 a 1,51,14,14,0
UH0083,2020,SCIAN 2018,13,,Correspondencia directa 1 a 1,51,13,13,0
UH0083,2021,SCIAN 2018,13,,Correspondencia directa 1 a 1,51,13,13,0
UH0083,2022,SCIAN 2018,13,,Correspondencia directa 1 a 1,51,13,13,0
UH0083,2023,SCIAN 2018,13,,Correspondencia directa 1 a 1,51,13,13,0
UH0083,2024,SCIAN 2023,10,,Correspondencia directa 1 a 1,51,10,10,0
UH0083,2025,SCIAN 2023,12,,Correspondencia directa 1 a 1,51,12,12,0
UH0083,2026,SCIAN 2023,12,,Correspondencia directa 1 a 1,51,12,12,0
UH0084,2010,SCIAN 2007,0,,Continuidad sin cambio explícito,52,0,0,0
UH0084,2011,SCIAN 2007,0,,Continuidad sin cambio explícito,52,0,0,0
UH0084,2012,SCIAN 2007,0,,Continuidad sin cambio explícito,52,0,0,0
UH0084,2013,SCIAN 2007,0,,Continuidad sin cambio explícito,52,0,0,0
UH0084,2015,SCIAN 2013,1,,Continuidad sin cambio explícito,52,1,1,0
UH0084,2016,SCIAN 2013,1,,Continuidad sin cambio explícito,52,1,1,0
UH0084,2017,SCIAN 2013,1,,Continuidad sin cambio explícito,52,1,1,0
UH0084,2018,SCIAN 2018,1,,Continuidad sin cambio explícito,52,1,1,0
UH0084,2019,SCIAN 2018,0,,Continuidad sin cambio explícito,52,0,0,0
UH0084,2020,SCIAN 2018,0,,Continuidad sin cambio explícito,52,0,0,0
UH0084,2021,SCIAN 2018,0,,Continuidad sin cambio explícito,52,0,0,0
UH0084,2022,SCIAN 2018,0,,Continuidad sin cambio explícito,52,0,0,0
UH0084,2023,SCIAN 2018,1,,Continuidad sin cambio explícito,52,1,1,0
UH0084,2024,SCIAN 2023,2,,Continuidad sin cambio explícito,52,2,2,0
UH0084,2025,SCIAN 2023,0,,Continuidad sin cambio explícito,52,0,0,0
UH0084,2026,SCIAN 2023,0,,Continuidad sin cambio explícito,52,0,0,0
UH0085,2010,SCIAN 2007,0,,Continuidad sin cambio explícito,52,0,0,0
UH0085,2011,SCIAN 2007,161,,Continuidad sin cambio explícito,52,161,161,0
UH0085,2012,SCIAN 2007,163,,Continuidad sin cambio explícito,52,163,163,0
UH0085,2013,SCIAN 2007,162,,Continuidad sin cambio explícito,52,162,162,0
UH0085,2015,SCIAN 2013,231,,Continuidad sin cambio explícito,52,231,231,0
UH0085,2016,SCIAN 2013,238,,Continuidad sin cambio explícito,52,238,238,0
UH0085,2017,SCIAN 2013,235,,Continuidad sin cambio explícito,52,235,235,0
UH0085,2018,SCIAN 2018,402,,Continuidad sin cambio explícito,52,402,402,0
UH0085,2019,SCIAN 2018,439,,Continuidad sin cambio explícito,52,439,439,0
UH0085,2020,SCIAN 2018,568,,Continuidad sin cambio explícito,52,568,568,0
UH0085,2021,SCIAN 2018,564,,Continuidad sin cambio explícito,52,564,564,0
UH0085,2022,SCIAN 2018,564,,Continuidad sin cambio explícito,52,564,564,0
UH0085,2023,SCIAN 2018,546,,Continuidad sin cambio explícito,52,546,546,0
UH0085,2024,SCIAN 2023,544,,Continuidad sin cambio explícito,52,544,544,0
UH0085,2025,SCIAN 2023,510,,Continuidad sin cambio explícito,52,510,510,0
UH0085,2026,SCIAN 2023,118,,Continuidad sin cambio explícito,52,118,118,0
UH0086,2010,SCIAN 2007,0,,Continuidad sin cambio explícito,52,0,0,0
UH0086,2011,SCIAN 2007,1,,Continuidad sin cambio explícito,52,1,1,0
UH0086,2012,SCIAN 2007,1,,Continuidad sin cambio explícito,52,1,1,0
UH0086,2013,SCIAN 2007,1,,Continuidad sin cambio explícito,52,1,1,0
UH0086,2015,SCIAN 2013,3,,Continuidad sin cambio explícito,52,3,3,0
UH0086,2016,SCIAN 2013,4,,Continuidad sin cambio explícito,52,4,4,0
UH0086,2017,SCIAN 2013,4,,Continuidad sin cambio explícito,52,4,4,0
UH0086,2018,SCIAN 2018,4,,Continuidad sin cambio explícito,52,4,4,0
UH0086,2019,SCIAN 2018,2,,Continuidad sin cambio explícito,52,2,2,0
UH0086,2020,SCIAN 2018,5,,Continuidad sin cambio explícito,52,5,5,0
UH0086,2021,SCIAN 2018,5,,Continuidad sin cambio explícito,52,5,5,0
UH0086,2022,SCIAN 2018,5,,Continuidad sin cambio explícito,52,5,5,0
UH0086,2023,SCIAN 2018,5,,Continuidad sin cambio explícito,52,5,5,0
UH0086,2024,SCIAN 2023,8,,Continuidad sin cambio explícito,52,8,8,0
UH0086,2025,SCIAN 2023,0,,Continuidad sin cambio explícito,52,0,0,0
UH0086,2026,SCIAN 2023,7,,Continuidad sin cambio explícito,52,7,7,0
UH0087,2010,SCIAN 2007,3,,Continuidad sin cambio explícito,52,3,3,0
UH0087,2011,SCIAN 2007,3,,Continuidad sin cambio explícito,52,3,3,0
UH0087,2012,SCIAN 2007,3,,Continuidad sin cambio explícito,52,3,3,0
UH0087,2013,SCIAN 2007,3,,Continuidad sin cambio explícito,52,3,3,0
UH0087,2015,SCIAN 2013,2,,Continuidad sin cambio explícito,52,2,2,0
UH0087,2016,SCIAN 2013,5,,Continuidad sin cambio explícito,52,5,5,0
UH0087,2017,SCIAN 2013,5,,Continuidad sin cambio explícito,52,5,5,0
UH0087,2018,SCIAN 2018,5,,Continuidad sin cambio explícito,52,5,5,0
UH0087,2019,SCIAN 2018,5,,Continuidad sin cambio explícito,52,5,5,0
UH0087,2020,SCIAN 2018,7,,Continuidad sin cambio explícito,52,7,7,0
UH0087,2021,SCIAN 2018,7,,Continuidad sin cambio explícito,52,7,7,0
UH0087,2022,SCIAN 2018,8,,Continuidad sin cambio explícito,52,8,8,0
UH0087,2023,SCIAN 2018,7,,Continuidad sin cambio explícito,52,7,7,0
UH0087,2024,SCIAN 2023,8,,Continuidad sin cambio explícito,52,8,8,0
UH0087,2025,SCIAN 2023,4,,Continuidad sin cambio explícito,52,4,4,0
UH0087,2026,SCIAN 2023,7,,Continuidad sin cambio explícito,52,7,7,0
UH0088,2010,SCIAN 2007,0,,Continuidad sin cambio explícito,52,0,0,0
UH0088,2011,SCIAN 2007,1,,Continuidad sin cambio explícito,52,1,1,0
UH0088,2012,SCIAN 2007,1,,Continuidad sin cambio explícito,52,1,1,0
UH0088,2013,SCIAN 2007,1,,Continuidad sin cambio explícito,52,1,1,0
UH0088,2015,SCIAN 2013,0,,Continuidad sin cambio explícito,52,0,0,0
UH0088,2016,SCIAN 2013,1,,Continuidad sin cambio explícito,52,1,1,0
UH0088,2017,SCIAN 2013,1,,Continuidad sin cambio explícito,52,1,1,0
UH0088,2018,SCIAN 2018,1,,Continuidad sin cambio explícito,52,1,1,0
UH0088,2019,SCIAN 2018,0,,Continuidad sin cambio explícito,52,0,0,0
UH0088,2020,SCIAN 2018,0,,Continuidad sin cambio explícito,52,0,0,0
UH0088,2021,SCIAN 2018,0,,Continuidad sin cambio explícito,52,0,0,0
UH0088,2022,SCIAN 2018,0,,Continuidad sin cambio explícito,52,0,0,0
UH0088,2023,SCIAN 2018,0,,Continuidad sin cambio explícito,52,0,0,0
UH0088,2024,SCIAN 2023,0,,Continuidad sin cambio explícito,52,0,0,0
UH0088,2025,SCIAN 2023,0,,Continuidad sin cambio explícito,52,0,0,0
UH0088,2026,SCIAN 2023,0,,Continuidad sin cambio explícito,52,0,0,0
UH0089,2010,SCIAN 2007,37,,Continuidad sin cambio explícito,52,37,37,0
UH0089,2011,SCIAN 2007,38,,Continuidad sin cambio explícito,52,38,38,0
UH0089,2012,SCIAN 2007,38,,Continuidad sin cambio explícito,52,38,38,0
UH0089,2013,SCIAN 2007,38,,Continuidad sin cambio explícito,52,38,38,0
UH0089,2015,SCIAN 2013,41,,Continuidad sin cambio explícito,52,41,41,0
UH0089,2016,SCIAN 2013,39,,Continuidad sin cambio explícito,52,39,39,0
UH0089,2017,SCIAN 2013,40,,Continuidad sin cambio explícito,52,40,40,0
UH0089,2018,SCIAN 2018,40,,Continuidad sin cambio explícito,52,40,40,0
UH0089,2019,SCIAN 2018,38,,Continuidad sin cambio explícito,52,38,38,0
UH0089,2020,SCIAN 2018,41,,Continuidad sin cambio explícito,52,41,41,0
UH0089,2021,SCIAN 2018,41,,Continuidad sin cambio explícito,52,41,41,0
UH0089,2022,SCIAN 2018,41,,Continuidad sin cambio explícito,52,41,41,0
UH0089,2023,SCIAN 2018,42,,Continuidad sin cambio explícito,52,42,42,0
UH0089,2024,SCIAN 2023,40,,Continuidad sin cambio explícito,52,40,40,0
UH0089,2025,SCIAN 2023,38,,Continuidad sin cambio explícito,52,38,38,0
UH0089,2026,SCIAN 2023,40,,Continuidad sin cambio explícito,52,40,40,0
UH0090,2010,SCIAN 2007,7,,Continuidad sin cambio explícito,52,7,7,0
UH0090,2011,SCIAN 2007,9,,Continuidad sin cambio explícito,52,9,9,0
UH0090,2012,SCIAN 2007,10,,Continuidad sin cambio explícito,52,10,10,0
UH0090,2013,SCIAN 2007,11,,Continuidad sin cambio explícito,52,11,11,0
UH0090,2015,SCIAN 2013,12,,Continuidad sin cambio explícito,52,12,12,0
UH0090,2016,SCIAN 2013,11,,Continuidad sin cambio explícito,52,11,11,0
UH0090,2017,SCIAN 2013,13,,Continuidad sin cambio explícito,52,13,13,0
UH0090,2018,SCIAN 2018,13,,Continuidad sin cambio explícito,52,13,13,0
UH0090,2019,SCIAN 2018,15,,Continuidad sin cambio explícito,52,15,15,0
UH0090,2020,SCIAN 2018,10,,Continuidad sin cambio explícito,52,10,10,0
UH0090,2021,SCIAN 2018,10,,Continuidad sin cambio explícito,52,10,10,0
UH0090,2022,SCIAN 2018,10,,Continuidad sin cambio explícito,52,10,10,0
UH0090,2023,SCIAN 2018,10,,Continuidad sin cambio explícito,52,10,10,0
UH0090,2024,SCIAN 2023,3,,Continuidad sin cambio explícito,52,3,3,0
UH0090,2025,SCIAN 2023,3,,Continuidad sin cambio explícito,52,3,3,0
UH0090,2026,SCIAN 2023,3,,Continuidad sin cambio explícito,52,3,3,0
UH0091,2010,SCIAN 2007,4,,Continuidad sin cambio explícito,52,4,4,0
UH0091,2011,SCIAN 2007,4,,Continuidad sin cambio explícito,52,4,4,0
UH0091,2012,SCIAN 2007,4,,Continuidad sin cambio explícito,52,4,4,0
UH0091,2013,SCIAN 2007,4,,Continuidad sin cambio explícito,52,4,4,0
UH0091,2015,SCIAN 2013,4,,Continuidad sin cambio explícito,52,4,4,0
UH0091,2016,SCIAN 2013,1,,Continuidad sin cambio explícito,52,1,1,0
UH0091,2017,SCIAN 2013,4,,Continuidad sin cambio explícito,52,4,4,0
UH0091,2018,SCIAN 2018,4,,Continuidad sin cambio explícito,52,4,4,0
UH0091,2019,SCIAN 2018,1,,Continuidad sin cambio explícito,52,1,1,0
UH0091,2020,SCIAN 2018,6,,Continuidad sin cambio explícito,52,6,6,0
UH0091,2021,SCIAN 2018,6,,Continuidad sin cambio explícito,52,6,6,0
UH0091,2022,SCIAN 2018,6,,Continuidad sin cambio explícito,52,6,6,0
UH0091,2023,SCIAN 2018,7,,Continuidad sin cambio explícito,52,7,7,0
UH0091,2024,SCIAN 2023,7,,Continuidad sin cambio explícito,52,7,7,0
UH0091,2025,SCIAN 2023,6,,Continuidad sin cambio explícito,52,6,6,0
UH0091,2026,SCIAN 2023,7,,Continuidad sin cambio explícito,52,7,7,0
UH0092,2010,SCIAN 2007,0,,Continuidad sin cambio explícito,52,0,0,0
UH0092,2011,SCIAN 2007,3,,Continuidad sin cambio explícito,52,3,3,0
UH0092,2012,SCIAN 2007,3,,Continuidad sin cambio explícito,52,3,3,0
UH0092,2013,SCIAN 2007,3,,Continuidad sin cambio explícito,52,3,3,0
UH0092,2015,SCIAN 2013,3,,Continuidad sin cambio explícito,52,3,3,0
UH0092,2016,SCIAN 2013,6,,Continuidad sin cambio explícito,52,6,6,0
UH0092,2017,SCIAN 2013,6,,Continuidad sin cambio explícito,52,6,6,0
UH0092,2018,SCIAN 2018,6,,Continuidad sin cambio explícito,52,6,6,0
UH0092,2019,SCIAN 2018,1,,Continuidad sin cambio explícito,52,1,1,0
UH0092,2020,SCIAN 2018,8,,Continuidad sin cambio explícito,52,8,8,0
UH0092,2021,SCIAN 2018,8,,Continuidad sin cambio explícito,52,8,8,0
UH0092,2022,SCIAN 2018,8,,Continuidad sin cambio explícito,52,8,8,0
UH0092,2023,SCIAN 2018,18,,Continuidad sin cambio explícito,52,18,18,0
UH0092,2024,SCIAN 2023,19,,Continuidad sin cambio explícito,52,19,19,0
UH0092,2025,SCIAN 2023,3,,Continuidad sin cambio explícito,52,3,3,0
UH0092,2026,SCIAN 2023,19,,Continuidad sin cambio explícito,52,19,19,0
UH0093,2010,SCIAN 2007,50,,Continuidad sin cambio explícito,52,50,50,0
UH0093,2011,SCIAN 2007,54,,Continuidad sin cambio explícito,52,54,54,0
UH0093,2012,SCIAN 2007,55,,Continuidad sin cambio explícito,52,55,55,0
UH0093,2013,SCIAN 2007,56,,Continuidad sin cambio explícito,52,56,56,0
UH0093,2015,SCIAN 2013,64,,Continuidad sin cambio explícito,52,64,64,0
UH0093,2016,SCIAN 2013,65,,Continuidad sin cambio explícito,52,65,65,0
UH0093,2017,SCIAN 2013,65,,Continuidad sin cambio explícito,52,65,65,0
UH0093,2018,SCIAN 2018,65,,Continuidad sin cambio explícito,52,65,65,0
UH0093,2019,SCIAN 2018,77,,Continuidad sin cambio explícito,52,77,77,0
UH0093,2020,SCIAN 2018,79,,Continuidad sin cambio explícito,52,79,79,0
UH0093,2021,SCIAN 2018,77,,Continuidad sin cambio explícito,52,77,77,0
UH0093,2022,SCIAN 2018,77,,Continuidad sin cambio explícito,52,77,77,0
UH0093,2023,SCIAN 2018,75,,Continuidad sin cambio explícito,52,75,75,0
UH0093,2024,SCIAN 2023,61,,Continuidad sin cambio explícito,52,61,61,0
UH0093,2025,SCIAN 2023,48,,Continuidad sin cambio explícito,52,48,48,0
UH0093,2026,SCIAN 2023,56,,Continuidad sin cambio explícito,52,56,56,0
UH0094,2010,SCIAN 2007,1,,Continuidad sin cambio explícito,52,1,1,0
UH0094,2011,SCIAN 2007,1,,Continuidad sin cambio explícito,52,1,1,0
UH0094,2012,SCIAN 2007,1,,Continuidad sin cambio explícito,52,1,1,0
UH0094,2013,SCIAN 2007,1,,Continuidad sin cambio explícito,52,1,1,0
UH0094,2015,SCIAN 2013,1,,Continuidad sin cambio explícito,52,1,1,0
UH0094,2016,SCIAN 2013,1,,Continuidad sin cambio explícito,52,1,1,0
UH0094,2017,SCIAN 2013,1,,Continuidad sin cambio explícito,52,1,1,0
UH0094,2018,SCIAN 2018,1,,Continuidad sin cambio explícito,52,1,1,0
UH0094,2019,SCIAN 2018,0,,Continuidad sin cambio explícito,52,0,0,0
UH0094,2020,SCIAN 2018,0,,Continuidad sin cambio explícito,52,0,0,0
UH0094,2021,SCIAN 2018,0,,Continuidad sin cambio explícito,52,0,0,0
UH0094,2022,SCIAN 2018,0,,Continuidad sin cambio explícito,52,0,0,0
UH0094,2023,SCIAN 2018,0,,Continuidad sin cambio explícito,52,0,0,0
UH0094,2024,SCIAN 2023,0,,Continuidad sin cambio explícito,52,0,0,0
UH0094,2025,SCIAN 2023,0,,Continuidad sin cambio explícito,52,0,0,0
UH0094,2026,SCIAN 2023,0,,Continuidad sin cambio explícito,52,0,0,0
UH0095,2010,SCIAN 2007,0,,Continuidad sin cambio explícito,52,0,0,0
UH0095,2011,SCIAN 2007,3,,Continuidad sin cambio explícito,52,3,3,0
UH0095,2012,SCIAN 2007,3,,Continuidad sin cambio explícito,52,3,3,0
UH0095,2013,SCIAN 2007,3,,Continuidad sin cambio explícito,52,3,3,0
UH0095,2015,SCIAN 2013,4,,Continuidad sin cambio explícito,52,4,4,0
UH0095,2016,SCIAN 2013,3,,Continuidad sin cambio explícito,52,3,3,0
UH0095,2017,SCIAN 2013,3,,Continuidad sin cambio explícito,52,3,3,0
UH0095,2018,SCIAN 2018,3,,Continuidad sin cambio explícito,52,3,3,0
UH0095,2019,SCIAN 2018,0,,Continuidad sin cambio explícito,52,0,0,0
UH0095,2020,SCIAN 2018,2,,Continuidad sin cambio explícito,52,2,2,0
UH0095,2021,SCIAN 2018,2,,Continuidad sin cambio explícito,52,2,2,0
UH0095,2022,SCIAN 2018,2,,Continuidad sin cambio explícito,52,2,2,0
UH0095,2023,SCIAN 2018,3,,Continuidad sin cambio explícito,52,3,3,0
UH0095,2024,SCIAN 2023,3,,Continuidad sin cambio explícito,52,3,3,0
UH0095,2025,SCIAN 2023,0,,Continuidad sin cambio explícito,52,0,0,0
UH0095,2026,SCIAN 2023,3,,Continuidad sin cambio explícito,52,3,3,0
UH0096,2010,SCIAN 2007,5,,Continuidad sin cambio explícito,52,5,5,0
UH0096,2011,SCIAN 2007,8,,Continuidad sin cambio explícito,52,8,8,0
UH0096,2012,SCIAN 2007,8,,Continuidad sin cambio explícito,52,8,8,0
UH0096,2013,SCIAN 2007,8,,Continuidad sin cambio explícito,52,8,8,0
UH0096,2015,SCIAN 2013,1,,Continuidad sin cambio explícito,52,1,1,0
UH0096,2016,SCIAN 2013,2,,Continuidad sin cambio explícito,52,2,2,0
UH0096,2017,SCIAN 2013,2,,Continuidad sin cambio explícito,52,2,2,0
UH0096,2018,SCIAN 2018,2,,Continuidad sin cambio explícito,52,2,2,0
UH0096,2019,SCIAN 2018,2,,Continuidad sin cambio explícito,52,2,2,0
UH0096,2020,SCIAN 2018,1,,Continuidad sin cambio explícito,52,1,1,0
UH0096,2021,SCIAN 2018,1,,Continuidad sin cambio explícito,52,1,1,0
UH0096,2022,SCIAN 2018,1,,Continuidad sin cambio explícito,52,1,1,0
UH0096,2023,SCIAN 2018,1,,Continuidad sin cambio explícito,52,1,1,0
UH0096,2024,SCIAN 2023,1,,Continuidad sin cambio explícito,52,1,1,0
UH0096,2025,SCIAN 2023,0,,Continuidad sin cambio explícito,52,0,0,0
UH0096,2026,SCIAN 2023,2,,Continuidad sin cambio explícito,52,2,2,0
UH0097,2010,SCIAN 2007,26,,Continuidad sin cambio explícito,52,26,26,0
UH0097,2011,SCIAN 2007,27,,Continuidad sin cambio explícito,52,27,27,0
UH0097,2012,SCIAN 2007,27,,Continuidad sin cambio explícito,52,27,27,0
UH0097,2013,SCIAN 2007,31,,Continuidad sin cambio explícito,52,31,31,0
UH0097,2015,SCIAN 2013,25,,Continuidad sin cambio explícito,52,25,25,0
UH0097,2016,SCIAN 2013,29,,Continuidad sin cambio explícito,52,29,29,0
UH0097,2017,SCIAN 2013,29,,Continuidad sin cambio explícito,52,29,29,0
UH0097,2018,SCIAN 2018,29,,Continuidad sin cambio explícito,52,29,29,0
UH0097,2019,SCIAN 2018,29,,Continuidad sin cambio explícito,52,29,29,0
UH0097,2020,SCIAN 2018,31,,Continuidad sin cambio explícito,52,31,31,0
UH0097,2021,SCIAN 2018,31,,Continuidad sin cambio explícito,52,31,31,0
UH0097,2022,SCIAN 2018,31,,Continuidad sin cambio explícito,52,31,31,0
UH0097,2023,SCIAN 2018,31,,Continuidad sin cambio explícito,52,31,31,0
UH0097,2024,SCIAN 2023,22,,Continuidad sin cambio explícito,52,22,22,0
UH0097,2025,SCIAN 2023,19,,Continuidad sin cambio explícito,52,19,19,0
UH0097,2026,SCIAN 2023,21,,Continuidad sin cambio explícito,52,21,21,0
UH0098,2010,SCIAN 2007,1,,Continuidad sin cambio explícito,52,1,1,0
UH0098,2011,SCIAN 2007,2,,Continuidad sin cambio explícito,52,2,2,0
UH0098,2012,SCIAN 2007,2,,Continuidad sin cambio explícito,52,2,2,0
UH0098,2013,SCIAN 2007,2,,Continuidad sin cambio explícito,52,2,2,0
UH0098,2015,SCIAN 2013,0,,Continuidad sin cambio explícito,52,0,0,0
UH0098,2016,SCIAN 2013,0,,Continuidad sin cambio explícito,52,0,0,0
UH0098,2017,SCIAN 2013,0,,Continuidad sin cambio explícito,52,0,0,0
UH0098,2018,SCIAN 2018,0,,Continuidad sin cambio explícito,52,0,0,0
UH0098,2019,SCIAN 2018,0,,Continuidad sin cambio explícito,52,0,0,0
UH0098,2020,SCIAN 2018,0,,Continuidad sin cambio explícito,52,0,0,0
UH0098,2021,SCIAN 2018,0,,Continuidad sin cambio explícito,52,0,0,0
UH0098,2022,SCIAN 2018,0,,Continuidad sin cambio explícito,52,0,0,0
UH0098,2023,SCIAN 2018,0,,Continuidad sin cambio explícito,52,0,0,0
UH0098,2024,SCIAN 2023,1,,Continuidad sin cambio explícito,52,1,1,0
UH0098,2025,SCIAN 2023,1,,Continuidad sin cambio explícito,52,1,1,0
UH0098,2026,SCIAN 2023,2,,Continuidad sin cambio explícito,52,2,2,0
UH0099,2010,SCIAN 2007,6,,Continuidad sin cambio explícito,52,6,6,0
UH0099,2011,SCIAN 2007,13,,Continuidad sin cambio explícito,52,13,13,0
UH0099,2012,SCIAN 2007,13,,Continuidad sin cambio explícito,52,13,13,0
UH0099,2013,SCIAN 2007,15,,Continuidad sin cambio explícito,52,15,15,0
UH0099,2015,SCIAN 2013,14,,Continuidad sin cambio explícito,52,14,14,0
UH0099,2016,SCIAN 2013,16,,Continuidad sin cambio explícito,52,16,16,0
UH0099,2017,SCIAN 2013,16,,Continuidad sin cambio explícito,52,16,16,0
UH0099,2018,SCIAN 2018,16,,Continuidad sin cambio explícito,52,16,16,0
UH0099,2019,SCIAN 2018,10,,Continuidad sin cambio explícito,52,10,10,0
UH0099,2020,SCIAN 2018,20,,Continuidad sin cambio explícito,52,20,20,0
UH0099,2021,SCIAN 2018,20,,Continuidad sin cambio explícito,52,20,20,0
UH0099,2022,SCIAN 2018,21,,Continuidad sin cambio explícito,52,21,21,0
UH0099,2023,SCIAN 2018,23,,Continuidad sin cambio explícito,52,23,23,0
UH0099,2024,SCIAN 2023,23,,Continuidad sin cambio explícito,52,23,23,0
UH0099,2025,SCIAN 2023,14,,Continuidad sin cambio explícito,52,14,14,0
UH0099,2026,SCIAN 2023,24,,Continuidad sin cambio explícito,52,24,24,0
UH0100,2010,SCIAN 2007,0,,Continuidad sin cambio explícito,52,0,0,0
UH0100,2011,SCIAN 2007,0,,Continuidad sin cambio explícito,52,0,0,0
UH0100,2012,SCIAN 2007,0,,Continuidad sin cambio explícito,52,0,0,0
UH0100,2013,SCIAN 2007,0,,Continuidad sin cambio explícito,52,0,0,0
UH0100,2015,SCIAN 2013,1,,Continuidad sin cambio explícito,52,1,1,0
UH0100,2016,SCIAN 2013,2,,Continuidad sin cambio explícito,52,2,2,0
UH0100,2017,SCIAN 2013,2,,Continuidad sin cambio explícito,52,2,2,0
UH0100,2018,SCIAN 2018,2,,Continuidad sin cambio explícito,52,2,2,0
UH0100,2019,SCIAN 2018,1,,Continuidad sin cambio explícito,52,1,1,0
UH0100,2020,SCIAN 2018,2,,Continuidad sin cambio explícito,52,2,2,0
UH0100,2021,SCIAN 2018,2,,Continuidad sin cambio explícito,52,2,2,0
UH0100,2022,SCIAN 2018,2,,Continuidad sin cambio explícito,52,2,2,0
UH0100,2023,SCIAN 2018,2,,Continuidad sin cambio explícito,52,2,2,0
UH0100,2024,SCIAN 2023,2,,Continuidad sin cambio explícito,52,2,2,0
UH0100,2025,SCIAN 2023,0,,Continuidad sin cambio explícito,52,0,0,0
UH0100,2026,SCIAN 2023,4,,Continuidad sin cambio explícito,52,4,4,0
UH0101,2010,SCIAN 2007,38,,Continuidad sin cambio explícito,52,38,38,0
UH0101,2011,SCIAN 2007,41,,Continuidad sin cambio explícito,52,41,41,0
UH0101,2012,SCIAN 2007,41,,Continuidad sin cambio explícito,52,41,41,0
UH0101,2013,SCIAN 2007,42,,Continuidad sin cambio explícito,52,42,42,0
UH0101,2015,SCIAN 2013,134,,Continuidad sin cambio explícito,52,134,134,0
UH0101,2016,SCIAN 2013,138,,Continuidad sin cambio explícito,52,138,138,0
UH0101,2017,SCIAN 2013,138,,Continuidad sin cambio explícito,52,138,138,0
UH0101,2018,SCIAN 2018,138,,Continuidad sin cambio explícito,52,138,138,0
UH0101,2019,SCIAN 2018,46,,Continuidad sin cambio explícito,52,46,46,0
UH0101,2020,SCIAN 2018,47,,Continuidad sin cambio explícito,52,47,47,0
UH0101,2021,SCIAN 2018,47,,Continuidad sin cambio explícito,52,47,47,0
UH0101,2022,SCIAN 2018,47,,Continuidad sin cambio explícito,52,47,47,0
UH0101,2023,SCIAN 2018,48,,Continuidad sin cambio explícito,52,48,48,0
UH0101,2024,SCIAN 2023,38,,Continuidad sin cambio explícito,52,38,38,0
UH0101,2025,SCIAN 2023,50,,Continuidad sin cambio explícito,52,50,50,0
UH0101,2026,SCIAN 2023,53,,Continuidad sin cambio explícito,52,53,53,0
UH0102,2010,SCIAN 2007,0,,Continuidad sin cambio explícito,52,0,0,0
UH0102,2011,SCIAN 2007,5,,Continuidad sin cambio explícito,52,5,5,0
UH0102,2012,SCIAN 2007,5,,Continuidad sin cambio explícito,52,5,5,0
UH0102,2013,SCIAN 2007,5,,Continuidad sin cambio explícito,52,5,5,0
UH0102,2015,SCIAN 2013,8,,Continuidad sin cambio explícito,52,8,8,0
UH0102,2016,SCIAN 2013,9,,Continuidad sin cambio explícito,52,9,9,0
UH0102,2017,SCIAN 2013,9,,Continuidad sin cambio explícito,52,9,9,0
UH0102,2018,SCIAN 2018,9,,Continuidad sin cambio explícito,52,9,9,0
UH0102,2019,SCIAN 2018,4,,Continuidad sin cambio explícito,52,4,4,0
UH0102,2020,SCIAN 2018,10,,Continuidad sin cambio explícito,52,10,10,0
UH0102,2021,SCIAN 2018,10,,Continuidad sin cambio explícito,52,10,10,0
UH0102,2022,SCIAN 2018,10,,Continuidad sin cambio explícito,52,10,10,0
UH0102,2023,SCIAN 2018,9,,Continuidad sin cambio explícito,52,9,9,0
UH0102,2024,SCIAN 2023,8,,Continuidad sin cambio explícito,52,8,8,0
UH0102,2025,SCIAN 2023,7,,Continuidad sin cambio explícito,52,7,7,0
UH0102,2026,SCIAN 2023,8,,Continuidad sin cambio explícito,52,8,8,0
UH0103,2010,SCIAN 2007,8,,Continuidad sin cambio explícito,53,8,8,0
UH0103,2011,SCIAN 2007,8,,Continuidad sin cambio explícito,53,8,8,0
UH0103,2012,SCIAN 2007,8,,Continuidad sin cambio explícito,53,8,8,0
UH0103,2013,SCIAN 2007,10,,Continuidad sin cambio explícito,53,10,10,0
UH0103,2015,SCIAN 2013,10,,Continuidad sin cambio explícito,53,10,10,0
UH0103,2016,SCIAN 2013,11,,Continuidad sin cambio explícito,53,11,11,0
UH0103,2017,SCIAN 2013,11,,Continuidad sin cambio explícito,53,11,11,0
UH0103,2018,SCIAN 2018,11,,Continuidad sin cambio explícito,53,11,11,0
UH0103,2019,SCIAN 2018,6,,Continuidad sin cambio explícito,53,6,6,0
UH0103,2020,SCIAN 2018,6,,Continuidad sin cambio explícito,53,6,6,0
UH0103,2021,SCIAN 2018,6,,Continuidad sin cambio explícito,53,6,6,0
UH0103,2022,SCIAN 2018,6,,Continuidad sin cambio explícito,53,6,6,0
UH0103,2023,SCIAN 2018,6,,Continuidad sin cambio explícito,53,6,6,0
UH0103,2024,SCIAN 2023,6,,Continuidad sin cambio explícito,53,6,6,0
UH0103,2025,SCIAN 2023,6,,Continuidad sin cambio explícito,53,6,6,0
UH0103,2026,SCIAN 2023,6,,Continuidad sin cambio explícito,53,6,6,0
UH0104,2010,SCIAN 2007,283,,Continuidad sin cambio explícito,53,283,283,0
UH0104,2011,SCIAN 2007,283,,Continuidad sin cambio explícito,53,283,283,0
UH0104,2012,SCIAN 2007,283,,Continuidad sin cambio explícito,53,283,283,0
UH0104,2013,SCIAN 2007,283,,Continuidad sin cambio explícito,53,283,283,0
UH0104,2015,SCIAN 2013,317,,Continuidad sin cambio explícito,53,317,317,0
UH0104,2016,SCIAN 2013,321,,Continuidad sin cambio explícito,53,321,321,0
UH0104,2017,SCIAN 2013,321,,Continuidad sin cambio explícito,53,321,321,0
UH0104,2018,SCIAN 2018,321,,Continuidad sin cambio explícito,53,321,321,0
UH0104,2019,SCIAN 2018,374,,Continuidad sin cambio explícito,53,374,374,0
UH0104,2020,SCIAN 2018,383,,Continuidad sin cambio explícito,53,383,383,0
UH0104,2021,SCIAN 2018,377,,Continuidad sin cambio explícito,53,377,377,0
UH0104,2022,SCIAN 2018,377,,Continuidad sin cambio explícito,53,377,377,0
UH0104,2023,SCIAN 2018,373,,Continuidad sin cambio explícito,53,373,373,0
UH0104,2024,SCIAN 2023,375,,Continuidad sin cambio explícito,53,375,375,0
UH0104,2025,SCIAN 2023,377,,Continuidad sin cambio explícito,53,377,377,0
UH0104,2026,SCIAN 2023,381,,Continuidad sin cambio explícito,53,381,381,0
UH0105,2010,SCIAN 2007,11,,Continuidad sin cambio explícito,53,11,11,0
UH0105,2011,SCIAN 2007,11,,Continuidad sin cambio explícito,53,11,11,0
UH0105,2012,SCIAN 2007,11,,Continuidad sin cambio explícito,53,11,11,0
UH0105,2013,SCIAN 2007,11,,Continuidad sin cambio explícito,53,11,11,0
UH0105,2015,SCIAN 2013,11,,Continuidad sin cambio explícito,53,11,11,0
UH0105,2016,SCIAN 2013,12,,Continuidad sin cambio explícito,53,12,12,0
UH0105,2017,SCIAN 2013,14,,Continuidad sin cambio explícito,53,14,14,0
UH0105,2018,SCIAN 2018,14,,Continuidad sin cambio explícito,53,14,14,0
UH0105,2019,SCIAN 2018,15,,Continuidad sin cambio explícito,53,15,15,0
UH0105,2020,SCIAN 2018,14,,Continuidad sin cambio explícito,53,14,14,0
UH0105,2021,SCIAN 2018,14,,Continuidad sin cambio explícito,53,14,14,0
UH0105,2022,SCIAN 2018,15,,Continuidad sin cambio explícito,53,15,15,0
UH0105,2023,SCIAN 2018,19,,Continuidad sin cambio explícito,53,19,19,0
UH0105,2024,SCIAN 2023,27,,Continuidad sin cambio explícito,53,27,27,0
UH0105,2025,SCIAN 2023,26,,Continuidad sin cambio explícito,53,26,26,0
UH0105,2026,SCIAN 2023,27,,Continuidad sin cambio explícito,53,27,27,0
UH0106,2010,SCIAN 2007,4,,Continuidad sin cambio explícito,53,4,4,0
UH0106,2011,SCIAN 2007,4,,Continuidad sin cambio explícito,53,4,4,0
UH0106,2012,SCIAN 2007,4,,Continuidad sin cambio explícito,53,4,4,0
UH0106,2013,SCIAN 2007,4,,Continuidad sin cambio explícito,53,4,4,0
UH0106,2015,SCIAN 2013,4,,Continuidad sin cambio explícito,53,4,4,0
UH0106,2016,SCIAN 2013,6,,Continuidad sin cambio explícito,53,6,6,0
UH0106,2017,SCIAN 2013,6,,Continuidad sin cambio explícito,53,6,6,0
UH0106,2018,SCIAN 2018,6,,Continuidad sin cambio explícito,53,6,6,0
UH0106,2019,SCIAN 2018,7,,Continuidad sin cambio explícito,53,7,7,0
UH0106,2020,SCIAN 2018,3,,Continuidad sin cambio explícito,53,3,3,0
UH0106,2021,SCIAN 2018,3,,Continuidad sin cambio explícito,53,3,3,0
UH0106,2022,SCIAN 2018,3,,Continuidad sin cambio explícito,53,3,3,0
UH0106,2023,SCIAN 2018,3,,Continuidad sin cambio explícito,53,3,3,0
UH0106,2024,SCIAN 2023,5,,Continuidad sin cambio explícito,53,5,5,0
UH0106,2025,SCIAN 2023,5,,Continuidad sin cambio explícito,53,5,5,0
UH0106,2026,SCIAN 2023,6,,Continuidad sin cambio explícito,53,6,6,0
UH0107,2010,SCIAN 2007,91,,Continuidad sin cambio explícito,53,91,91,0
UH0107,2011,SCIAN 2007,91,,Continuidad sin cambio explícito,53,91,91,0
UH0107,2012,SCIAN 2007,91,,Continuidad sin cambio explícito,53,91,91,0
UH0107,2013,SCIAN 2007,92,,Continuidad sin cambio explícito,53,92,92,0
UH0107,2015,SCIAN 2013,69,,Continuidad sin cambio explícito,53,69,69,0
UH0107,2016,SCIAN 2013,81,,Continuidad sin cambio explícito,53,81,81,0
UH0107,2017,SCIAN 2013,82,,Continuidad sin cambio explícito,53,82,82,0
UH0107,2018,SCIAN 2018,82,,Continuidad sin cambio explícito,53,82,82,0
UH0107,2019,SCIAN 2018,61,,Continuidad sin cambio explícito,53,61,61,0
UH0107,2020,SCIAN 2018,79,,Continuidad sin cambio explícito,53,79,79,0
UH0107,2021,SCIAN 2018,79,,Continuidad sin cambio explícito,53,79,79,0
UH0107,2022,SCIAN 2018,79,,Continuidad sin cambio explícito,53,79,79,0
UH0107,2023,SCIAN 2018,87,,Continuidad sin cambio explícito,53,87,87,0
UH0107,2024,SCIAN 2023,79,,Continuidad sin cambio explícito,53,79,79,0
UH0107,2025,SCIAN 2023,77,,Continuidad sin cambio explícito,53,77,77,0
UH0107,2026,SCIAN 2023,81,,Continuidad sin cambio explícito,53,81,81,0
UH0108,2010,SCIAN 2007,19,,Continuidad sin cambio explícito,53,19,19,0
UH0108,2011,SCIAN 2007,21,,Continuidad sin cambio explícito,53,21,21,0
UH0108,2012,SCIAN 2007,20,,Continuidad sin cambio explícito,53,20,20,0
UH0108,2013,SCIAN 2007,20,,Continuidad sin cambio explícito,53,20,20,0
UH0108,2015,SCIAN 2013,18,,Continuidad sin cambio explícito,53,18,18,0
UH0108,2016,SCIAN 2013,12,,Continuidad sin cambio explícito,53,12,12,0
UH0108,2017,SCIAN 2013,12,,Continuidad sin cambio explícito,53,12,12,0
UH0108,2018,SCIAN 2018,12,,Continuidad sin cambio explícito,53,12,12,0
UH0108,2019,SCIAN 2018,19,,Continuidad sin cambio explícito,53,19,19,0
UH0108,2020,SCIAN 2018,27,,Continuidad sin cambio explícito,53,27,27,0
UH0108,2021,SCIAN 2018,27,,Continuidad sin cambio explícito,53,27,27,0
UH0108,2022,SCIAN 2018,27,,Continuidad sin cambio explícito,53,27,27,0
UH0108,2023,SCIAN 2018,27,,Continuidad sin cambio explícito,53,27,27,0
UH0108,2024,SCIAN 2023,27,,Continuidad sin cambio explícito,53,27,27,0
UH0108,2025,SCIAN 2023,27,,Continuidad sin cambio explícito,53,27,27,0
UH0108,2026,SCIAN 2023,27,,Continuidad sin cambio explícito,53,27,27,0
UH0109,2010,SCIAN 2007,10,,Continuidad sin cambio explícito,53,10,10,0
UH0109,2011,SCIAN 2007,10,,Continuidad sin cambio explícito,53,10,10,0
UH0109,2012,SCIAN 2007,12,,Continuidad sin cambio explícito,53,12,12,0
UH0109,2013,SCIAN 2007,14,,Continuidad sin cambio explícito,53,14,14,0
UH0109,2015,SCIAN 2013,17,,Continuidad sin cambio explícito,53,17,17,0
UH0109,2016,SCIAN 2013,18,,Continuidad sin cambio explícito,53,18,18,0
UH0109,2017,SCIAN 2013,19,,Continuidad sin cambio explícito,53,19,19,0
UH0109,2018,SCIAN 2018,19,,Continuidad sin cambio explícito,53,19,19,0
UH0109,2019,SCIAN 2018,24,,Continuidad sin cambio explícito,53,24,24,0
UH0109,2020,SCIAN 2018,24,,Continuidad sin cambio explícito,53,24,24,0
UH0109,2021,SCIAN 2018,22,,Continuidad sin cambio explícito,53,22,22,0
UH0109,2022,SCIAN 2018,22,,Continuidad sin cambio explícito,53,22,22,0
UH0109,2023,SCIAN 2018,22,,Continuidad sin cambio explícito,53,22,22,0
UH0109,2024,SCIAN 2023,17,,Continuidad sin cambio explícito,53,17,17,0
UH0109,2025,SCIAN 2023,18,,Continuidad sin cambio explícito,53,18,18,0
UH0109,2026,SCIAN 2023,18,,Continuidad sin cambio explícito,53,18,18,0
UH0110,2010,SCIAN 2007,5,,Continuidad sin cambio explícito,53,5,5,0
UH0110,2011,SCIAN 2007,5,,Continuidad sin cambio explícito,53,5,5,0
UH0110,2012,SCIAN 2007,5,,Continuidad sin cambio explícito,53,5,5,0
UH0110,2013,SCIAN 2007,6,,Continuidad sin cambio explícito,53,6,6,0
UH0110,2015,SCIAN 2013,3,,Continuidad sin cambio explícito,53,3,3,0
UH0110,2016,SCIAN 2013,4,,Continuidad sin cambio explícito,53,4,4,0
UH0110,2017,SCIAN 2013,5,,Continuidad sin cambio explícito,53,5,5,0
UH0110,2018,SCIAN 2018,5,,Continuidad sin cambio explícito,53,5,5,0
UH0110,2019,SCIAN 2018,9,,Continuidad sin cambio explícito,53,9,9,0
UH0110,2020,SCIAN 2018,9,,Continuidad sin cambio explícito,53,9,9,0
UH0110,2021,SCIAN 2018,9,,Continuidad sin cambio explícito,53,9,9,0
UH0110,2022,SCIAN 2018,9,,Continuidad sin cambio explícito,53,9,9,0
UH0110,2023,SCIAN 2018,8,,Continuidad sin cambio explícito,53,8,8,0
UH0110,2024,SCIAN 2023,9,,Continuidad sin cambio explícito,53,9,9,0
UH0110,2025,SCIAN 2023,7,,Continuidad sin cambio explícito,53,7,7,0
UH0110,2026,SCIAN 2023,7,,Continuidad sin cambio explícito,53,7,7,0
UH0111,2010,SCIAN 2007,2,,Continuidad sin cambio explícito,53,2,2,0
UH0111,2011,SCIAN 2007,2,,Continuidad sin cambio explícito,53,2,2,0
UH0111,2012,SCIAN 2007,2,,Continuidad sin cambio explícito,53,2,2,0
UH0111,2013,SCIAN 2007,2,,Continuidad sin cambio explícito,53,2,2,0
UH0111,2015,SCIAN 2013,1,,Continuidad sin cambio explícito,53,1,1,0
UH0111,2016,SCIAN 2013,1,,Continuidad sin cambio explícito,53,1,1,0
UH0111,2017,SCIAN 2013,1,,Continuidad sin cambio explícito,53,1,1,0
UH0111,2018,SCIAN 2018,1,,Continuidad sin cambio explícito,53,1,1,0
UH0111,2019,SCIAN 2018,1,,Continuidad sin cambio explícito,53,1,1,0
UH0111,2020,SCIAN 2018,1,,Continuidad sin cambio explícito,53,1,1,0
UH0111,2021,SCIAN 2018,1,,Continuidad sin cambio explícito,53,1,1,0
UH0111,2022,SCIAN 2018,1,,Continuidad sin cambio explícito,53,1,1,0
UH0111,2023,SCIAN 2018,1,,Continuidad sin cambio explícito,53,1,1,0
UH0111,2024,SCIAN 2023,1,,Continuidad sin cambio explícito,53,1,1,0
UH0111,2025,SCIAN 2023,1,,Continuidad sin cambio explícito,53,1,1,0
UH0111,2026,SCIAN 2023,1,,Continuidad sin cambio explícito,53,1,1,0
UH0112,2010,SCIAN 2007,0,,Continuidad sin cambio explícito,53,0,0,0
UH0112,2011,SCIAN 2007,0,,Continuidad sin cambio explícito,53,0,0,0
UH0112,2012,SCIAN 2007,0,,Continuidad sin cambio explícito,53,0,0,0
UH0112,2013,SCIAN 2007,0,,Continuidad sin cambio explícito,53,0,0,0
UH0112,2015,SCIAN 2013,1,,Continuidad sin cambio explícito,53,1,1,0
UH0112,2016,SCIAN 2013,1,,Continuidad sin cambio explícito,53,1,1,0
UH0112,2017,SCIAN 2013,1,,Continuidad sin cambio explícito,53,1,1,0
UH0112,2018,SCIAN 2018,1,,Continuidad sin cambio explícito,53,1,1,0
UH0112,2019,SCIAN 2018,1,,Continuidad sin cambio explícito,53,1,1,0
UH0112,2020,SCIAN 2018,1,,Continuidad sin cambio explícito,53,1,1,0
UH0112,2021,SCIAN 2018,1,,Continuidad sin cambio explícito,53,1,1,0
UH0112,2022,SCIAN 2018,1,,Continuidad sin cambio explícito,53,1,1,0
UH0112,2023,SCIAN 2018,1,,Continuidad sin cambio explícito,53,1,1,0
UH0112,2024,SCIAN 2023,1,,Continuidad sin cambio explícito,53,1,1,0
UH0112,2025,SCIAN 2023,1,,Continuidad sin cambio explícito,53,1,1,0
UH0112,2026,SCIAN 2023,1,,Continuidad sin cambio explícito,53,1,1,0
UH0113,2010,SCIAN 2007,13,,Correspondencia directa 1 a 1,53,13,13,0
UH0113,2011,SCIAN 2007,13,,Correspondencia directa 1 a 1,53,13,13,0
UH0113,2012,SCIAN 2007,13,,Correspondencia directa 1 a 1,53,13,13,0
UH0113,2013,SCIAN 2007,13,,Correspondencia directa 1 a 1,53,13,13,0
UH0113,2015,SCIAN 2013,16,,Correspondencia directa 1 a 1,53,16,16,0
UH0113,2016,SCIAN 2013,15,,Correspondencia directa 1 a 1,53,15,15,0
UH0113,2017,SCIAN 2013,15,,Correspondencia directa 1 a 1,53,15,15,0
UH0113,2018,SCIAN 2018,15,,Correspondencia directa 1 a 1,53,15,15,0
UH0113,2019,SCIAN 2018,20,,Correspondencia directa 1 a 1,53,20,20,0
UH0113,2020,SCIAN 2018,20,,Correspondencia directa 1 a 1,53,20,20,0
UH0113,2021,SCIAN 2018,20,,Correspondencia directa 1 a 1,53,20,20,0
UH0113,2022,SCIAN 2018,20,,Correspondencia directa 1 a 1,53,20,20,0
UH0113,2023,SCIAN 2018,20,,Correspondencia directa 1 a 1,53,20,20,0
UH0113,2024,SCIAN 2023,23,,Correspondencia directa 1 a 1,53,23,23,0
UH0113,2025,SCIAN 2023,27,,Correspondencia directa 1 a 1,53,27,27,0
UH0113,2026,SCIAN 2023,27,,Correspondencia directa 1 a 1,53,27,27,0
UH0114,2010,SCIAN 2007,61,,Agregación directa,53,61,61,0
UH0114,2011,SCIAN 2007,61,,Agregación directa,53,61,61,0
UH0114,2012,SCIAN 2007,61,,Agregación directa,53,61,61,0
UH0114,2013,SCIAN 2007,61,,Agregación directa,53,61,61,0
UH0114,2015,SCIAN 2013,54,,Agregación directa,53,54,54,0
UH0114,2016,SCIAN 2013,50,,Agregación directa,53,50,50,0
UH0114,2017,SCIAN 2013,50,,Agregación directa,53,50,50,0
UH0114,2018,SCIAN 2018,49,,Agregación directa,53,49,49,0
UH0114,2019,SCIAN 2018,8,,Agregación directa,53,8,8,0
UH0114,2020,SCIAN 2018,7,,Agregación directa,53,7,7,0
UH0114,2021,SCIAN 2018,7,,Agregación directa,53,7,7,0
UH0114,2022,SCIAN 2018,7,,Agregación directa,53,7,7,0
UH0114,2023,SCIAN 2018,7,,Agregación directa,53,7,7,0
UH0114,2024,SCIAN 2023,5,,Agregación directa,53,5,5,0
UH0114,2025,SCIAN 2023,4,,Agregación directa,53,4,4,0
UH0114,2026,SCIAN 2023,5,,Agregación directa,53,5,5,0
UH0115,2010,SCIAN 2007,53,,Correspondencia directa 1 a 1,53,53,53,0
UH0115,2011,SCIAN 2007,53,,Correspondencia directa 1 a 1,53,53,53,0
UH0115,2012,SCIAN 2007,53,,Correspondencia directa 1 a 1,53,53,53,0
UH0115,2013,SCIAN 2007,53,,Correspondencia directa 1 a 1,53,53,53,0
UH0115,2015,SCIAN 2013,75,,Correspondencia directa 1 a 1,53,75,75,0
UH0115,2016,SCIAN 2013,71,,Correspondencia directa 1 a 1,53,71,71,0
UH0115,2017,SCIAN 2013,71,,Correspondencia directa 1 a 1,53,71,71,0
UH0115,2018,SCIAN 2018,71,,Correspondencia directa 1 a 1,53,71,71,0
UH0115,2019,SCIAN 2018,70,,Correspondencia directa 1 a 1,53,70,70,0
UH0115,2020,SCIAN 2018,68,,Correspondencia directa 1 a 1,53,68,68,0
UH0115,2021,SCIAN 2018,66,,Correspondencia directa 1 a 1,53,66,66,0
UH0115,2022,SCIAN 2018,66,,Correspondencia directa 1 a 1,53,66,66,0
UH0115,2023,SCIAN 2018,66,,Correspondencia directa 1 a 1,53,66,66,0
UH0115,2024,SCIAN 2023,83,,Correspondencia directa 1 a 1,53,83,83,0
UH0115,2025,SCIAN 2023,83,,Correspondencia directa 1 a 1,53,83,83,0
UH0115,2026,SCIAN 2023,84,,Correspondencia directa 1 a 1,53,84,84,0
UH0116,2010,SCIAN 2007,32,,Continuidad sin cambio explícito,53,32,32,0
UH0116,2011,SCIAN 2007,32,,Continuidad sin cambio explícito,53,32,32,0
UH0116,2012,SCIAN 2007,32,,Continuidad sin cambio explícito,53,32,32,0
UH0116,2013,SCIAN 2007,31,,Continuidad sin cambio explícito,53,31,31,0
UH0116,2015,SCIAN 2013,3,,Continuidad sin cambio explícito,53,3,3,0
UH0116,2016,SCIAN 2013,4,,Continuidad sin cambio explícito,53,4,4,0
UH0116,2017,SCIAN 2013,4,,Continuidad sin cambio explícito,53,4,4,0
UH0116,2018,SCIAN 2018,4,,Continuidad sin cambio explícito,53,4,4,0
UH0116,2019,SCIAN 2018,18,,Continuidad sin cambio explícito,53,18,18,0
UH0116,2020,SCIAN 2018,21,,Continuidad sin cambio explícito,53,21,21,0
UH0116,2021,SCIAN 2018,21,,Continuidad sin cambio explícito,53,21,21,0
UH0116,2022,SCIAN 2018,21,,Continuidad sin cambio explícito,53,21,21,0
UH0116,2023,SCIAN 2018,21,,Continuidad sin cambio explícito,53,21,21,0
UH0116,2024,SCIAN 2023,24,,Continuidad sin cambio explícito,53,24,24,0
UH0116,2025,SCIAN 2023,24,,Continuidad sin cambio explícito,53,24,24,0
UH0116,2026,SCIAN 2023,24,,Continuidad sin cambio explícito,53,24,24,0
UH0117,2010,SCIAN 2007,16,,Continuidad sin cambio explícito,53,16,16,0
UH0117,2011,SCIAN 2007,16,,Continuidad sin cambio explícito,53,16,16,0
UH0117,2012,SCIAN 2007,18,,Continuidad sin cambio explícito,53,18,18,0
UH0117,2013,SCIAN 2007,19,,Continuidad sin cambio explícito,53,19,19,0
UH0117,2015,SCIAN 2013,33,,Continuidad sin cambio explícito,53,33,33,0
UH0117,2016,SCIAN 2013,31,,Continuidad sin cambio explícito,53,31,31,0
UH0117,2017,SCIAN 2013,31,,Continuidad sin cambio explícito,53,31,31,0
UH0117,2018,SCIAN 2018,32,,Continuidad sin cambio explícito,53,32,32,0
UH0117,2019,SCIAN 2018,39,,Continuidad sin cambio explícito,53,39,39,0
UH0117,2020,SCIAN 2018,38,,Continuidad sin cambio explícito,53,38,38,0
UH0117,2021,SCIAN 2018,38,,Continuidad sin cambio explícito,53,38,38,0
UH0117,2022,SCIAN 2018,38,,Continuidad sin cambio explícito,53,38,38,0
UH0117,2023,SCIAN 2018,37,,Continuidad sin cambio explícito,53,37,37,0
UH0117,2024,SCIAN 2023,45,,Continuidad sin cambio explícito,53,45,45,0
UH0117,2025,SCIAN 2023,45,,Continuidad sin cambio explícito,53,45,45,0
UH0117,2026,SCIAN 2023,46,,Continuidad sin cambio explícito,53,46,46,0
UH0118,2010,SCIAN 2007,0,,Continuidad sin cambio explícito,53,0,0,0
UH0118,2011,SCIAN 2007,0,,Continuidad sin cambio explícito,53,0,0,0
UH0118,2012,SCIAN 2007,0,,Continuidad sin cambio explícito,53,0,0,0
UH0118,2013,SCIAN 2007,0,,Continuidad sin cambio explícito,53,0,0,0
UH0118,2015,SCIAN 2013,1,,Continuidad sin cambio explícito,53,1,1,0
UH0118,2016,SCIAN 2013,0,,Continuidad sin cambio explícito,53,0,0,0
UH0118,2017,SCIAN 2013,0,,Continuidad sin cambio explícito,53,0,0,0
UH0118,2018,SCIAN 2018,0,,Continuidad sin cambio explícito,53,0,0,0
UH0118,2019,SCIAN 2018,0,,Continuidad sin cambio explícito,53,0,0,0
UH0118,2020,SCIAN 2018,0,,Continuidad sin cambio explícito,53,0,0,0
UH0118,2021,SCIAN 2018,0,,Continuidad sin cambio explícito,53,0,0,0
UH0118,2022,SCIAN 2018,0,,Continuidad sin cambio explícito,53,0,0,0
UH0118,2023,SCIAN 2018,0,,Continuidad sin cambio explícito,53,0,0,0
UH0118,2024,SCIAN 2023,0,,Continuidad sin cambio explícito,53,0,0,0
UH0118,2025,SCIAN 2023,0,,Continuidad sin cambio explícito,53,0,0,0
UH0118,2026,SCIAN 2023,0,,Continuidad sin cambio explícito,53,0,0,0
UH0119,2010,SCIAN 2007,11,,Continuidad sin cambio explícito,53,11,11,0
UH0119,2011,SCIAN 2007,13,,Continuidad sin cambio explícito,53,13,13,0
UH0119,2012,SCIAN 2007,13,,Continuidad sin cambio explícito,53,13,13,0
UH0119,2013,SCIAN 2007,13,,Continuidad sin cambio explícito,53,13,13,0
UH0119,2015,SCIAN 2013,3,,Continuidad sin cambio explícito,53,3,3,0
UH0119,2016,SCIAN 2013,2,,Continuidad sin cambio explícito,53,2,2,0
UH0119,2017,SCIAN 2013,2,,Continuidad sin cambio explícito,53,2,2,0
UH0119,2018,SCIAN 2018,2,,Continuidad sin cambio explícito,53,2,2,0
UH0119,2019,SCIAN 2018,1,,Continuidad sin cambio explícito,53,1,1,0
UH0119,2020,SCIAN 2018,2,,Continuidad sin cambio explícito,53,2,2,0
UH0119,2021,SCIAN 2018,1,,Continuidad sin cambio explícito,53,1,1,0
UH0119,2022,SCIAN 2018,1,,Continuidad sin cambio explícito,53,1,1,0
UH0119,2023,SCIAN 2018,2,,Continuidad sin cambio explícito,53,2,2,0
UH0119,2024,SCIAN 2023,2,,Continuidad sin cambio explícito,53,2,2,0
UH0119,2025,SCIAN 2023,2,,Continuidad sin cambio explícito,53,2,2,0
UH0119,2026,SCIAN 2023,2,,Continuidad sin cambio explícito,53,2,2,0
UH0120,2010,SCIAN 2007,2,,Continuidad sin cambio explícito,53,2,2,0
UH0120,2011,SCIAN 2007,3,,Continuidad sin cambio explícito,53,3,3,0
UH0120,2012,SCIAN 2007,3,,Continuidad sin cambio explícito,53,3,3,0
UH0120,2013,SCIAN 2007,4,,Continuidad sin cambio explícito,53,4,4,0
UH0120,2015,SCIAN 2013,9,,Continuidad sin cambio explícito,53,9,9,0
UH0120,2016,SCIAN 2013,9,,Continuidad sin cambio explícito,53,9,9,0
UH0120,2017,SCIAN 2013,9,,Continuidad sin cambio explícito,53,9,9,0
UH0120,2018,SCIAN 2018,9,,Continuidad sin cambio explícito,53,9,9,0
UH0120,2019,SCIAN 2018,10,,Continuidad sin cambio explícito,53,10,10,0
UH0120,2020,SCIAN 2018,10,,Continuidad sin cambio explícito,53,10,10,0
UH0120,2021,SCIAN 2018,10,,Continuidad sin cambio explícito,53,10,10,0
UH0120,2022,SCIAN 2018,10,,Continuidad sin cambio explícito,53,10,10,0
UH0120,2023,SCIAN 2018,10,,Continuidad sin cambio explícito,53,10,10,0
UH0120,2024,SCIAN 2023,13,,Continuidad sin cambio explícito,53,13,13,0
UH0120,2025,SCIAN 2023,13,,Continuidad sin cambio explícito,53,13,13,0
UH0120,2026,SCIAN 2023,13,,Continuidad sin cambio explícito,53,13,13,0
UH0121,2010,SCIAN 2007,22,,Continuidad sin cambio explícito,53,22,22,0
UH0121,2011,SCIAN 2007,20,,Continuidad sin cambio explícito,53,20,20,0
UH0121,2012,SCIAN 2007,21,,Continuidad sin cambio explícito,53,21,21,0
UH0121,2013,SCIAN 2007,21,,Continuidad sin cambio explícito,53,21,21,0
UH0121,2015,SCIAN 2013,21,,Continuidad sin cambio explícito,53,21,21,0
UH0121,2016,SCIAN 2013,21,,Continuidad sin cambio explícito,53,21,21,0
UH0121,2017,SCIAN 2013,21,,Continuidad sin cambio explícito,53,21,21,0
UH0121,2018,SCIAN 2018,21,,Continuidad sin cambio explícito,53,21,21,0
UH0121,2019,SCIAN 2018,13,,Continuidad sin cambio explícito,53,13,13,0
UH0121,2020,SCIAN 2018,12,,Continuidad sin cambio explícito,53,12,12,0
UH0121,2021,SCIAN 2018,11,,Continuidad sin cambio explícito,53,11,11,0
UH0121,2022,SCIAN 2018,11,,Continuidad sin cambio explícito,53,11,11,0
UH0121,2023,SCIAN 2018,11,,Continuidad sin cambio explícito,53,11,11,0
UH0121,2024,SCIAN 2023,16,,Continuidad sin cambio explícito,53,16,16,0
UH0121,2025,SCIAN 2023,15,,Continuidad sin cambio explícito,53,15,15,0
UH0121,2026,SCIAN 2023,16,,Continuidad sin cambio explícito,53,16,16,0
UH0122,2010,SCIAN 2007,0,,Continuidad sin cambio explícito,53,0,0,0
UH0122,2011,SCIAN 2007,0,,Continuidad sin cambio explícito,53,0,0,0
UH0122,2012,SCIAN 2007,0,,Continuidad sin cambio explícito,53,0,0,0
UH0122,2013,SCIAN 2007,0,,Continuidad sin cambio explícito,53,0,0,0
UH0122,2015,SCIAN 2013,1,,Continuidad sin cambio explícito,53,1,1,0
UH0122,2016,SCIAN 2013,1,,Continuidad sin cambio explícito,53,1,1,0
UH0122,2017,SCIAN 2013,1,,Continuidad sin cambio explícito,53,1,1,0
UH0122,2018,SCIAN 2018,1,,Continuidad sin cambio explícito,53,1,1,0
UH0122,2019,SCIAN 2018,0,,Continuidad sin cambio explícito,53,0,0,0
UH0122,2020,SCIAN 2018,0,,Continuidad sin cambio explícito,53,0,0,0
UH0122,2021,SCIAN 2018,0,,Continuidad sin cambio explícito,53,0,0,0
UH0122,2022,SCIAN 2018,0,,Continuidad sin cambio explícito,53,0,0,0
UH0122,2023,SCIAN 2018,0,,Continuidad sin cambio explícito,53,0,0,0
UH0122,2024,SCIAN 2023,0,,Continuidad sin cambio explícito,53,0,0,0
UH0122,2025,SCIAN 2023,0,,Continuidad sin cambio explícito,53,0,0,0
UH0122,2026,SCIAN 2023,0,,Continuidad sin cambio explícito,53,0,0,0
UH0123,2010,SCIAN 2007,493,,Continuidad sin cambio explícito,54,493,493,0
UH0123,2011,SCIAN 2007,493,,Continuidad sin cambio explícito,54,493,493,0
UH0123,2012,SCIAN 2007,493,,Continuidad sin cambio explícito,54,493,493,0
UH0123,2013,SCIAN 2007,499,,Continuidad sin cambio explícito,54,499,499,0
UH0123,2015,SCIAN 2013,421,,Continuidad sin cambio explícito,54,421,421,0
UH0123,2016,SCIAN 2013,421,,Continuidad sin cambio explícito,54,421,421,0
UH0123,2017,SCIAN 2013,422,,Continuidad sin cambio explícito,54,422,422,0
UH0123,2018,SCIAN 2018,422,,Continuidad sin cambio explícito,54,422,422,0
UH0123,2019,SCIAN 2018,362,,Continuidad sin cambio explícito,54,362,362,0
UH0123,2020,SCIAN 2018,362,,Continuidad sin cambio explícito,54,362,362,0
UH0123,2021,SCIAN 2018,362,,Continuidad sin cambio explícito,54,362,362,0
UH0123,2022,SCIAN 2018,361,,Continuidad sin cambio explícito,54,361,361,0
UH0123,2023,SCIAN 2018,363,,Continuidad sin cambio explícito,54,363,363,0
UH0123,2024,SCIAN 2023,348,,Continuidad sin cambio explícito,54,348,348,0
UH0123,2025,SCIAN 2023,350,,Continuidad sin cambio explícito,54,350,350,0
UH0123,2026,SCIAN 2023,350,,Continuidad sin cambio explícito,54,350,350,0
UH0124,2010,SCIAN 2007,37,,Continuidad sin cambio explícito,54,37,37,0
UH0124,2011,SCIAN 2007,37,,Continuidad sin cambio explícito,54,37,37,0
UH0124,2012,SCIAN 2007,37,,Continuidad sin cambio explícito,54,37,37,0
UH0124,2013,SCIAN 2007,37,,Continuidad sin cambio explícito,54,37,37,0
UH0124,2015,SCIAN 2013,40,,Continuidad sin cambio explícito,54,40,40,0
UH0124,2016,SCIAN 2013,40,,Continuidad sin cambio explícito,54,40,40,0
UH0124,2017,SCIAN 2013,40,,Continuidad sin cambio explícito,54,40,40,0
UH0124,2018,SCIAN 2018,40,,Continuidad sin cambio explícito,54,40,40,0
UH0124,2019,SCIAN 2018,49,,Continuidad sin cambio explícito,54,49,49,0
UH0124,2020,SCIAN 2018,50,,Continuidad sin cambio explícito,54,50,50,0
UH0124,2021,SCIAN 2018,49,,Continuidad sin cambio explícito,54,49,49,0
UH0124,2022,SCIAN 2018,49,,Continuidad sin cambio explícito,54,49,49,0
UH0124,2023,SCIAN 2018,49,,Continuidad sin cambio explícito,54,49,49,0
UH0124,2024,SCIAN 2023,56,,Continuidad sin cambio explícito,54,56,56,0
UH0124,2025,SCIAN 2023,57,,Continuidad sin cambio explícito,54,57,57,0
UH0124,2026,SCIAN 2023,57,,Continuidad sin cambio explícito,54,57,57,0
UH0125,2010,SCIAN 2007,8,,Continuidad sin cambio explícito,54,8,8,0
UH0125,2011,SCIAN 2007,8,,Continuidad sin cambio explícito,54,8,8,0
UH0125,2012,SCIAN 2007,9,,Continuidad sin cambio explícito,54,9,9,0
UH0125,2013,SCIAN 2007,9,,Continuidad sin cambio explícito,54,9,9,0
UH0125,2015,SCIAN 2013,18,,Continuidad sin cambio explícito,54,18,18,0
UH0125,2016,SCIAN 2013,17,,Continuidad sin cambio explícito,54,17,17,0
UH0125,2017,SCIAN 2013,17,,Continuidad sin cambio explícito,54,17,17,0
UH0125,2018,SCIAN 2018,17,,Continuidad sin cambio explícito,54,17,17,0
UH0125,2019,SCIAN 2018,23,,Continuidad sin cambio explícito,54,23,23,0
UH0125,2020,SCIAN 2018,29,,Continuidad sin cambio explícito,54,29,29,0
UH0125,2021,SCIAN 2018,29,,Continuidad sin cambio explícito,54,29,29,0
UH0125,2022,SCIAN 2018,29,,Continuidad sin cambio explícito,54,29,29,0
UH0125,2023,SCIAN 2018,29,,Continuidad sin cambio explícito,54,29,29,0
UH0125,2024,SCIAN 2023,32,,Continuidad sin cambio explícito,54,32,32,0
UH0125,2025,SCIAN 2023,35,,Continuidad sin cambio explícito,54,35,35,0
UH0125,2026,SCIAN 2023,35,,Continuidad sin cambio explícito,54,35,35,0
UH0126,2010,SCIAN 2007,268,,Continuidad sin cambio explícito,54,268,268,0
UH0126,2011,SCIAN 2007,268,,Continuidad sin cambio explícito,54,268,268,0
UH0126,2012,SCIAN 2007,271,,Continuidad sin cambio explícito,54,271,271,0
UH0126,2013,SCIAN 2007,276,,Continuidad sin cambio explícito,54,276,276,0
UH0126,2015,SCIAN 2013,248,,Continuidad sin cambio explícito,54,248,248,0
UH0126,2016,SCIAN 2013,250,,Continuidad sin cambio explícito,54,250,250,0
UH0126,2017,SCIAN 2013,254,,Continuidad sin cambio explícito,54,254,254,0
UH0126,2018,SCIAN 2018,254,,Continuidad sin cambio explícito,54,254,254,0
UH0126,2019,SCIAN 2018,241,,Continuidad sin cambio explícito,54,241,241,0
UH0126,2020,SCIAN 2018,248,,Continuidad sin cambio explícito,54,248,248,0
UH0126,2021,SCIAN 2018,247,,Continuidad sin cambio explícito,54,247,247,0
UH0126,2022,SCIAN 2018,246,,Continuidad sin cambio explícito,54,246,246,0
UH0126,2023,SCIAN 2018,248,,Continuidad sin cambio explícito,54,248,248,0
UH0126,2024,SCIAN 2023,225,,Continuidad sin cambio explícito,54,225,225,0
UH0126,2025,SCIAN 2023,226,,Continuidad sin cambio explícito,54,226,226,0
UH0126,2026,SCIAN 2023,226,,Continuidad sin cambio explícito,54,226,226,0
UH0127,2010,SCIAN 2007,6,,Continuidad sin cambio explícito,54,6,6,0
UH0127,2011,SCIAN 2007,6,,Continuidad sin cambio explícito,54,6,6,0
UH0127,2012,SCIAN 2007,6,,Continuidad sin cambio explícito,54,6,6,0
UH0127,2013,SCIAN 2007,6,,Continuidad sin cambio explícito,54,6,6,0
UH0127,2015,SCIAN 2013,0,,Continuidad sin cambio explícito,54,0,0,0
UH0127,2016,SCIAN 2013,0,,Continuidad sin cambio explícito,54,0,0,0
UH0127,2017,SCIAN 2013,0,,Continuidad sin cambio explícito,54,0,0,0
UH0127,2018,SCIAN 2018,0,,Continuidad sin cambio explícito,54,0,0,0
UH0127,2019,SCIAN 2018,4,,Continuidad sin cambio explícito,54,4,4,0
UH0127,2020,SCIAN 2018,3,,Continuidad sin cambio explícito,54,3,3,0
UH0127,2021,SCIAN 2018,3,,Continuidad sin cambio explícito,54,3,3,0
UH0127,2022,SCIAN 2018,3,,Continuidad sin cambio explícito,54,3,3,0
UH0127,2023,SCIAN 2018,3,,Continuidad sin cambio explícito,54,3,3,0
UH0127,2024,SCIAN 2023,4,,Continuidad sin cambio explícito,54,4,4,0
UH0127,2025,SCIAN 2023,4,,Continuidad sin cambio explícito,54,4,4,0
UH0127,2026,SCIAN 2023,4,,Continuidad sin cambio explícito,54,4,4,0
UH0128,2010,SCIAN 2007,68,,Continuidad sin cambio explícito,54,68,68,0
UH0128,2011,SCIAN 2007,68,,Continuidad sin cambio explícito,54,68,68,0
UH0128,2012,SCIAN 2007,72,,Continuidad sin cambio explícito,54,72,72,0
UH0128,2013,SCIAN 2007,77,,Continuidad sin cambio explícito,54,77,77,0
UH0128,2015,SCIAN 2013,48,,Continuidad sin cambio explícito,54,48,48,0
UH0128,2016,SCIAN 2013,47,,Continuidad sin cambio explícito,54,47,47,0
UH0128,2017,SCIAN 2013,48,,Continuidad sin cambio explícito,54,48,48,0
UH0128,2018,SCIAN 2018,48,,Continuidad sin cambio explícito,54,48,48,0
UH0128,2019,SCIAN 2018,38,,Continuidad sin cambio explícito,54,38,38,0
UH0128,2020,SCIAN 2018,38,,Continuidad sin cambio explícito,54,38,38,0
UH0128,2021,SCIAN 2018,42,,Continuidad sin cambio explícito,54,42,42,0
UH0128,2022,SCIAN 2018,42,,Continuidad sin cambio explícito,54,42,42,0
UH0128,2023,SCIAN 2018,40,,Continuidad sin cambio explícito,54,40,40,0
UH0128,2024,SCIAN 2023,41,,Continuidad sin cambio explícito,54,41,41,0
UH0128,2025,SCIAN 2023,42,,Continuidad sin cambio explícito,54,42,42,0
UH0128,2026,SCIAN 2023,42,,Continuidad sin cambio explícito,54,42,42,0
UH0129,2010,SCIAN 2007,0,,Continuidad sin cambio explícito,54,0,0,0
UH0129,2011,SCIAN 2007,0,,Continuidad sin cambio explícito,54,0,0,0
UH0129,2012,SCIAN 2007,1,,Continuidad sin cambio explícito,54,1,1,0
UH0129,2013,SCIAN 2007,1,,Continuidad sin cambio explícito,54,1,1,0
UH0129,2015,SCIAN 2013,0,,Continuidad sin cambio explícito,54,0,0,0
UH0129,2016,SCIAN 2013,0,,Continuidad sin cambio explícito,54,0,0,0
UH0129,2017,SCIAN 2013,0,,Continuidad sin cambio explícito,54,0,0,0
UH0129,2018,SCIAN 2018,0,,Continuidad sin cambio explícito,54,0,0,0
UH0129,2019,SCIAN 2018,0,,Continuidad sin cambio explícito,54,0,0,0
UH0129,2020,SCIAN 2018,0,,Continuidad sin cambio explícito,54,0,0,0
UH0129,2021,SCIAN 2018,0,,Continuidad sin cambio explícito,54,0,0,0
UH0129,2022,SCIAN 2018,0,,Continuidad sin cambio explícito,54,0,0,0
UH0129,2023,SCIAN 2018,0,,Continuidad sin cambio explícito,54,0,0,0
UH0129,2024,SCIAN 2023,1,,Continuidad sin cambio explícito,54,1,1,0
UH0129,2025,SCIAN 2023,1,,Continuidad sin cambio explícito,54,1,1,0
UH0129,2026,SCIAN 2023,1,,Continuidad sin cambio explícito,54,1,1,0
UH0130,2010,SCIAN 2007,27,,Continuidad sin cambio explícito,54,27,27,0
UH0130,2011,SCIAN 2007,27,,Continuidad sin cambio explícito,54,27,27,0
UH0130,2012,SCIAN 2007,31,,Continuidad sin cambio explícito,54,31,31,0
UH0130,2013,SCIAN 2007,36,,Continuidad sin cambio explícito,54,36,36,0
UH0130,2015,SCIAN 2013,22,,Continuidad sin cambio explícito,54,22,22,0
UH0130,2016,SCIAN 2013,24,,Continuidad sin cambio explícito,54,24,24,0
UH0130,2017,SCIAN 2013,25,,Continuidad sin cambio explícito,54,25,25,0
UH0130,2018,SCIAN 2018,25,,Continuidad sin cambio explícito,54,25,25,0
UH0130,2019,SCIAN 2018,21,,Continuidad sin cambio explícito,54,21,21,0
UH0130,2020,SCIAN 2018,26,,Continuidad sin cambio explícito,54,26,26,0
UH0130,2021,SCIAN 2018,25,,Continuidad sin cambio explícito,54,25,25,0
UH0130,2022,SCIAN 2018,25,,Continuidad sin cambio explícito,54,25,25,0
UH0130,2023,SCIAN 2018,24,,Continuidad sin cambio explícito,54,24,24,0
UH0130,2024,SCIAN 2023,23,,Continuidad sin cambio explícito,54,23,23,0
UH0130,2025,SCIAN 2023,26,,Continuidad sin cambio explícito,54,26,26,0
UH0130,2026,SCIAN 2023,27,,Continuidad sin cambio explícito,54,27,27,0
UH0131,2010,SCIAN 2007,9,,Continuidad sin cambio explícito,54,9,9,0
UH0131,2011,SCIAN 2007,10,,Continuidad sin cambio explícito,54,10,10,0
UH0131,2012,SCIAN 2007,10,,Continuidad sin cambio explícito,54,10,10,0
UH0131,2013,SCIAN 2007,10,,Continuidad sin cambio explícito,54,10,10,0
UH0131,2015,SCIAN 2013,13,,Continuidad sin cambio explícito,54,13,13,0
UH0131,2016,SCIAN 2013,13,,Continuidad sin cambio explícito,54,13,13,0
UH0131,2017,SCIAN 2013,13,,Continuidad sin cambio explícito,54,13,13,0
UH0131,2018,SCIAN 2018,13,,Continuidad sin cambio explícito,54,13,13,0
UH0131,2019,SCIAN 2018,16,,Continuidad sin cambio explícito,54,16,16,0
UH0131,2020,SCIAN 2018,9,,Continuidad sin cambio explícito,54,9,9,0
UH0131,2021,SCIAN 2018,9,,Continuidad sin cambio explícito,54,9,9,0
UH0131,2022,SCIAN 2018,9,,Continuidad sin cambio explícito,54,9,9,0
UH0131,2023,SCIAN 2018,9,,Continuidad sin cambio explícito,54,9,9,0
UH0131,2024,SCIAN 2023,11,,Continuidad sin cambio explícito,54,11,11,0
UH0131,2025,SCIAN 2023,12,,Continuidad sin cambio explícito,54,12,12,0
UH0131,2026,SCIAN 2023,13,,Continuidad sin cambio explícito,54,13,13,0
UH0132,2010,SCIAN 2007,2,,Continuidad sin cambio explícito,54,2,2,0
UH0132,2011,SCIAN 2007,2,,Continuidad sin cambio explícito,54,2,2,0
UH0132,2012,SCIAN 2007,2,,Continuidad sin cambio explícito,54,2,2,0
UH0132,2013,SCIAN 2007,2,,Continuidad sin cambio explícito,54,2,2,0
UH0132,2015,SCIAN 2013,1,,Continuidad sin cambio explícito,54,1,1,0
UH0132,2016,SCIAN 2013,1,,Continuidad sin cambio explícito,54,1,1,0
UH0132,2017,SCIAN 2013,1,,Continuidad sin cambio explícito,54,1,1,0
UH0132,2018,SCIAN 2018,1,,Continuidad sin cambio explícito,54,1,1,0
UH0132,2019,SCIAN 2018,4,,Continuidad sin cambio explícito,54,4,4,0
UH0132,2020,SCIAN 2018,3,,Continuidad sin cambio explícito,54,3,3,0
UH0132,2021,SCIAN 2018,3,,Continuidad sin cambio explícito,54,3,3,0
UH0132,2022,SCIAN 2018,3,,Continuidad sin cambio explícito,54,3,3,0
UH0132,2023,SCIAN 2018,3,,Continuidad sin cambio explícito,54,3,3,0
UH0132,2024,SCIAN 2023,1,,Continuidad sin cambio explícito,54,1,1,0
UH0132,2025,SCIAN 2023,1,,Continuidad sin cambio explícito,54,1,1,0
UH0132,2026,SCIAN 2023,1,,Continuidad sin cambio explícito,54,1,1,0
UH0133,2010,SCIAN 2007,1,,Continuidad sin cambio explícito,54,1,1,0
UH0133,2011,SCIAN 2007,1,,Continuidad sin cambio explícito,54,1,1,0
UH0133,2012,SCIAN 2007,1,,Continuidad sin cambio explícito,54,1,1,0
UH0133,2013,SCIAN 2007,1,,Continuidad sin cambio explícito,54,1,1,0
UH0133,2015,SCIAN 2013,0,,Continuidad sin cambio explícito,54,0,0,0
UH0133,2016,SCIAN 2013,0,,Continuidad sin cambio explícito,54,0,0,0
UH0133,2017,SCIAN 2013,0,,Continuidad sin cambio explícito,54,0,0,0
UH0133,2018,SCIAN 2018,0,,Continuidad sin cambio explícito,54,0,0,0
UH0133,2019,SCIAN 2018,0,,Continuidad sin cambio explícito,54,0,0,0
UH0133,2020,SCIAN 2018,0,,Continuidad sin cambio explícito,54,0,0,0
UH0133,2021,SCIAN 2018,0,,Continuidad sin cambio explícito,54,0,0,0
UH0133,2022,SCIAN 2018,0,,Continuidad sin cambio explícito,54,0,0,0
UH0133,2023,SCIAN 2018,0,,Continuidad sin cambio explícito,54,0,0,0
UH0133,2024,SCIAN 2023,0,,Continuidad sin cambio explícito,54,0,0,0
UH0133,2025,SCIAN 2023,0,,Continuidad sin cambio explícito,54,0,0,0
UH0133,2026,SCIAN 2023,1,,Continuidad sin cambio explícito,54,1,1,0
UH0134,2010,SCIAN 2007,2,,Continuidad sin cambio explícito,54,2,2,0
UH0134,2011,SCIAN 2007,2,,Continuidad sin cambio explícito,54,2,2,0
UH0134,2012,SCIAN 2007,2,,Continuidad sin cambio explícito,54,2,2,0
UH0134,2013,SCIAN 2007,2,,Continuidad sin cambio explícito,54,2,2,0
UH0134,2015,SCIAN 2013,1,,Continuidad sin cambio explícito,54,1,1,0
UH0134,2016,SCIAN 2013,1,,Continuidad sin cambio explícito,54,1,1,0
UH0134,2017,SCIAN 2013,1,,Continuidad sin cambio explícito,54,1,1,0
UH0134,2018,SCIAN 2018,1,,Continuidad sin cambio explícito,54,1,1,0
UH0134,2019,SCIAN 2018,2,,Continuidad sin cambio explícito,54,2,2,0
UH0134,2020,SCIAN 2018,4,,Continuidad sin cambio explícito,54,4,4,0
UH0134,2021,SCIAN 2018,4,,Continuidad sin cambio explícito,54,4,4,0
UH0134,2022,SCIAN 2018,4,,Continuidad sin cambio explícito,54,4,4,0
UH0134,2023,SCIAN 2018,5,,Continuidad sin cambio explícito,54,5,5,0
UH0134,2024,SCIAN 2023,4,,Continuidad sin cambio explícito,54,4,4,0
UH0134,2025,SCIAN 2023,4,,Continuidad sin cambio explícito,54,4,4,0
UH0134,2026,SCIAN 2023,5,,Continuidad sin cambio explícito,54,5,5,0
UH0135,2010,SCIAN 2007,8,,Continuidad sin cambio explícito,54,8,8,0
UH0135,2011,SCIAN 2007,8,,Continuidad sin cambio explícito,54,8,8,0
UH0135,2012,SCIAN 2007,8,,Continuidad sin cambio explícito,54,8,8,0
UH0135,2013,SCIAN 2007,8,,Continuidad sin cambio explícito,54,8,8,0
UH0135,2015,SCIAN 2013,8,,Continuidad sin cambio explícito,54,8,8,0
UH0135,2016,SCIAN 2013,12,,Continuidad sin cambio explícito,54,12,12,0
UH0135,2017,SCIAN 2013,12,,Continuidad sin cambio explícito,54,12,12,0
UH0135,2018,SCIAN 2018,12,,Continuidad sin cambio explícito,54,12,12,0
UH0135,2019,SCIAN 2018,9,,Continuidad sin cambio explícito,54,9,9,0
UH0135,2020,SCIAN 2018,8,,Continuidad sin cambio explícito,54,8,8,0
UH0135,2021,SCIAN 2018,8,,Continuidad sin cambio explícito,54,8,8,0
UH0135,2022,SCIAN 2018,8,,Continuidad sin cambio explícito,54,8,8,0
UH0135,2023,SCIAN 2018,7,,Continuidad sin cambio explícito,54,7,7,0
UH0135,2024,SCIAN 2023,4,,Continuidad sin cambio explícito,54,4,4,0
UH0135,2025,SCIAN 2023,4,,Continuidad sin cambio explícito,54,4,4,0
UH0135,2026,SCIAN 2023,5,,Continuidad sin cambio explícito,54,5,5,0
UH0136,2010,SCIAN 2007,14,,Continuidad sin cambio explícito,54,14,14,0
UH0136,2011,SCIAN 2007,14,,Continuidad sin cambio explícito,54,14,14,0
UH0136,2012,SCIAN 2007,14,,Continuidad sin cambio explícito,54,14,14,0
UH0136,2013,SCIAN 2007,14,,Continuidad sin cambio explícito,54,14,14,0
UH0136,2015,SCIAN 2013,10,,Continuidad sin cambio explícito,54,10,10,0
UH0136,2016,SCIAN 2013,6,,Continuidad sin cambio explícito,54,6,6,0
UH0136,2017,SCIAN 2013,6,,Continuidad sin cambio explícito,54,6,6,0
UH0136,2018,SCIAN 2018,6,,Continuidad sin cambio explícito,54,6,6,0
UH0136,2019,SCIAN 2018,5,,Continuidad sin cambio explícito,54,5,5,0
UH0136,2020,SCIAN 2018,6,,Continuidad sin cambio explícito,54,6,6,0
UH0136,2021,SCIAN 2018,6,,Continuidad sin cambio explícito,54,6,6,0
UH0136,2022,SCIAN 2018,6,,Continuidad sin cambio explícito,54,6,6,0
UH0136,2023,SCIAN 2018,7,,Continuidad sin cambio explícito,54,7,7,0
UH0136,2024,SCIAN 2023,8,,Continuidad sin cambio explícito,54,8,8,0
UH0136,2025,SCIAN 2023,9,,Continuidad sin cambio explícito,54,9,9,0
UH0136,2026,SCIAN 2023,9,,Continuidad sin cambio explícito,54,9,9,0
UH0137,2010,SCIAN 2007,44,,Continuidad sin cambio explícito,54,44,44,0
UH0137,2011,SCIAN 2007,44,,Continuidad sin cambio explícito,54,44,44,0
UH0137,2012,SCIAN 2007,43,,Continuidad sin cambio explícito,54,43,43,0
UH0137,2013,SCIAN 2007,43,,Continuidad sin cambio explícito,54,43,43,0
UH0137,2015,SCIAN 2013,40,,Continuidad sin cambio explícito,54,40,40,0
UH0137,2016,SCIAN 2013,40,,Continuidad sin cambio explícito,54,40,40,0
UH0137,2017,SCIAN 2013,42,,Continuidad sin cambio explícito,54,42,42,0
UH0137,2018,SCIAN 2018,42,,Continuidad sin cambio explícito,54,42,42,0
UH0137,2019,SCIAN 2018,52,,Continuidad sin cambio explícito,54,52,52,0
UH0137,2020,SCIAN 2018,52,,Continuidad sin cambio explícito,54,52,52,0
UH0137,2021,SCIAN 2018,52,,Continuidad sin cambio explícito,54,52,52,0
UH0137,2022,SCIAN 2018,52,,Continuidad sin cambio explícito,54,52,52,0
UH0137,2023,SCIAN 2018,52,,Continuidad sin cambio explícito,54,52,52,0
UH0137,2024,SCIAN 2023,68,,Continuidad sin cambio explícito,54,68,68,0
UH0137,2025,SCIAN 2023,68,,Continuidad sin cambio explícito,54,68,68,0
UH0137,2026,SCIAN 2023,69,,Continuidad sin cambio explícito,54,69,69,0
UH0138,2010,SCIAN 2007,2,,Continuidad sin cambio explícito,54,2,2,0
UH0138,2011,SCIAN 2007,2,,Continuidad sin cambio explícito,54,2,2,0
UH0138,2012,SCIAN 2007,2,,Continuidad sin cambio explícito,54,2,2,0
UH0138,2013,SCIAN 2007,2,,Continuidad sin cambio explícito,54,2,2,0
UH0138,2015,SCIAN 2013,0,,Continuidad sin cambio explícito,54,0,0,0
UH0138,2016,SCIAN 2013,0,,Continuidad sin cambio explícito,54,0,0,0
UH0138,2017,SCIAN 2013,0,,Continuidad sin cambio explícito,54,0,0,0
UH0138,2018,SCIAN 2018,0,,Continuidad sin cambio explícito,54,0,0,0
UH0138,2019,SCIAN 2018,1,,Continuidad sin cambio explícito,54,1,1,0
UH0138,2020,SCIAN 2018,2,,Continuidad sin cambio explícito,54,2,2,0
UH0138,2021,SCIAN 2018,2,,Continuidad sin cambio explícito,54,2,2,0
UH0138,2022,SCIAN 2018,2,,Continuidad sin cambio explícito,54,2,2,0
UH0138,2023,SCIAN 2018,1,,Continuidad sin cambio explícito,54,1,1,0
UH0138,2024,SCIAN 2023,7,,Continuidad sin cambio explícito,54,7,7,0
UH0138,2025,SCIAN 2023,6,,Continuidad sin cambio explícito,54,6,6,0
UH0138,2026,SCIAN 2023,6,,Continuidad sin cambio explícito,54,6,6,0
UH0139,2010,SCIAN 2007,13,,Continuidad sin cambio explícito,54,13,13,0
UH0139,2011,SCIAN 2007,13,,Continuidad sin cambio explícito,54,13,13,0
UH0139,2012,SCIAN 2007,20,,Continuidad sin cambio explícito,54,20,20,0
UH0139,2013,SCIAN 2007,26,,Continuidad sin cambio explícito,54,26,26,0
UH0139,2015,SCIAN 2013,14,,Continuidad sin cambio explícito,54,14,14,0
UH0139,2016,SCIAN 2013,17,,Continuidad sin cambio explícito,54,17,17,0
UH0139,2017,SCIAN 2013,18,,Continuidad sin cambio explícito,54,18,18,0
UH0139,2018,SCIAN 2018,18,,Continuidad sin cambio explícito,54,18,18,0
UH0139,2019,SCIAN 2018,24,,Continuidad sin cambio explícito,54,24,24,0
UH0139,2020,SCIAN 2018,23,,Continuidad sin cambio explícito,54,23,23,0
UH0139,2021,SCIAN 2018,23,,Continuidad sin cambio explícito,54,23,23,0
UH0139,2022,SCIAN 2018,23,,Continuidad sin cambio explícito,54,23,23,0
UH0139,2023,SCIAN 2018,23,,Continuidad sin cambio explícito,54,23,23,0
UH0139,2024,SCIAN 2023,17,,Continuidad sin cambio explícito,54,17,17,0
UH0139,2025,SCIAN 2023,17,,Continuidad sin cambio explícito,54,17,17,0
UH0139,2026,SCIAN 2023,18,,Continuidad sin cambio explícito,54,18,18,0
UH0140,2010,SCIAN 2007,22,,Continuidad sin cambio explícito,54,22,22,0
UH0140,2011,SCIAN 2007,22,,Continuidad sin cambio explícito,54,22,22,0
UH0140,2012,SCIAN 2007,37,,Continuidad sin cambio explícito,54,37,37,0
UH0140,2013,SCIAN 2007,44,,Continuidad sin cambio explícito,54,44,44,0
UH0140,2015,SCIAN 2013,23,,Continuidad sin cambio explícito,54,23,23,0
UH0140,2016,SCIAN 2013,29,,Continuidad sin cambio explícito,54,29,29,0
UH0140,2017,SCIAN 2013,31,,Continuidad sin cambio explícito,54,31,31,0
UH0140,2018,SCIAN 2018,31,,Continuidad sin cambio explícito,54,31,31,0
UH0140,2019,SCIAN 2018,45,,Continuidad sin cambio explícito,54,45,45,0
UH0140,2020,SCIAN 2018,51,,Continuidad sin cambio explícito,54,51,51,0
UH0140,2021,SCIAN 2018,51,,Continuidad sin cambio explícito,54,51,51,0
UH0140,2022,SCIAN 2018,52,,Continuidad sin cambio explícito,54,52,52,0
UH0140,2023,SCIAN 2018,52,,Continuidad sin cambio explícito,54,52,52,0
UH0140,2024,SCIAN 2023,41,,Continuidad sin cambio explícito,54,41,41,0
UH0140,2025,SCIAN 2023,39,,Continuidad sin cambio explícito,54,39,39,0
UH0140,2026,SCIAN 2023,41,,Continuidad sin cambio explícito,54,41,41,0
UH0141,2010,SCIAN 2007,7,,Continuidad sin cambio explícito,54,7,7,0
UH0141,2011,SCIAN 2007,7,,Continuidad sin cambio explícito,54,7,7,0
UH0141,2012,SCIAN 2007,8,,Continuidad sin cambio explícito,54,8,8,0
UH0141,2013,SCIAN 2007,8,,Continuidad sin cambio explícito,54,8,8,0
UH0141,2015,SCIAN 2013,8,,Continuidad sin cambio explícito,54,8,8,0
UH0141,2016,SCIAN 2013,8,,Continuidad sin cambio explícito,54,8,8,0
UH0141,2017,SCIAN 2013,8,,Continuidad sin cambio explícito,54,8,8,0
UH0141,2018,SCIAN 2018,8,,Continuidad sin cambio explícito,54,8,8,0
UH0141,2019,SCIAN 2018,7,,Continuidad sin cambio explícito,54,7,7,0
UH0141,2020,SCIAN 2018,8,,Continuidad sin cambio explícito,54,8,8,0
UH0141,2021,SCIAN 2018,8,,Continuidad sin cambio explícito,54,8,8,0
UH0141,2022,SCIAN 2018,8,,Continuidad sin cambio explícito,54,8,8,0
UH0141,2023,SCIAN 2018,8,,Continuidad sin cambio explícito,54,8,8,0
UH0141,2024,SCIAN 2023,7,,Continuidad sin cambio explícito,54,7,7,0
UH0141,2025,SCIAN 2023,7,,Continuidad sin cambio explícito,54,7,7,0
UH0141,2026,SCIAN 2023,7,,Continuidad sin cambio explícito,54,7,7,0
UH0142,2010,SCIAN 2007,16,,Continuidad sin cambio explícito,54,16,16,0
UH0142,2011,SCIAN 2007,16,,Continuidad sin cambio explícito,54,16,16,0
UH0142,2012,SCIAN 2007,21,,Continuidad sin cambio explícito,54,21,21,0
UH0142,2013,SCIAN 2007,25,,Continuidad sin cambio explícito,54,25,25,0
UH0142,2015,SCIAN 2013,8,,Continuidad sin cambio explícito,54,8,8,0
UH0142,2016,SCIAN 2013,8,,Continuidad sin cambio explícito,54,8,8,0
UH0142,2017,SCIAN 2013,9,,Continuidad sin cambio explícito,54,9,9,0
UH0142,2018,SCIAN 2018,9,,Continuidad sin cambio explícito,54,9,9,0
UH0142,2019,SCIAN 2018,15,,Continuidad sin cambio explícito,54,15,15,0
UH0142,2020,SCIAN 2018,15,,Continuidad sin cambio explícito,54,15,15,0
UH0142,2021,SCIAN 2018,15,,Continuidad sin cambio explícito,54,15,15,0
UH0142,2022,SCIAN 2018,15,,Continuidad sin cambio explícito,54,15,15,0
UH0142,2023,SCIAN 2018,15,,Continuidad sin cambio explícito,54,15,15,0
UH0142,2024,SCIAN 2023,11,,Continuidad sin cambio explícito,54,11,11,0
UH0142,2025,SCIAN 2023,9,,Continuidad sin cambio explícito,54,9,9,0
UH0142,2026,SCIAN 2023,9,,Continuidad sin cambio explícito,54,9,9,0
UH0143,2010,SCIAN 2007,4,,Continuidad sin cambio explícito,54,4,4,0
UH0143,2011,SCIAN 2007,5,,Continuidad sin cambio explícito,54,5,5,0
UH0143,2012,SCIAN 2007,5,,Continuidad sin cambio explícito,54,5,5,0
UH0143,2013,SCIAN 2007,5,,Continuidad sin cambio explícito,54,5,5,0
UH0143,2015,SCIAN 2013,5,,Continuidad sin cambio explícito,54,5,5,0
UH0143,2016,SCIAN 2013,6,,Continuidad sin cambio explícito,54,6,6,0
UH0143,2017,SCIAN 2013,6,,Continuidad sin cambio explícito,54,6,6,0
UH0143,2018,SCIAN 2018,6,,Continuidad sin cambio explícito,54,6,6,0
UH0143,2019,SCIAN 2018,4,,Continuidad sin cambio explícito,54,4,4,0
UH0143,2020,SCIAN 2018,4,,Continuidad sin cambio explícito,54,4,4,0
UH0143,2021,SCIAN 2018,4,,Continuidad sin cambio explícito,54,4,4,0
UH0143,2022,SCIAN 2018,4,,Continuidad sin cambio explícito,54,4,4,0
UH0143,2023,SCIAN 2018,4,,Continuidad sin cambio explícito,54,4,4,0
UH0143,2024,SCIAN 2023,4,,Continuidad sin cambio explícito,54,4,4,0
UH0143,2025,SCIAN 2023,3,,Continuidad sin cambio explícito,54,3,3,0
UH0143,2026,SCIAN 2023,3,,Continuidad sin cambio explícito,54,3,3,0
UH0144,2010,SCIAN 2007,0,,Continuidad sin cambio explícito,54,0,0,0
UH0144,2011,SCIAN 2007,0,,Continuidad sin cambio explícito,54,0,0,0
UH0144,2012,SCIAN 2007,0,,Continuidad sin cambio explícito,54,0,0,0
UH0144,2013,SCIAN 2007,0,,Continuidad sin cambio explícito,54,0,0,0
UH0144,2015,SCIAN 2013,1,,Continuidad sin cambio explícito,54,1,1,0
UH0144,2016,SCIAN 2013,8,,Continuidad sin cambio explícito,54,8,8,0
UH0144,2017,SCIAN 2013,8,,Continuidad sin cambio explícito,54,8,8,0
UH0144,2018,SCIAN 2018,8,,Continuidad sin cambio explícito,54,8,8,0
UH0144,2019,SCIAN 2018,1,,Continuidad sin cambio explícito,54,1,1,0
UH0144,2020,SCIAN 2018,2,,Continuidad sin cambio explícito,54,2,2,0
UH0144,2021,SCIAN 2018,2,,Continuidad sin cambio explícito,54,2,2,0
UH0144,2022,SCIAN 2018,2,,Continuidad sin cambio explícito,54,2,2,0
UH0144,2023,SCIAN 2018,2,,Continuidad sin cambio explícito,54,2,2,0
UH0144,2024,SCIAN 2023,3,,Continuidad sin cambio explícito,54,3,3,0
UH0144,2025,SCIAN 2023,3,,Continuidad sin cambio explícito,54,3,3,0
UH0144,2026,SCIAN 2023,3,,Continuidad sin cambio explícito,54,3,3,0
UH0145,2010,SCIAN 2007,1,,Continuidad sin cambio explícito,54,1,1,0
UH0145,2011,SCIAN 2007,1,,Continuidad sin cambio explícito,54,1,1,0
UH0145,2012,SCIAN 2007,2,,Continuidad sin cambio explícito,54,2,2,0
UH0145,2013,SCIAN 2007,2,,Continuidad sin cambio explícito,54,2,2,0
UH0145,2015,SCIAN 2013,0,,Continuidad sin cambio explícito,54,0,0,0
UH0145,2016,SCIAN 2013,0,,Continuidad sin cambio explícito,54,0,0,0
UH0145,2017,SCIAN 2013,0,,Continuidad sin cambio explícito,54,0,0,0
UH0145,2018,SCIAN 2018,0,,Continuidad sin cambio explícito,54,0,0,0
UH0145,2019,SCIAN 2018,0,,Continuidad sin cambio explícito,54,0,0,0
UH0145,2020,SCIAN 2018,0,,Continuidad sin cambio explícito,54,0,0,0
UH0145,2021,SCIAN 2018,0,,Continuidad sin cambio explícito,54,0,0,0
UH0145,2022,SCIAN 2018,0,,Continuidad sin cambio explícito,54,0,0,0
UH0145,2023,SCIAN 2018,0,,Continuidad sin cambio explícito,54,0,0,0
UH0145,2024,SCIAN 2023,0,,Continuidad sin cambio explícito,54,0,0,0
UH0145,2025,SCIAN 2023,0,,Continuidad sin cambio explícito,54,0,0,0
UH0145,2026,SCIAN 2023,0,,Continuidad sin cambio explícito,54,0,0,0
UH0146,2010,SCIAN 2007,0,,Continuidad sin cambio explícito,54,0,0,0
UH0146,2011,SCIAN 2007,0,,Continuidad sin cambio explícito,54,0,0,0
UH0146,2012,SCIAN 2007,0,,Continuidad sin cambio explícito,54,0,0,0
UH0146,2013,SCIAN 2007,0,,Continuidad sin cambio explícito,54,0,0,0
UH0146,2015,SCIAN 2013,2,,Continuidad sin cambio explícito,54,2,2,0
UH0146,2016,SCIAN 2013,2,,Continuidad sin cambio explícito,54,2,2,0
UH0146,2017,SCIAN 2013,2,,Continuidad sin cambio explícito,54,2,2,0
UH0146,2018,SCIAN 2018,2,,Continuidad sin cambio explícito,54,2,2,0
UH0146,2019,SCIAN 2018,0,,Continuidad sin cambio explícito,54,0,0,0
UH0146,2020,SCIAN 2018,0,,Continuidad sin cambio explícito,54,0,0,0
UH0146,2021,SCIAN 2018,0,,Continuidad sin cambio explícito,54,0,0,0
UH0146,2022,SCIAN 2018,0,,Continuidad sin cambio explícito,54,0,0,0
UH0146,2023,SCIAN 2018,0,,Continuidad sin cambio explícito,54,0,0,0
UH0146,2024,SCIAN 2023,0,,Continuidad sin cambio explícito,54,0,0,0
UH0146,2025,SCIAN 2023,0,,Continuidad sin cambio explícito,54,0,0,0
UH0146,2026,SCIAN 2023,0,,Continuidad sin cambio explícito,54,0,0,0
UH0147,2010,SCIAN 2007,37,,Continuidad sin cambio explícito,54,37,37,0
UH0147,2011,SCIAN 2007,46,,Continuidad sin cambio explícito,54,46,46,0
UH0147,2012,SCIAN 2007,50,,Continuidad sin cambio explícito,54,50,50,0
UH0147,2013,SCIAN 2007,53,,Continuidad sin cambio explícito,54,53,53,0
UH0147,2015,SCIAN 2013,43,,Continuidad sin cambio explícito,54,43,43,0
UH0147,2016,SCIAN 2013,44,,Continuidad sin cambio explícito,54,44,44,0
UH0147,2017,SCIAN 2013,44,,Continuidad sin cambio explícito,54,44,44,0
UH0147,2018,SCIAN 2018,43,,Continuidad sin cambio explícito,54,43,43,0
UH0147,2019,SCIAN 2018,59,,Continuidad sin cambio explícito,54,59,59,0
UH0147,2020,SCIAN 2018,56,,Continuidad sin cambio explícito,54,56,56,0
UH0147,2021,SCIAN 2018,53,,Continuidad sin cambio explícito,54,53,53,0
UH0147,2022,SCIAN 2018,53,,Continuidad sin cambio explícito,54,53,53,0
UH0147,2023,SCIAN 2018,51,,Continuidad sin cambio explícito,54,51,51,0
UH0147,2024,SCIAN 2023,27,,Continuidad sin cambio explícito,54,27,27,0
UH0147,2025,SCIAN 2023,28,,Continuidad sin cambio explícito,54,28,28,0
UH0147,2026,SCIAN 2023,28,,Continuidad sin cambio explícito,54,28,28,0
UH0148,2010,SCIAN 2007,1,,Continuidad sin cambio explícito,54,1,1,0
UH0148,2011,SCIAN 2007,1,,Continuidad sin cambio explícito,54,1,1,0
UH0148,2012,SCIAN 2007,1,,Continuidad sin cambio explícito,54,1,1,0
UH0148,2013,SCIAN 2007,1,,Continuidad sin cambio explícito,54,1,1,0
UH0148,2015,SCIAN 2013,0,,Continuidad sin cambio explícito,54,0,0,0
UH0148,2016,SCIAN 2013,0,,Continuidad sin cambio explícito,54,0,0,0
UH0148,2017,SCIAN 2013,0,,Continuidad sin cambio explícito,54,0,0,0
UH0148,2018,SCIAN 2018,0,,Continuidad sin cambio explícito,54,0,0,0
UH0148,2019,SCIAN 2018,1,,Continuidad sin cambio explícito,54,1,1,0
UH0148,2020,SCIAN 2018,1,,Continuidad sin cambio explícito,54,1,1,0
UH0148,2021,SCIAN 2018,1,,Continuidad sin cambio explícito,54,1,1,0
UH0148,2022,SCIAN 2018,1,,Continuidad sin cambio explícito,54,1,1,0
UH0148,2023,SCIAN 2018,1,,Continuidad sin cambio explícito,54,1,1,0
UH0148,2024,SCIAN 2023,0,,Continuidad sin cambio explícito,54,0,0,0
UH0148,2025,SCIAN 2023,0,,Continuidad sin cambio explícito,54,0,0,0
UH0148,2026,SCIAN 2023,0,,Continuidad sin cambio explícito,54,0,0,0
UH0149,2010,SCIAN 2007,0,,Continuidad sin cambio explícito,54,0,0,0
UH0149,2011,SCIAN 2007,0,,Continuidad sin cambio explícito,54,0,0,0
UH0149,2012,SCIAN 2007,0,,Continuidad sin cambio explícito,54,0,0,0
UH0149,2013,SCIAN 2007,0,,Continuidad sin cambio explícito,54,0,0,0
UH0149,2015,SCIAN 2013,1,,Continuidad sin cambio explícito,54,1,1,0
UH0149,2016,SCIAN 2013,1,,Continuidad sin cambio explícito,54,1,1,0
UH0149,2017,SCIAN 2013,1,,Continuidad sin cambio explícito,54,1,1,0
UH0149,2018,SCIAN 2018,1,,Continuidad sin cambio explícito,54,1,1,0
UH0149,2019,SCIAN 2018,1,,Continuidad sin cambio explícito,54,1,1,0
UH0149,2020,SCIAN 2018,1,,Continuidad sin cambio explícito,54,1,1,0
UH0149,2021,SCIAN 2018,1,,Continuidad sin cambio explícito,54,1,1,0
UH0149,2022,SCIAN 2018,1,,Continuidad sin cambio explícito,54,1,1,0
UH0149,2023,SCIAN 2018,1,,Continuidad sin cambio explícito,54,1,1,0
UH0149,2024,SCIAN 2023,1,,Continuidad sin cambio explícito,54,1,1,0
UH0149,2025,SCIAN 2023,1,,Continuidad sin cambio explícito,54,1,1,0
UH0149,2026,SCIAN 2023,1,,Continuidad sin cambio explícito,54,1,1,0
UH0150,2010,SCIAN 2007,7,,Continuidad sin cambio explícito,54,7,7,0
UH0150,2011,SCIAN 2007,9,,Continuidad sin cambio explícito,54,9,9,0
UH0150,2012,SCIAN 2007,10,,Continuidad sin cambio explícito,54,10,10,0
UH0150,2013,SCIAN 2007,11,,Continuidad sin cambio explícito,54,11,11,0
UH0150,2015,SCIAN 2013,8,,Continuidad sin cambio explícito,54,8,8,0
UH0150,2016,SCIAN 2013,8,,Continuidad sin cambio explícito,54,8,8,0
UH0150,2017,SCIAN 2013,8,,Continuidad sin cambio explícito,54,8,8,0
UH0150,2018,SCIAN 2018,8,,Continuidad sin cambio explícito,54,8,8,0
UH0150,2019,SCIAN 2018,7,,Continuidad sin cambio explícito,54,7,7,0
UH0150,2020,SCIAN 2018,7,,Continuidad sin cambio explícito,54,7,7,0
UH0150,2021,SCIAN 2018,7,,Continuidad sin cambio explícito,54,7,7,0
UH0150,2022,SCIAN 2018,7,,Continuidad sin cambio explícito,54,7,7,0
UH0150,2023,SCIAN 2018,6,,Continuidad sin cambio explícito,54,6,6,0
UH0150,2024,SCIAN 2023,3,,Continuidad sin cambio explícito,54,3,3,0
UH0150,2025,SCIAN 2023,4,,Continuidad sin cambio explícito,54,4,4,0
UH0150,2026,SCIAN 2023,4,,Continuidad sin cambio explícito,54,4,4,0
UH0151,2010,SCIAN 2007,0,,Continuidad sin cambio explícito,54,0,0,0
UH0151,2011,SCIAN 2007,0,,Continuidad sin cambio explícito,54,0,0,0
UH0151,2012,SCIAN 2007,0,,Continuidad sin cambio explícito,54,0,0,0
UH0151,2013,SCIAN 2007,0,,Continuidad sin cambio explícito,54,0,0,0
UH0151,2015,SCIAN 2013,1,,Continuidad sin cambio explícito,54,1,1,0
UH0151,2016,SCIAN 2013,1,,Continuidad sin cambio explícito,54,1,1,0
UH0151,2017,SCIAN 2013,1,,Continuidad sin cambio explícito,54,1,1,0
UH0151,2018,SCIAN 2018,1,,Continuidad sin cambio explícito,54,1,1,0
UH0151,2019,SCIAN 2018,1,,Continuidad sin cambio explícito,54,1,1,0
UH0151,2020,SCIAN 2018,1,,Continuidad sin cambio explícito,54,1,1,0
UH0151,2021,SCIAN 2018,1,,Continuidad sin cambio explícito,54,1,1,0
UH0151,2022,SCIAN 2018,1,,Continuidad sin cambio explícito,54,1,1,0
UH0151,2023,SCIAN 2018,1,,Continuidad sin cambio explícito,54,1,1,0
UH0151,2024,SCIAN 2023,0,,Continuidad sin cambio explícito,54,0,0,0
UH0151,2025,SCIAN 2023,0,,Continuidad sin cambio explícito,54,0,0,0
UH0151,2026,SCIAN 2023,0,,Continuidad sin cambio explícito,54,0,0,0
UH0152,2010,SCIAN 2007,59,,Continuidad sin cambio explícito,54,59,59,0
UH0152,2011,SCIAN 2007,59,,Continuidad sin cambio explícito,54,59,59,0
UH0152,2012,SCIAN 2007,60,,Continuidad sin cambio explícito,54,60,60,0
UH0152,2013,SCIAN 2007,62,,Continuidad sin cambio explícito,54,62,62,0
UH0152,2015,SCIAN 2013,38,,Continuidad sin cambio explícito,54,38,38,0
UH0152,2016,SCIAN 2013,41,,Continuidad sin cambio explícito,54,41,41,0
UH0152,2017,SCIAN 2013,41,,Continuidad sin cambio explícito,54,41,41,0
UH0152,2018,SCIAN 2018,42,,Continuidad sin cambio explícito,54,42,42,0
UH0152,2019,SCIAN 2018,31,,Continuidad sin cambio explícito,54,31,31,0
UH0152,2020,SCIAN 2018,33,,Continuidad sin cambio explícito,54,33,33,0
UH0152,2021,SCIAN 2018,34,,Continuidad sin cambio explícito,54,34,34,0
UH0152,2022,SCIAN 2018,34,,Continuidad sin cambio explícito,54,34,34,0
UH0152,2023,SCIAN 2018,34,,Continuidad sin cambio explícito,54,34,34,0
UH0152,2024,SCIAN 2023,22,,Continuidad sin cambio explícito,54,22,22,0
UH0152,2025,SCIAN 2023,24,,Continuidad sin cambio explícito,54,24,24,0
UH0152,2026,SCIAN 2023,24,,Continuidad sin cambio explícito,54,24,24,0
UH0153,2010,SCIAN 2007,2,,Continuidad sin cambio explícito,54,2,2,0
UH0153,2011,SCIAN 2007,3,,Continuidad sin cambio explícito,54,3,3,0
UH0153,2012,SCIAN 2007,3,,Continuidad sin cambio explícito,54,3,3,0
UH0153,2013,SCIAN 2007,4,,Continuidad sin cambio explícito,54,4,4,0
UH0153,2015,SCIAN 2013,5,,Continuidad sin cambio explícito,54,5,5,0
UH0153,2016,SCIAN 2013,5,,Continuidad sin cambio explícito,54,5,5,0
UH0153,2017,SCIAN 2013,6,,Continuidad sin cambio explícito,54,6,6,0
UH0153,2018,SCIAN 2018,6,,Continuidad sin cambio explícito,54,6,6,0
UH0153,2019,SCIAN 2018,3,,Continuidad sin cambio explícito,54,3,3,0
UH0153,2020,SCIAN 2018,3,,Continuidad sin cambio explícito,54,3,3,0
UH0153,2021,SCIAN 2018,2,,Continuidad sin cambio explícito,54,2,2,0
UH0153,2022,SCIAN 2018,2,,Continuidad sin cambio explícito,54,2,2,0
UH0153,2023,SCIAN 2018,2,,Continuidad sin cambio explícito,54,2,2,0
UH0153,2024,SCIAN 2023,0,,Continuidad sin cambio explícito,54,0,0,0
UH0153,2025,SCIAN 2023,0,,Continuidad sin cambio explícito,54,0,0,0
UH0153,2026,SCIAN 2023,0,,Continuidad sin cambio explícito,54,0,0,0
UH0154,2010,SCIAN 2007,99,,Continuidad sin cambio explícito,54,99,99,0
UH0154,2011,SCIAN 2007,98,,Continuidad sin cambio explícito,54,98,98,0
UH0154,2012,SCIAN 2007,98,,Continuidad sin cambio explícito,54,98,98,0
UH0154,2013,SCIAN 2007,98,,Continuidad sin cambio explícito,54,98,98,0
UH0154,2015,SCIAN 2013,91,,Continuidad sin cambio explícito,54,91,91,0
UH0154,2016,SCIAN 2013,91,,Continuidad sin cambio explícito,54,91,91,0
UH0154,2017,SCIAN 2013,91,,Continuidad sin cambio explícito,54,91,91,0
UH0154,2018,SCIAN 2018,91,,Continuidad sin cambio explícito,54,91,91,0
UH0154,2019,SCIAN 2018,91,,Continuidad sin cambio explícito,54,91,91,0
UH0154,2020,SCIAN 2018,93,,Continuidad sin cambio explícito,54,93,93,0
UH0154,2021,SCIAN 2018,93,,Continuidad sin cambio explícito,54,93,93,0
UH0154,2022,SCIAN 2018,93,,Continuidad sin cambio explícito,54,93,93,0
UH0154,2023,SCIAN 2018,92,,Continuidad sin cambio explícito,54,92,92,0
UH0154,2024,SCIAN 2023,80,,Continuidad sin cambio explícito,54,80,80,0
UH0154,2025,SCIAN 2023,83,,Continuidad sin cambio explícito,54,83,83,0
UH0154,2026,SCIAN 2023,83,,Continuidad sin cambio explícito,54,83,83,0
UH0155,2010,SCIAN 2007,76,,Continuidad sin cambio explícito,54,76,76,0
UH0155,2011,SCIAN 2007,76,,Continuidad sin cambio explícito,54,76,76,0
UH0155,2012,SCIAN 2007,76,,Continuidad sin cambio explícito,54,76,76,0
UH0155,2013,SCIAN 2007,75,,Continuidad sin cambio explícito,54,75,75,0
UH0155,2015,SCIAN 2013,100,,Continuidad sin cambio explícito,54,100,100,0
UH0155,2016,SCIAN 2013,110,,Continuidad sin cambio explícito,54,110,110,0
UH0155,2017,SCIAN 2013,110,,Continuidad sin cambio explícito,54,110,110,0
UH0155,2018,SCIAN 2018,110,,Continuidad sin cambio explícito,54,110,110,0
UH0155,2019,SCIAN 2018,162,,Continuidad sin cambio explícito,54,162,162,0
UH0155,2020,SCIAN 2018,158,,Continuidad sin cambio explícito,54,158,158,0
UH0155,2021,SCIAN 2018,159,,Continuidad sin cambio explícito,54,159,159,0
UH0155,2022,SCIAN 2018,159,,Continuidad sin cambio explícito,54,159,159,0
UH0155,2023,SCIAN 2018,158,,Continuidad sin cambio explícito,54,158,158,0
UH0155,2024,SCIAN 2023,217,,Continuidad sin cambio explícito,54,217,217,0
UH0155,2025,SCIAN 2023,218,,Continuidad sin cambio explícito,54,218,218,0
UH0155,2026,SCIAN 2023,218,,Continuidad sin cambio explícito,54,218,218,0
UH0156,2010,SCIAN 2007,1,,Continuidad sin cambio explícito,54,1,1,0
UH0156,2011,SCIAN 2007,1,,Continuidad sin cambio explícito,54,1,1,0
UH0156,2012,SCIAN 2007,1,,Continuidad sin cambio explícito,54,1,1,0
UH0156,2013,SCIAN 2007,1,,Continuidad sin cambio explícito,54,1,1,0
UH0156,2015,SCIAN 2013,3,,Continuidad sin cambio explícito,54,3,3,0
UH0156,2016,SCIAN 2013,3,,Continuidad sin cambio explícito,54,3,3,0
UH0156,2017,SCIAN 2013,3,,Continuidad sin cambio explícito,54,3,3,0
UH0156,2018,SCIAN 2018,3,,Continuidad sin cambio explícito,54,3,3,0
UH0156,2019,SCIAN 2018,2,,Continuidad sin cambio explícito,54,2,2,0
UH0156,2020,SCIAN 2018,2,,Continuidad sin cambio explícito,54,2,2,0
UH0156,2021,SCIAN 2018,2,,Continuidad sin cambio explícito,54,2,2,0
UH0156,2022,SCIAN 2018,2,,Continuidad sin cambio explícito,54,2,2,0
UH0156,2023,SCIAN 2018,2,,Continuidad sin cambio explícito,54,2,2,0
UH0156,2024,SCIAN 2023,2,,Continuidad sin cambio explícito,54,2,2,0
UH0156,2025,SCIAN 2023,2,,Continuidad sin cambio explícito,54,2,2,0
UH0156,2026,SCIAN 2023,2,,Continuidad sin cambio explícito,54,2,2,0
UH0157,2010,SCIAN 2007,3,,Continuidad sin cambio explícito,54,3,3,0
UH0157,2011,SCIAN 2007,3,,Continuidad sin cambio explícito,54,3,3,0
UH0157,2012,SCIAN 2007,3,,Continuidad sin cambio explícito,54,3,3,0
UH0157,2013,SCIAN 2007,3,,Continuidad sin cambio explícito,54,3,3,0
UH0157,2015,SCIAN 2013,3,,Continuidad sin cambio explícito,54,3,3,0
UH0157,2016,SCIAN 2013,3,,Continuidad sin cambio explícito,54,3,3,0
UH0157,2017,SCIAN 2013,3,,Continuidad sin cambio explícito,54,3,3,0
UH0157,2018,SCIAN 2018,3,,Continuidad sin cambio explícito,54,3,3,0
UH0157,2019,SCIAN 2018,2,,Continuidad sin cambio explícito,54,2,2,0
UH0157,2020,SCIAN 2018,2,,Continuidad sin cambio explícito,54,2,2,0
UH0157,2021,SCIAN 2018,2,,Continuidad sin cambio explícito,54,2,2,0
UH0157,2022,SCIAN 2018,2,,Continuidad sin cambio explícito,54,2,2,0
UH0157,2023,SCIAN 2018,2,,Continuidad sin cambio explícito,54,2,2,0
UH0157,2024,SCIAN 2023,1,,Continuidad sin cambio explícito,54,1,1,0
UH0157,2025,SCIAN 2023,1,,Continuidad sin cambio explícito,54,1,1,0
UH0157,2026,SCIAN 2023,1,,Continuidad sin cambio explícito,54,1,1,0
UH0158,2010,SCIAN 2007,15,,Continuidad sin cambio explícito,54,15,15,0
UH0158,2011,SCIAN 2007,14,,Continuidad sin cambio explícito,54,14,14,0
UH0158,2012,SCIAN 2007,23,,Continuidad sin cambio explícito,54,23,23,0
UH0158,2013,SCIAN 2007,38,,Continuidad sin cambio explícito,54,38,38,0
UH0158,2015,SCIAN 2013,6,,Continuidad sin cambio explícito,54,6,6,0
UH0158,2016,SCIAN 2013,6,,Continuidad sin cambio explícito,54,6,6,0
UH0158,2017,SCIAN 2013,6,,Continuidad sin cambio explícito,54,6,6,0
UH0158,2018,SCIAN 2018,6,,Continuidad sin cambio explícito,54,6,6,0
UH0158,2019,SCIAN 2018,3,,Continuidad sin cambio explícito,54,3,3,0
UH0158,2020,SCIAN 2018,1,,Continuidad sin cambio explícito,54,1,1,0
UH0158,2021,SCIAN 2018,2,,Continuidad sin cambio explícito,54,2,2,0
UH0158,2022,SCIAN 2018,2,,Continuidad sin cambio explícito,54,2,2,0
UH0158,2023,SCIAN 2018,2,,Continuidad sin cambio explícito,54,2,2,0
UH0158,2024,SCIAN 2023,1,,Continuidad sin cambio explícito,54,1,1,0
UH0158,2025,SCIAN 2023,0,,Continuidad sin cambio explícito,54,0,0,0
UH0158,2026,SCIAN 2023,0,,Continuidad sin cambio explícito,54,0,0,0
UH0159,2010,SCIAN 2007,26,,Continuidad sin cambio explícito,56,26,26,0
UH0159,2011,SCIAN 2007,28,,Continuidad sin cambio explícito,56,28,28,0
UH0159,2012,SCIAN 2007,31,,Continuidad sin cambio explícito,56,31,31,0
UH0159,2013,SCIAN 2007,41,,Continuidad sin cambio explícito,56,41,41,0
UH0159,2015,SCIAN 2013,32,,Continuidad sin cambio explícito,56,32,32,0
UH0159,2016,SCIAN 2013,36,,Continuidad sin cambio explícito,56,36,36,0
UH0159,2017,SCIAN 2013,36,,Continuidad sin cambio explícito,56,36,36,0
UH0159,2018,SCIAN 2018,36,,Continuidad sin cambio explícito,56,36,36,0
UH0159,2019,SCIAN 2018,15,,Continuidad sin cambio explícito,56,15,15,0
UH0159,2020,SCIAN 2018,30,,Continuidad sin cambio explícito,56,30,30,0
UH0159,2021,SCIAN 2018,30,,Continuidad sin cambio explícito,56,30,30,0
UH0159,2022,SCIAN 2018,27,,Continuidad sin cambio explícito,56,27,27,0
UH0159,2023,SCIAN 2018,28,,Continuidad sin cambio explícito,56,28,28,0
UH0159,2024,SCIAN 2023,17,,Continuidad sin cambio explícito,56,17,17,0
UH0159,2025,SCIAN 2023,15,,Continuidad sin cambio explícito,56,15,15,0
UH0159,2026,SCIAN 2023,14,,Continuidad sin cambio explícito,56,14,14,0
UH0160,2010,SCIAN 2007,1,,Continuidad sin cambio explícito,56,1,1,0
UH0160,2011,SCIAN 2007,1,,Continuidad sin cambio explícito,56,1,1,0
UH0160,2012,SCIAN 2007,1,,Continuidad sin cambio explícito,56,1,1,0
UH0160,2013,SCIAN 2007,2,,Continuidad sin cambio explícito,56,2,2,0
UH0160,2015,SCIAN 2013,2,,Continuidad sin cambio explícito,56,2,2,0
UH0160,2016,SCIAN 2013,1,,Continuidad sin cambio explícito,56,1,1,0
UH0160,2017,SCIAN 2013,2,,Continuidad sin cambio explícito,56,2,2,0
UH0160,2018,SCIAN 2018,2,,Continuidad sin cambio explícito,56,2,2,0
UH0160,2019,SCIAN 2018,1,,Continuidad sin cambio explícito,56,1,1,0
UH0160,2020,SCIAN 2018,2,,Continuidad sin cambio explícito,56,2,2,0
UH0160,2021,SCIAN 2018,2,,Continuidad sin cambio explícito,56,2,2,0
UH0160,2022,SCIAN 2018,2,,Continuidad sin cambio explícito,56,2,2,0
UH0160,2023,SCIAN 2018,2,,Continuidad sin cambio explícito,56,2,2,0
UH0160,2024,SCIAN 2023,3,,Continuidad sin cambio explícito,56,3,3,0
UH0160,2025,SCIAN 2023,3,,Continuidad sin cambio explícito,56,3,3,0
UH0160,2026,SCIAN 2023,3,,Continuidad sin cambio explícito,56,3,3,0
UH0161,2010,SCIAN 2007,5,,Continuidad sin cambio explícito,56,5,5,0
UH0161,2011,SCIAN 2007,6,,Continuidad sin cambio explícito,56,6,6,0
UH0161,2012,SCIAN 2007,7,,Continuidad sin cambio explícito,56,7,7,0
UH0161,2013,SCIAN 2007,7,,Continuidad sin cambio explícito,56,7,7,0
UH0161,2015,SCIAN 2013,13,,Continuidad sin cambio explícito,56,13,13,0
UH0161,2016,SCIAN 2013,18,,Continuidad sin cambio explícito,56,18,18,0
UH0161,2017,SCIAN 2013,21,,Continuidad sin cambio explícito,56,21,21,0
UH0161,2018,SCIAN 2018,21,,Continuidad sin cambio explícito,56,21,21,0
UH0161,2019,SCIAN 2018,7,,Continuidad sin cambio explícito,56,7,7,0
UH0161,2020,SCIAN 2018,6,,Continuidad sin cambio explícito,56,6,6,0
UH0161,2021,SCIAN 2018,5,,Continuidad sin cambio explícito,56,5,5,0
UH0161,2022,SCIAN 2018,5,,Continuidad sin cambio explícito,56,5,5,0
UH0161,2023,SCIAN 2018,4,,Continuidad sin cambio explícito,56,4,4,0
UH0161,2024,SCIAN 2023,2,,Continuidad sin cambio explícito,56,2,2,0
UH0161,2025,SCIAN 2023,3,,Continuidad sin cambio explícito,56,3,3,0
UH0161,2026,SCIAN 2023,3,,Continuidad sin cambio explícito,56,3,3,0
UH0162,2010,SCIAN 2007,1,,Continuidad sin cambio explícito,56,1,1,0
UH0162,2011,SCIAN 2007,1,,Continuidad sin cambio explícito,56,1,1,0
UH0162,2012,SCIAN 2007,2,,Continuidad sin cambio explícito,56,2,2,0
UH0162,2013,SCIAN 2007,2,,Continuidad sin cambio explícito,56,2,2,0
UH0162,2015,SCIAN 2013,6,,Continuidad sin cambio explícito,56,6,6,0
UH0162,2016,SCIAN 2013,5,,Continuidad sin cambio explícito,56,5,5,0
UH0162,2017,SCIAN 2013,5,,Continuidad sin cambio explícito,56,5,5,0
UH0162,2018,SCIAN 2018,5,,Continuidad sin cambio explícito,56,5,5,0
UH0162,2019,SCIAN 2018,4,,Continuidad sin cambio explícito,56,4,4,0
UH0162,2020,SCIAN 2018,4,,Continuidad sin cambio explícito,56,4,4,0
UH0162,2021,SCIAN 2018,4,,Continuidad sin cambio explícito,56,4,4,0
UH0162,2022,SCIAN 2018,4,,Continuidad sin cambio explícito,56,4,4,0
UH0162,2023,SCIAN 2018,4,,Continuidad sin cambio explícito,56,4,4,0
UH0162,2024,SCIAN 2023,2,,Continuidad sin cambio explícito,56,2,2,0
UH0162,2025,SCIAN 2023,2,,Continuidad sin cambio explícito,56,2,2,0
UH0162,2026,SCIAN 2023,2,,Continuidad sin cambio explícito,56,2,2,0
UH0163,2010,SCIAN 2007,7,,Continuidad sin cambio explícito,56,7,7,0
UH0163,2011,SCIAN 2007,6,,Continuidad sin cambio explícito,56,6,6,0
UH0163,2012,SCIAN 2007,8,,Continuidad sin cambio explícito,56,8,8,0
UH0163,2013,SCIAN 2007,8,,Continuidad sin cambio explícito,56,8,8,0
UH0163,2015,SCIAN 2013,12,,Continuidad sin cambio explícito,56,12,12,0
UH0163,2016,SCIAN 2013,16,,Continuidad sin cambio explícito,56,16,16,0
UH0163,2017,SCIAN 2013,17,,Continuidad sin cambio explícito,56,17,17,0
UH0163,2018,SCIAN 2018,16,,Continuidad sin cambio explícito,56,16,16,0
UH0163,2019,SCIAN 2018,19,,Continuidad sin cambio explícito,56,19,19,0
UH0163,2020,SCIAN 2018,18,,Continuidad sin cambio explícito,56,18,18,0
UH0163,2021,SCIAN 2018,18,,Continuidad sin cambio explícito,56,18,18,0
UH0163,2022,SCIAN 2018,14,,Continuidad sin cambio explícito,56,14,14,0
UH0163,2023,SCIAN 2018,9,,Continuidad sin cambio explícito,56,9,9,0
UH0163,2024,SCIAN 2023,6,,Continuidad sin cambio explícito,56,6,6,0
UH0163,2025,SCIAN 2023,6,,Continuidad sin cambio explícito,56,6,6,0
UH0163,2026,SCIAN 2023,5,,Continuidad sin cambio explícito,56,5,5,0
UH0164,2010,SCIAN 2007,4,,Continuidad sin cambio explícito,56,4,4,0
UH0164,2011,SCIAN 2007,4,,Continuidad sin cambio explícito,56,4,4,0
UH0164,2012,SCIAN 2007,3,,Continuidad sin cambio explícito,56,3,3,0
UH0164,2013,SCIAN 2007,3,,Continuidad sin cambio explícito,56,3,3,0
UH0164,2015,SCIAN 2013,0,,Continuidad sin cambio explícito,56,0,0,0
UH0164,2016,SCIAN 2013,0,,Continuidad sin cambio explícito,56,0,0,0
UH0164,2017,SCIAN 2013,0,,Continuidad sin cambio explícito,56,0,0,0
UH0164,2018,SCIAN 2018,0,,Continuidad sin cambio explícito,56,0,0,0
UH0164,2019,SCIAN 2018,0,,Continuidad sin cambio explícito,56,0,0,0
UH0164,2020,SCIAN 2018,0,,Continuidad sin cambio explícito,56,0,0,0
UH0164,2021,SCIAN 2018,0,,Continuidad sin cambio explícito,56,0,0,0
UH0164,2022,SCIAN 2018,0,,Continuidad sin cambio explícito,56,0,0,0
UH0164,2023,SCIAN 2018,0,,Continuidad sin cambio explícito,56,0,0,0
UH0164,2024,SCIAN 2023,0,,Continuidad sin cambio explícito,56,0,0,0
UH0164,2025,SCIAN 2023,0,,Continuidad sin cambio explícito,56,0,0,0
UH0164,2026,SCIAN 2023,0,,Continuidad sin cambio explícito,56,0,0,0
UH0165,2010,SCIAN 2007,74,,Continuidad sin cambio explícito,56,74,74,0
UH0165,2011,SCIAN 2007,74,,Continuidad sin cambio explícito,56,74,74,0
UH0165,2012,SCIAN 2007,69,,Continuidad sin cambio explícito,56,69,69,0
UH0165,2013,SCIAN 2007,66,,Continuidad sin cambio explícito,56,66,66,0
UH0165,2015,SCIAN 2013,34,,Continuidad sin cambio explícito,56,34,34,0
UH0165,2016,SCIAN 2013,8,,Continuidad sin cambio explícito,56,8,8,0
UH0165,2017,SCIAN 2013,8,,Continuidad sin cambio explícito,56,8,8,0
UH0165,2018,SCIAN 2018,8,,Continuidad sin cambio explícito,56,8,8,0
UH0165,2019,SCIAN 2018,3,,Continuidad sin cambio explícito,56,3,3,0
UH0165,2020,SCIAN 2018,4,,Continuidad sin cambio explícito,56,4,4,0
UH0165,2021,SCIAN 2018,4,,Continuidad sin cambio explícito,56,4,4,0
UH0165,2022,SCIAN 2018,4,,Continuidad sin cambio explícito,56,4,4,0
UH0165,2023,SCIAN 2018,4,,Continuidad sin cambio explícito,56,4,4,0
UH0165,2024,SCIAN 2023,1,,Continuidad sin cambio explícito,56,1,1,0
UH0165,2025,SCIAN 2023,1,,Continuidad sin cambio explícito,56,1,1,0
UH0165,2026,SCIAN 2023,1,,Continuidad sin cambio explícito,56,1,1,0
UH0166,2010,SCIAN 2007,1,,Continuidad sin cambio explícito,56,1,1,0
UH0166,2011,SCIAN 2007,1,,Continuidad sin cambio explícito,56,1,1,0
UH0166,2012,SCIAN 2007,1,,Continuidad sin cambio explícito,56,1,1,0
UH0166,2013,SCIAN 2007,1,,Continuidad sin cambio explícito,56,1,1,0
UH0166,2015,SCIAN 2013,1,,Continuidad sin cambio explícito,56,1,1,0
UH0166,2016,SCIAN 2013,1,,Continuidad sin cambio explícito,56,1,1,0
UH0166,2017,SCIAN 2013,1,,Continuidad sin cambio explícito,56,1,1,0
UH0166,2018,SCIAN 2018,1,,Continuidad sin cambio explícito,56,1,1,0
UH0166,2019,SCIAN 2018,2,,Continuidad sin cambio explícito,56,2,2,0
UH0166,2020,SCIAN 2018,2,,Continuidad sin cambio explícito,56,2,2,0
UH0166,2021,SCIAN 2018,2,,Continuidad sin cambio explícito,56,2,2,0
UH0166,2022,SCIAN 2018,2,,Continuidad sin cambio explícito,56,2,2,0
UH0166,2023,SCIAN 2018,3,,Continuidad sin cambio explícito,56,3,3,0
UH0166,2024,SCIAN 2023,3,,Continuidad sin cambio explícito,56,3,3,0
UH0166,2025,SCIAN 2023,6,,Continuidad sin cambio explícito,56,6,6,0
UH0166,2026,SCIAN 2023,7,,Continuidad sin cambio explícito,56,7,7,0
UH0167,2010,SCIAN 2007,119,,Continuidad sin cambio explícito,56,119,119,0
UH0167,2011,SCIAN 2007,119,,Continuidad sin cambio explícito,56,119,119,0
UH0167,2012,SCIAN 2007,119,,Continuidad sin cambio explícito,56,119,119,0
UH0167,2013,SCIAN 2007,121,,Continuidad sin cambio explícito,56,121,121,0
UH0167,2015,SCIAN 2013,110,,Continuidad sin cambio explícito,56,110,110,0
UH0167,2016,SCIAN 2013,109,,Continuidad sin cambio explícito,56,109,109,0
UH0167,2017,SCIAN 2013,109,,Continuidad sin cambio explícito,56,109,109,0
UH0167,2018,SCIAN 2018,109,,Continuidad sin cambio explícito,56,109,109,0
UH0167,2019,SCIAN 2018,109,,Continuidad sin cambio explícito,56,109,109,0
UH0167,2020,SCIAN 2018,112,,Continuidad sin cambio explícito,56,112,112,0
UH0167,2021,SCIAN 2018,109,,Continuidad sin cambio explícito,56,109,109,0
UH0167,2022,SCIAN 2018,109,,Continuidad sin cambio explícito,56,109,109,0
UH0167,2023,SCIAN 2018,109,,Continuidad sin cambio explícito,56,109,109,0
UH0167,2024,SCIAN 2023,112,,Continuidad sin cambio explícito,56,112,112,0
UH0167,2025,SCIAN 2023,115,,Continuidad sin cambio explícito,56,115,115,0
UH0167,2026,SCIAN 2023,115,,Continuidad sin cambio explícito,56,115,115,0
UH0168,2010,SCIAN 2007,578,,Continuidad sin cambio explícito,56,578,578,0
UH0168,2011,SCIAN 2007,578,,Continuidad sin cambio explícito,56,578,578,0
UH0168,2012,SCIAN 2007,580,,Continuidad sin cambio explícito,56,580,580,0
UH0168,2013,SCIAN 2007,584,,Continuidad sin cambio explícito,56,584,584,0
UH0168,2015,SCIAN 2013,560,,Continuidad sin cambio explícito,56,560,560,0
UH0168,2016,SCIAN 2013,567,,Continuidad sin cambio explícito,56,567,567,0
UH0168,2017,SCIAN 2013,567,,Continuidad sin cambio explícito,56,567,567,0
UH0168,2018,SCIAN 2018,567,,Continuidad sin cambio explícito,56,567,567,0
UH0168,2019,SCIAN 2018,291,,Continuidad sin cambio explícito,56,291,291,0
UH0168,2020,SCIAN 2018,296,,Continuidad sin cambio explícito,56,296,296,0
UH0168,2021,SCIAN 2018,295,,Continuidad sin cambio explícito,56,295,295,0
UH0168,2022,SCIAN 2018,295,,Continuidad sin cambio explícito,56,295,295,0
UH0168,2023,SCIAN 2018,293,,Continuidad sin cambio explícito,56,293,293,0
UH0168,2024,SCIAN 2023,156,,Continuidad sin cambio explícito,56,156,156,0
UH0168,2025,SCIAN 2023,153,,Continuidad sin cambio explícito,56,153,153,0
UH0168,2026,SCIAN 2023,153,,Continuidad sin cambio explícito,56,153,153,0
UH0169,2010,SCIAN 2007,9,,Continuidad sin cambio explícito,56,9,9,0
UH0169,2011,SCIAN 2007,11,,Continuidad sin cambio explícito,56,11,11,0
UH0169,2012,SCIAN 2007,13,,Continuidad sin cambio explícito,56,13,13,0
UH0169,2013,SCIAN 2007,12,,Continuidad sin cambio explícito,56,12,12,0
UH0169,2015,SCIAN 2013,14,,Continuidad sin cambio explícito,56,14,14,0
UH0169,2016,SCIAN 2013,16,,Continuidad sin cambio explícito,56,16,16,0
UH0169,2017,SCIAN 2013,17,,Continuidad sin cambio explícito,56,17,17,0
UH0169,2018,SCIAN 2018,17,,Continuidad sin cambio explícito,56,17,17,0
UH0169,2019,SCIAN 2018,7,,Continuidad sin cambio explícito,56,7,7,0
UH0169,2020,SCIAN 2018,10,,Continuidad sin cambio explícito,56,10,10,0
UH0169,2021,SCIAN 2018,9,,Continuidad sin cambio explícito,56,9,9,0
UH0169,2022,SCIAN 2018,10,,Continuidad sin cambio explícito,56,10,10,0
UH0169,2023,SCIAN 2018,9,,Continuidad sin cambio explícito,56,9,9,0
UH0169,2024,SCIAN 2023,7,,Continuidad sin cambio explícito,56,7,7,0
UH0169,2025,SCIAN 2023,7,,Continuidad sin cambio explícito,56,7,7,0
UH0169,2026,SCIAN 2023,8,,Continuidad sin cambio explícito,56,8,8,0
UH0170,2010,SCIAN 2007,1,,Continuidad sin cambio explícito,56,1,1,0
UH0170,2011,SCIAN 2007,1,,Continuidad sin cambio explícito,56,1,1,0
UH0170,2012,SCIAN 2007,1,,Continuidad sin cambio explícito,56,1,1,0
UH0170,2013,SCIAN 2007,2,,Continuidad sin cambio explícito,56,2,2,0
UH0170,2015,SCIAN 2013,0,,Continuidad sin cambio explícito,56,0,0,0
UH0170,2016,SCIAN 2013,0,,Continuidad sin cambio explícito,56,0,0,0
UH0170,2017,SCIAN 2013,0,,Continuidad sin cambio explícito,56,0,0,0
UH0170,2018,SCIAN 2018,0,,Continuidad sin cambio explícito,56,0,0,0
UH0170,2019,SCIAN 2018,1,,Continuidad sin cambio explícito,56,1,1,0
UH0170,2020,SCIAN 2018,3,,Continuidad sin cambio explícito,56,3,3,0
UH0170,2021,SCIAN 2018,2,,Continuidad sin cambio explícito,56,2,2,0
UH0170,2022,SCIAN 2018,2,,Continuidad sin cambio explícito,56,2,2,0
UH0170,2023,SCIAN 2018,2,,Continuidad sin cambio explícito,56,2,2,0
UH0170,2024,SCIAN 2023,0,,Continuidad sin cambio explícito,56,0,0,0
UH0170,2025,SCIAN 2023,0,,Continuidad sin cambio explícito,56,0,0,0
UH0170,2026,SCIAN 2023,0,,Continuidad sin cambio explícito,56,0,0,0
UH0171,2010,SCIAN 2007,0,,Continuidad sin cambio explícito,56,0,0,0
UH0171,2011,SCIAN 2007,0,,Continuidad sin cambio explícito,56,0,0,0
UH0171,2012,SCIAN 2007,0,,Continuidad sin cambio explícito,56,0,0,0
UH0171,2013,SCIAN 2007,0,,Continuidad sin cambio explícito,56,0,0,0
UH0171,2015,SCIAN 2013,3,,Continuidad sin cambio explícito,56,3,3,0
UH0171,2016,SCIAN 2013,0,,Continuidad sin cambio explícito,56,0,0,0
UH0171,2017,SCIAN 2013,0,,Continuidad sin cambio explícito,56,0,0,0
UH0171,2018,SCIAN 2018,0,,Continuidad sin cambio explícito,56,0,0,0
UH0171,2019,SCIAN 2018,0,,Continuidad sin cambio explícito,56,0,0,0
UH0171,2020,SCIAN 2018,0,,Continuidad sin cambio explícito,56,0,0,0
UH0171,2021,SCIAN 2018,0,,Continuidad sin cambio explícito,56,0,0,0
UH0171,2022,SCIAN 2018,0,,Continuidad sin cambio explícito,56,0,0,0
UH0171,2023,SCIAN 2018,0,,Continuidad sin cambio explícito,56,0,0,0
UH0171,2024,SCIAN 2023,1,,Continuidad sin cambio explícito,56,1,1,0
UH0171,2025,SCIAN 2023,0,,Continuidad sin cambio explícito,56,0,0,0
UH0171,2026,SCIAN 2023,0,,Continuidad sin cambio explícito,56,0,0,0
UH0172,2010,SCIAN 2007,126,,Continuidad sin cambio explícito,56,126,126,0
UH0172,2011,SCIAN 2007,126,,Continuidad sin cambio explícito,56,126,126,0
UH0172,2012,SCIAN 2007,127,,Continuidad sin cambio explícito,56,127,127,0
UH0172,2013,SCIAN 2007,131,,Continuidad sin cambio explícito,56,131,131,0
UH0172,2015,SCIAN 2013,189,,Continuidad sin cambio explícito,56,189,189,0
UH0172,2016,SCIAN 2013,191,,Continuidad sin cambio explícito,56,191,191,0
UH0172,2017,SCIAN 2013,190,,Continuidad sin cambio explícito,56,190,190,0
UH0172,2018,SCIAN 2018,190,,Continuidad sin cambio explícito,56,190,190,0
UH0172,2019,SCIAN 2018,286,,Continuidad sin cambio explícito,56,286,286,0
UH0172,2020,SCIAN 2018,297,,Continuidad sin cambio explícito,56,297,297,0
UH0172,2021,SCIAN 2018,290,,Continuidad sin cambio explícito,56,290,290,0
UH0172,2022,SCIAN 2018,290,,Continuidad sin cambio explícito,56,290,290,0
UH0172,2023,SCIAN 2018,292,,Continuidad sin cambio explícito,56,292,292,0
UH0172,2024,SCIAN 2023,327,,Continuidad sin cambio explícito,56,327,327,0
UH0172,2025,SCIAN 2023,344,,Continuidad sin cambio explícito,56,344,344,0
UH0172,2026,SCIAN 2023,343,,Continuidad sin cambio explícito,56,343,343,0
UH0173,2010,SCIAN 2007,33,,Continuidad sin cambio explícito,56,33,33,0
UH0173,2011,SCIAN 2007,33,,Continuidad sin cambio explícito,56,33,33,0
UH0173,2012,SCIAN 2007,33,,Continuidad sin cambio explícito,56,33,33,0
UH0173,2013,SCIAN 2007,32,,Continuidad sin cambio explícito,56,32,32,0
UH0173,2015,SCIAN 2013,6,,Continuidad sin cambio explícito,56,6,6,0
UH0173,2016,SCIAN 2013,7,,Continuidad sin cambio explícito,56,7,7,0
UH0173,2017,SCIAN 2013,7,,Continuidad sin cambio explícito,56,7,7,0
UH0173,2018,SCIAN 2018,7,,Continuidad sin cambio explícito,56,7,7,0
UH0173,2019,SCIAN 2018,5,,Continuidad sin cambio explícito,56,5,5,0
UH0173,2020,SCIAN 2018,5,,Continuidad sin cambio explícito,56,5,5,0
UH0173,2021,SCIAN 2018,5,,Continuidad sin cambio explícito,56,5,5,0
UH0173,2022,SCIAN 2018,5,,Continuidad sin cambio explícito,56,5,5,0
UH0173,2023,SCIAN 2018,4,,Continuidad sin cambio explícito,56,4,4,0
UH0173,2024,SCIAN 2023,5,,Continuidad sin cambio explícito,56,5,5,0
UH0173,2025,SCIAN 2023,4,,Continuidad sin cambio explícito,56,4,4,0
UH0173,2026,SCIAN 2023,5,,Continuidad sin cambio explícito,56,5,5,0
UH0174,2010,SCIAN 2007,5,,Continuidad sin cambio explícito,56,5,5,0
UH0174,2011,SCIAN 2007,5,,Continuidad sin cambio explícito,56,5,5,0
UH0174,2012,SCIAN 2007,5,,Continuidad sin cambio explícito,56,5,5,0
UH0174,2013,SCIAN 2007,6,,Continuidad sin cambio explícito,56,6,6,0
UH0174,2015,SCIAN 2013,2,,Continuidad sin cambio explícito,56,2,2,0
UH0174,2016,SCIAN 2013,1,,Continuidad sin cambio explícito,56,1,1,0
UH0174,2017,SCIAN 2013,1,,Continuidad sin cambio explícito,56,1,1,0
UH0174,2018,SCIAN 2018,1,,Continuidad sin cambio explícito,56,1,1,0
UH0174,2019,SCIAN 2018,1,,Continuidad sin cambio explícito,56,1,1,0
UH0174,2020,SCIAN 2018,1,,Continuidad sin cambio explícito,56,1,1,0
UH0174,2021,SCIAN 2018,1,,Continuidad sin cambio explícito,56,1,1,0
UH0174,2022,SCIAN 2018,1,,Continuidad sin cambio explícito,56,1,1,0
UH0174,2023,SCIAN 2018,1,,Continuidad sin cambio explícito,56,1,1,0
UH0174,2024,SCIAN 2023,0,,Continuidad sin cambio explícito,56,0,0,0
UH0174,2025,SCIAN 2023,1,,Continuidad sin cambio explícito,56,1,1,0
UH0174,2026,SCIAN 2023,1,,Continuidad sin cambio explícito,56,1,1,0
UH0175,2010,SCIAN 2007,21,,Continuidad sin cambio explícito,56,21,21,0
UH0175,2011,SCIAN 2007,22,,Continuidad sin cambio explícito,56,22,22,0
UH0175,2012,SCIAN 2007,23,,Continuidad sin cambio explícito,56,23,23,0
UH0175,2013,SCIAN 2007,23,,Continuidad sin cambio explícito,56,23,23,0
UH0175,2015,SCIAN 2013,31,,Continuidad sin cambio explícito,56,31,31,0
UH0175,2016,SCIAN 2013,31,,Continuidad sin cambio explícito,56,31,31,0
UH0175,2017,SCIAN 2013,31,,Continuidad sin cambio explícito,56,31,31,0
UH0175,2018,SCIAN 2018,32,,Continuidad sin cambio explícito,56,32,32,0
UH0175,2019,SCIAN 2018,28,,Continuidad sin cambio explícito,56,28,28,0
UH0175,2020,SCIAN 2018,30,,Continuidad sin cambio explícito,56,30,30,0
UH0175,2021,SCIAN 2018,29,,Continuidad sin cambio explícito,56,29,29,0
UH0175,2022,SCIAN 2018,29,,Continuidad sin cambio explícito,56,29,29,0
UH0175,2023,SCIAN 2018,28,,Continuidad sin cambio explícito,56,28,28,0
UH0175,2024,SCIAN 2023,23,,Continuidad sin cambio explícito,56,23,23,0
UH0175,2025,SCIAN 2023,23,,Continuidad sin cambio explícito,56,23,23,0
UH0175,2026,SCIAN 2023,24,,Continuidad sin cambio explícito,56,24,24,0
UH0176,2010,SCIAN 2007,9,,Continuidad sin cambio explícito,56,9,9,0
UH0176,2011,SCIAN 2007,9,,Continuidad sin cambio explícito,56,9,9,0
UH0176,2012,SCIAN 2007,11,,Continuidad sin cambio explícito,56,11,11,0
UH0176,2013,SCIAN 2007,14,,Continuidad sin cambio explícito,56,14,14,0
UH0176,2015,SCIAN 2013,11,,Continuidad sin cambio explícito,56,11,11,0
UH0176,2016,SCIAN 2013,13,,Continuidad sin cambio explícito,56,13,13,0
UH0176,2017,SCIAN 2013,13,,Continuidad sin cambio explícito,56,13,13,0
UH0176,2018,SCIAN 2018,13,,Continuidad sin cambio explícito,56,13,13,0
UH0176,2019,SCIAN 2018,16,,Continuidad sin cambio explícito,56,16,16,0
UH0176,2020,SCIAN 2018,16,,Continuidad sin cambio explícito,56,16,16,0
UH0176,2021,SCIAN 2018,16,,Continuidad sin cambio explícito,56,16,16,0
UH0176,2022,SCIAN 2018,16,,Continuidad sin cambio explícito,56,16,16,0
UH0176,2023,SCIAN 2018,17,,Continuidad sin cambio explícito,56,17,17,0
UH0176,2024,SCIAN 2023,15,,Continuidad sin cambio explícito,56,15,15,0
UH0176,2025,SCIAN 2023,15,,Continuidad sin cambio explícito,56,15,15,0
UH0176,2026,SCIAN 2023,16,,Continuidad sin cambio explícito,56,16,16,0
UH0177,2010,SCIAN 2007,8,,Continuidad sin cambio explícito,56,8,8,0
UH0177,2011,SCIAN 2007,8,,Continuidad sin cambio explícito,56,8,8,0
UH0177,2012,SCIAN 2007,8,,Continuidad sin cambio explícito,56,8,8,0
UH0177,2013,SCIAN 2007,8,,Continuidad sin cambio explícito,56,8,8,0
UH0177,2015,SCIAN 2013,3,,Continuidad sin cambio explícito,56,3,3,0
UH0177,2016,SCIAN 2013,6,,Continuidad sin cambio explícito,56,6,6,0
UH0177,2017,SCIAN 2013,7,,Continuidad sin cambio explícito,56,7,7,0
UH0177,2018,SCIAN 2018,7,,Continuidad sin cambio explícito,56,7,7,0
UH0177,2019,SCIAN 2018,5,,Continuidad sin cambio explícito,56,5,5,0
UH0177,2020,SCIAN 2018,8,,Continuidad sin cambio explícito,56,8,8,0
UH0177,2021,SCIAN 2018,8,,Continuidad sin cambio explícito,56,8,8,0
UH0177,2022,SCIAN 2018,8,,Continuidad sin cambio explícito,56,8,8,0
UH0177,2023,SCIAN 2018,8,,Continuidad sin cambio explícito,56,8,8,0
UH0177,2024,SCIAN 2023,7,,Continuidad sin cambio explícito,56,7,7,0
UH0177,2025,SCIAN 2023,7,,Continuidad sin cambio explícito,56,7,7,0
UH0177,2026,SCIAN 2023,7,,Continuidad sin cambio explícito,56,7,7,0
UH0178,2010,SCIAN 2007,7,,Continuidad sin cambio explícito,56,7,7,0
UH0178,2011,SCIAN 2007,7,,Continuidad sin cambio explícito,56,7,7,0
UH0178,2012,SCIAN 2007,9,,Continuidad sin cambio explícito,56,9,9,0
UH0178,2013,SCIAN 2007,9,,Continuidad sin cambio explícito,56,9,9,0
UH0178,2015,SCIAN 2013,5,,Continuidad sin cambio explícito,56,5,5,0
UH0178,2016,SCIAN 2013,7,,Continuidad sin cambio explícito,56,7,7,0
UH0178,2017,SCIAN 2013,7,,Continuidad sin cambio explícito,56,7,7,0
UH0178,2018,SCIAN 2018,7,,Continuidad sin cambio explícito,56,7,7,0
UH0178,2019,SCIAN 2018,7,,Continuidad sin cambio explícito,56,7,7,0
UH0178,2020,SCIAN 2018,6,,Continuidad sin cambio explícito,56,6,6,0
UH0178,2021,SCIAN 2018,6,,Continuidad sin cambio explícito,56,6,6,0
UH0178,2022,SCIAN 2018,6,,Continuidad sin cambio explícito,56,6,6,0
UH0178,2023,SCIAN 2018,5,,Continuidad sin cambio explícito,56,5,5,0
UH0178,2024,SCIAN 2023,7,,Continuidad sin cambio explícito,56,7,7,0
UH0178,2025,SCIAN 2023,7,,Continuidad sin cambio explícito,56,7,7,0
UH0178,2026,SCIAN 2023,7,,Continuidad sin cambio explícito,56,7,7,0
UH0179,2010,SCIAN 2007,0,,Continuidad sin cambio explícito,56,0,0,0
UH0179,2011,SCIAN 2007,0,,Continuidad sin cambio explícito,56,0,0,0
UH0179,2012,SCIAN 2007,0,,Continuidad sin cambio explícito,56,0,0,0
UH0179,2013,SCIAN 2007,0,,Continuidad sin cambio explícito,56,0,0,0
UH0179,2015,SCIAN 2013,1,,Continuidad sin cambio explícito,56,1,1,0
UH0179,2016,SCIAN 2013,1,,Continuidad sin cambio explícito,56,1,1,0
UH0179,2017,SCIAN 2013,1,,Continuidad sin cambio explícito,56,1,1,0
UH0179,2018,SCIAN 2018,1,,Continuidad sin cambio explícito,56,1,1,0
UH0179,2019,SCIAN 2018,1,,Continuidad sin cambio explícito,56,1,1,0
UH0179,2020,SCIAN 2018,0,,Continuidad sin cambio explícito,56,0,0,0
UH0179,2021,SCIAN 2018,0,,Continuidad sin cambio explícito,56,0,0,0
UH0179,2022,SCIAN 2018,0,,Continuidad sin cambio explícito,56,0,0,0
UH0179,2023,SCIAN 2018,0,,Continuidad sin cambio explícito,56,0,0,0
UH0179,2024,SCIAN 2023,0,,Continuidad sin cambio explícito,56,0,0,0
UH0179,2025,SCIAN 2023,1,,Continuidad sin cambio explícito,56,1,1,0
UH0179,2026,SCIAN 2023,2,,Continuidad sin cambio explícito,56,2,2,0
UH0180,2010,SCIAN 2007,2,,Continuidad sin cambio explícito,56,2,2,0
UH0180,2011,SCIAN 2007,2,,Continuidad sin cambio explícito,56,2,2,0
UH0180,2012,SCIAN 2007,2,,Continuidad sin cambio explícito,56,2,2,0
UH0180,2013,SCIAN 2007,2,,Continuidad sin cambio explícito,56,2,2,0
UH0180,2015,SCIAN 2013,5,,Continuidad sin cambio explícito,56,5,5,0
UH0180,2016,SCIAN 2013,5,,Continuidad sin cambio explícito,56,5,5,0
UH0180,2017,SCIAN 2013,5,,Continuidad sin cambio explícito,56,5,5,0
UH0180,2018,SCIAN 2018,5,,Continuidad sin cambio explícito,56,5,5,0
UH0180,2019,SCIAN 2018,1,,Continuidad sin cambio explícito,56,1,1,0
UH0180,2020,SCIAN 2018,1,,Continuidad sin cambio explícito,56,1,1,0
UH0180,2021,SCIAN 2018,1,,Continuidad sin cambio explícito,56,1,1,0
UH0180,2022,SCIAN 2018,1,,Continuidad sin cambio explícito,56,1,1,0
UH0180,2023,SCIAN 2018,1,,Continuidad sin cambio explícito,56,1,1,0
UH0180,2024,SCIAN 2023,2,,Continuidad sin cambio explícito,56,2,2,0
UH0180,2025,SCIAN 2023,3,,Continuidad sin cambio explícito,56,3,3,0
UH0180,2026,SCIAN 2023,3,,Continuidad sin cambio explícito,56,3,3,0
UH0181,2010,SCIAN 2007,3,,Continuidad sin cambio explícito,56,3,3,0
UH0181,2011,SCIAN 2007,3,,Continuidad sin cambio explícito,56,3,3,0
UH0181,2012,SCIAN 2007,3,,Continuidad sin cambio explícito,56,3,3,0
UH0181,2013,SCIAN 2007,3,,Continuidad sin cambio explícito,56,3,3,0
UH0181,2015,SCIAN 2013,3,,Continuidad sin cambio explícito,56,3,3,0
UH0181,2016,SCIAN 2013,2,,Continuidad sin cambio explícito,56,2,2,0
UH0181,2017,SCIAN 2013,2,,Continuidad sin cambio explícito,56,2,2,0
UH0181,2018,SCIAN 2018,2,,Continuidad sin cambio explícito,56,2,2,0
UH0181,2019,SCIAN 2018,2,,Continuidad sin cambio explícito,56,2,2,0
UH0181,2020,SCIAN 2018,3,,Continuidad sin cambio explícito,56,3,3,0
UH0181,2021,SCIAN 2018,3,,Continuidad sin cambio explícito,56,3,3,0
UH0181,2022,SCIAN 2018,3,,Continuidad sin cambio explícito,56,3,3,0
UH0181,2023,SCIAN 2018,3,,Continuidad sin cambio explícito,56,3,3,0
UH0181,2024,SCIAN 2023,3,,Continuidad sin cambio explícito,56,3,3,0
UH0181,2025,SCIAN 2023,3,,Continuidad sin cambio explícito,56,3,3,0
UH0181,2026,SCIAN 2023,2,,Continuidad sin cambio explícito,56,2,2,0
UH0182,2010,SCIAN 2007,2,,Continuidad sin cambio explícito,56,2,2,0
UH0182,2011,SCIAN 2007,2,,Continuidad sin cambio explícito,56,2,2,0
UH0182,2012,SCIAN 2007,2,,Continuidad sin cambio explícito,56,2,2,0
UH0182,2013,SCIAN 2007,2,,Continuidad sin cambio explícito,56,2,2,0
UH0182,2015,SCIAN 2013,3,,Continuidad sin cambio explícito,56,3,3,0
UH0182,2016,SCIAN 2013,3,,Continuidad sin cambio explícito,56,3,3,0
UH0182,2017,SCIAN 2013,3,,Continuidad sin cambio explícito,56,3,3,0
UH0182,2018,SCIAN 2018,3,,Continuidad sin cambio explícito,56,3,3,0
UH0182,2019,SCIAN 2018,0,,Continuidad sin cambio explícito,56,0,0,0
UH0182,2020,SCIAN 2018,0,,Continuidad sin cambio explícito,56,0,0,0
UH0182,2021,SCIAN 2018,0,,Continuidad sin cambio explícito,56,0,0,0
UH0182,2022,SCIAN 2018,0,,Continuidad sin cambio explícito,56,0,0,0
UH0182,2023,SCIAN 2018,0,,Continuidad sin cambio explícito,56,0,0,0
UH0182,2024,SCIAN 2023,0,,Continuidad sin cambio explícito,56,0,0,0
UH0182,2025,SCIAN 2023,0,,Continuidad sin cambio explícito,56,0,0,0
UH0182,2026,SCIAN 2023,0,,Continuidad sin cambio explícito,56,0,0,0
UH0183,2010,SCIAN 2007,5,,Continuidad sin cambio explícito,56,5,5,0
UH0183,2011,SCIAN 2007,5,,Continuidad sin cambio explícito,56,5,5,0
UH0183,2012,SCIAN 2007,5,,Continuidad sin cambio explícito,56,5,5,0
UH0183,2013,SCIAN 2007,5,,Continuidad sin cambio explícito,56,5,5,0
UH0183,2015,SCIAN 2013,9,,Continuidad sin cambio explícito,56,9,9,0
UH0183,2016,SCIAN 2013,9,,Continuidad sin cambio explícito,56,9,9,0
UH0183,2017,SCIAN 2013,9,,Continuidad sin cambio explícito,56,9,9,0
UH0183,2018,SCIAN 2018,9,,Continuidad sin cambio explícito,56,9,9,0
UH0183,2019,SCIAN 2018,8,,Continuidad sin cambio explícito,56,8,8,0
UH0183,2020,SCIAN 2018,4,,Continuidad sin cambio explícito,56,4,4,0
UH0183,2021,SCIAN 2018,3,,Continuidad sin cambio explícito,56,3,3,0
UH0183,2022,SCIAN 2018,3,,Continuidad sin cambio explícito,56,3,3,0
UH0183,2023,SCIAN 2018,3,,Continuidad sin cambio explícito,56,3,3,0
UH0183,2024,SCIAN 2023,1,,Continuidad sin cambio explícito,56,1,1,0
UH0183,2025,SCIAN 2023,2,,Continuidad sin cambio explícito,56,2,2,0
UH0183,2026,SCIAN 2023,2,,Continuidad sin cambio explícito,56,2,2,0
UH0184,2010,SCIAN 2007,12,,Continuidad sin cambio explícito,56,12,12,0
UH0184,2011,SCIAN 2007,12,,Continuidad sin cambio explícito,56,12,12,0
UH0184,2012,SCIAN 2007,14,,Continuidad sin cambio explícito,56,14,14,0
UH0184,2013,SCIAN 2007,16,,Continuidad sin cambio explícito,56,16,16,0
UH0184,2015,SCIAN 2013,6,,Continuidad sin cambio explícito,56,6,6,0
UH0184,2016,SCIAN 2013,12,,Continuidad sin cambio explícito,56,12,12,0
UH0184,2017,SCIAN 2013,13,,Continuidad sin cambio explícito,56,13,13,0
UH0184,2018,SCIAN 2018,12,,Continuidad sin cambio explícito,56,12,12,0
UH0184,2019,SCIAN 2018,4,,Continuidad sin cambio explícito,56,4,4,0
UH0184,2020,SCIAN 2018,7,,Continuidad sin cambio explícito,56,7,7,0
UH0184,2021,SCIAN 2018,7,,Continuidad sin cambio explícito,56,7,7,0
UH0184,2022,SCIAN 2018,7,,Continuidad sin cambio explícito,56,7,7,0
UH0184,2023,SCIAN 2018,7,,Continuidad sin cambio explícito,56,7,7,0
UH0184,2024,SCIAN 2023,3,,Continuidad sin cambio explícito,56,3,3,0
UH0184,2025,SCIAN 2023,7,,Continuidad sin cambio explícito,56,7,7,0
UH0184,2026,SCIAN 2023,7,,Continuidad sin cambio explícito,56,7,7,0
UH0185,2010,SCIAN 2007,85,,Continuidad sin cambio explícito,61,85,85,0
UH0185,2011,SCIAN 2007,85,,Continuidad sin cambio explícito,61,85,85,0
UH0185,2012,SCIAN 2007,85,,Continuidad sin cambio explícito,61,85,85,0
UH0185,2013,SCIAN 2007,85,,Continuidad sin cambio explícito,61,85,85,0
UH0185,2015,SCIAN 2013,81,,Continuidad sin cambio explícito,61,81,81,0
UH0185,2016,SCIAN 2013,78,,Continuidad sin cambio explícito,61,78,78,0
UH0185,2017,SCIAN 2013,79,,Continuidad sin cambio explícito,61,79,79,0
UH0185,2018,SCIAN 2018,79,,Continuidad sin cambio explícito,61,79,79,0
UH0185,2019,SCIAN 2018,79,,Continuidad sin cambio explícito,61,79,79,0
UH0185,2020,SCIAN 2018,107,,Continuidad sin cambio explícito,61,107,107,0
UH0185,2021,SCIAN 2018,106,,Continuidad sin cambio explícito,61,106,106,0
UH0185,2022,SCIAN 2018,106,,Continuidad sin cambio explícito,61,106,106,0
UH0185,2023,SCIAN 2018,107,,Continuidad sin cambio explícito,61,107,107,0
UH0185,2024,SCIAN 2023,63,,Continuidad sin cambio explícito,61,63,63,0
UH0185,2025,SCIAN 2023,59,,Continuidad sin cambio explícito,61,59,59,0
UH0185,2026,SCIAN 2023,56,,Continuidad sin cambio explícito,61,56,56,0
UH0186,2010,SCIAN 2007,155,,Continuidad sin cambio explícito,61,155,155,0
UH0186,2011,SCIAN 2007,155,,Continuidad sin cambio explícito,61,155,155,0
UH0186,2012,SCIAN 2007,155,,Continuidad sin cambio explícito,61,155,155,0
UH0186,2013,SCIAN 2007,155,,Continuidad sin cambio explícito,61,155,155,0
UH0186,2015,SCIAN 2013,170,,Continuidad sin cambio explícito,61,170,170,0
UH0186,2016,SCIAN 2013,169,,Continuidad sin cambio explícito,61,169,169,0
UH0186,2017,SCIAN 2013,169,,Continuidad sin cambio explícito,61,169,169,0
UH0186,2018,SCIAN 2018,169,,Continuidad sin cambio explícito,61,169,169,0
UH0186,2019,SCIAN 2018,178,,Continuidad sin cambio explícito,61,178,178,0
UH0186,2020,SCIAN 2018,181,,Continuidad sin cambio explícito,61,181,181,0
UH0186,2021,SCIAN 2018,180,,Continuidad sin cambio explícito,61,180,180,0
UH0186,2022,SCIAN 2018,180,,Continuidad sin cambio explícito,61,180,180,0
UH0186,2023,SCIAN 2018,180,,Continuidad sin cambio explícito,61,180,180,0
UH0186,2024,SCIAN 2023,188,,Continuidad sin cambio explícito,61,188,188,0
UH0186,2025,SCIAN 2023,189,,Continuidad sin cambio explícito,61,189,189,0
UH0186,2026,SCIAN 2023,189,,Continuidad sin cambio explícito,61,189,189,0
UH0187,2010,SCIAN 2007,48,,Continuidad sin cambio explícito,61,48,48,0
UH0187,2011,SCIAN 2007,48,,Continuidad sin cambio explícito,61,48,48,0
UH0187,2012,SCIAN 2007,48,,Continuidad sin cambio explícito,61,48,48,0
UH0187,2013,SCIAN 2007,48,,Continuidad sin cambio explícito,61,48,48,0
UH0187,2015,SCIAN 2013,38,,Continuidad sin cambio explícito,61,38,38,0
UH0187,2016,SCIAN 2013,34,,Continuidad sin cambio explícito,61,34,34,0
UH0187,2017,SCIAN 2013,33,,Continuidad sin cambio explícito,61,33,33,0
UH0187,2018,SCIAN 2018,33,,Continuidad sin cambio explícito,61,33,33,0
UH0187,2019,SCIAN 2018,39,,Continuidad sin cambio explícito,61,39,39,0
UH0187,2020,SCIAN 2018,36,,Continuidad sin cambio explícito,61,36,36,0
UH0187,2021,SCIAN 2018,37,,Continuidad sin cambio explícito,61,37,37,0
UH0187,2022,SCIAN 2018,37,,Continuidad sin cambio explícito,61,37,37,0
UH0187,2023,SCIAN 2018,37,,Continuidad sin cambio explícito,61,37,37,0
UH0187,2024,SCIAN 2023,34,,Continuidad sin cambio explícito,61,34,34,0
UH0187,2025,SCIAN 2023,37,,Continuidad sin cambio explícito,61,37,37,0
UH0187,2026,SCIAN 2023,37,,Continuidad sin cambio explícito,61,37,37,0
UH0188,2010,SCIAN 2007,217,,Continuidad sin cambio explícito,61,217,217,0
UH0188,2011,SCIAN 2007,217,,Continuidad sin cambio explícito,61,217,217,0
UH0188,2012,SCIAN 2007,217,,Continuidad sin cambio explícito,61,217,217,0
UH0188,2013,SCIAN 2007,217,,Continuidad sin cambio explícito,61,217,217,0
UH0188,2015,SCIAN 2013,234,,Continuidad sin cambio explícito,61,234,234,0
UH0188,2016,SCIAN 2013,239,,Continuidad sin cambio explícito,61,239,239,0
UH0188,2017,SCIAN 2013,239,,Continuidad sin cambio explícito,61,239,239,0
UH0188,2018,SCIAN 2018,239,,Continuidad sin cambio explícito,61,239,239,0
UH0188,2019,SCIAN 2018,258,,Continuidad sin cambio explícito,61,258,258,0
UH0188,2020,SCIAN 2018,251,,Continuidad sin cambio explícito,61,251,251,0
UH0188,2021,SCIAN 2018,249,,Continuidad sin cambio explícito,61,249,249,0
UH0188,2022,SCIAN 2018,249,,Continuidad sin cambio explícito,61,249,249,0
UH0188,2023,SCIAN 2018,249,,Continuidad sin cambio explícito,61,249,249,0
UH0188,2024,SCIAN 2023,267,,Continuidad sin cambio explícito,61,267,267,0
UH0188,2025,SCIAN 2023,267,,Continuidad sin cambio explícito,61,267,267,0
UH0188,2026,SCIAN 2023,268,,Continuidad sin cambio explícito,61,268,268,0
UH0189,2010,SCIAN 2007,17,,Continuidad sin cambio explícito,61,17,17,0
UH0189,2011,SCIAN 2007,17,,Continuidad sin cambio explícito,61,17,17,0
UH0189,2012,SCIAN 2007,17,,Continuidad sin cambio explícito,61,17,17,0
UH0189,2013,SCIAN 2007,16,,Continuidad sin cambio explícito,61,16,16,0
UH0189,2015,SCIAN 2013,14,,Continuidad sin cambio explícito,61,14,14,0
UH0189,2016,SCIAN 2013,12,,Continuidad sin cambio explícito,61,12,12,0
UH0189,2017,SCIAN 2013,12,,Continuidad sin cambio explícito,61,12,12,0
UH0189,2018,SCIAN 2018,12,,Continuidad sin cambio explícito,61,12,12,0
UH0189,2019,SCIAN 2018,13,,Continuidad sin cambio explícito,61,13,13,0
UH0189,2020,SCIAN 2018,13,,Continuidad sin cambio explícito,61,13,13,0
UH0189,2021,SCIAN 2018,13,,Continuidad sin cambio explícito,61,13,13,0
UH0189,2022,SCIAN 2018,13,,Continuidad sin cambio explícito,61,13,13,0
UH0189,2023,SCIAN 2018,11,,Continuidad sin cambio explícito,61,11,11,0
UH0189,2024,SCIAN 2023,9,,Continuidad sin cambio explícito,61,9,9,0
UH0189,2025,SCIAN 2023,10,,Continuidad sin cambio explícito,61,10,10,0
UH0189,2026,SCIAN 2023,10,,Continuidad sin cambio explícito,61,10,10,0
UH0190,2010,SCIAN 2007,32,,Continuidad sin cambio explícito,61,32,32,0
UH0190,2011,SCIAN 2007,32,,Continuidad sin cambio explícito,61,32,32,0
UH0190,2012,SCIAN 2007,32,,Continuidad sin cambio explícito,61,32,32,0
UH0190,2013,SCIAN 2007,33,,Continuidad sin cambio explícito,61,33,33,0
UH0190,2015,SCIAN 2013,31,,Continuidad sin cambio explícito,61,31,31,0
UH0190,2016,SCIAN 2013,30,,Continuidad sin cambio explícito,61,30,30,0
UH0190,2017,SCIAN 2013,30,,Continuidad sin cambio explícito,61,30,30,0
UH0190,2018,SCIAN 2018,30,,Continuidad sin cambio explícito,61,30,30,0
UH0190,2019,SCIAN 2018,35,,Continuidad sin cambio explícito,61,35,35,0
UH0190,2020,SCIAN 2018,36,,Continuidad sin cambio explícito,61,36,36,0
UH0190,2021,SCIAN 2018,36,,Continuidad sin cambio explícito,61,36,36,0
UH0190,2022,SCIAN 2018,36,,Continuidad sin cambio explícito,61,36,36,0
UH0190,2023,SCIAN 2018,36,,Continuidad sin cambio explícito,61,36,36,0
UH0190,2024,SCIAN 2023,37,,Continuidad sin cambio explícito,61,37,37,0
UH0190,2025,SCIAN 2023,37,,Continuidad sin cambio explícito,61,37,37,0
UH0190,2026,SCIAN 2023,37,,Continuidad sin cambio explícito,61,37,37,0
UH0191,2010,SCIAN 2007,1,,Continuidad sin cambio explícito,61,1,1,0
UH0191,2011,SCIAN 2007,1,,Continuidad sin cambio explícito,61,1,1,0
UH0191,2012,SCIAN 2007,1,,Continuidad sin cambio explícito,61,1,1,0
UH0191,2013,SCIAN 2007,1,,Continuidad sin cambio explícito,61,1,1,0
UH0191,2015,SCIAN 2013,0,,Continuidad sin cambio explícito,61,0,0,0
UH0191,2016,SCIAN 2013,0,,Continuidad sin cambio explícito,61,0,0,0
UH0191,2017,SCIAN 2013,0,,Continuidad sin cambio explícito,61,0,0,0
UH0191,2018,SCIAN 2018,0,,Continuidad sin cambio explícito,61,0,0,0
UH0191,2019,SCIAN 2018,0,,Continuidad sin cambio explícito,61,0,0,0
UH0191,2020,SCIAN 2018,0,,Continuidad sin cambio explícito,61,0,0,0
UH0191,2021,SCIAN 2018,0,,Continuidad sin cambio explícito,61,0,0,0
UH0191,2022,SCIAN 2018,0,,Continuidad sin cambio explícito,61,0,0,0
UH0191,2023,SCIAN 2018,0,,Continuidad sin cambio explícito,61,0,0,0
UH0191,2024,SCIAN 2023,0,,Continuidad sin cambio explícito,61,0,0,0
UH0191,2025,SCIAN 2023,0,,Continuidad sin cambio explícito,61,0,0,0
UH0191,2026,SCIAN 2023,0,,Continuidad sin cambio explícito,61,0,0,0
UH0192,2010,SCIAN 2007,18,,Continuidad sin cambio explícito,61,18,18,0
UH0192,2011,SCIAN 2007,18,,Continuidad sin cambio explícito,61,18,18,0
UH0192,2012,SCIAN 2007,18,,Continuidad sin cambio explícito,61,18,18,0
UH0192,2013,SCIAN 2007,18,,Continuidad sin cambio explícito,61,18,18,0
UH0192,2015,SCIAN 2013,20,,Continuidad sin cambio explícito,61,20,20,0
UH0192,2016,SCIAN 2013,20,,Continuidad sin cambio explícito,61,20,20,0
UH0192,2017,SCIAN 2013,20,,Continuidad sin cambio explícito,61,20,20,0
UH0192,2018,SCIAN 2018,20,,Continuidad sin cambio explícito,61,20,20,0
UH0192,2019,SCIAN 2018,23,,Continuidad sin cambio explícito,61,23,23,0
UH0192,2020,SCIAN 2018,23,,Continuidad sin cambio explícito,61,23,23,0
UH0192,2021,SCIAN 2018,23,,Continuidad sin cambio explícito,61,23,23,0
UH0192,2022,SCIAN 2018,23,,Continuidad sin cambio explícito,61,23,23,0
UH0192,2023,SCIAN 2018,23,,Continuidad sin cambio explícito,61,23,23,0
UH0192,2024,SCIAN 2023,23,,Continuidad sin cambio explícito,61,23,23,0
UH0192,2025,SCIAN 2023,23,,Continuidad sin cambio explícito,61,23,23,0
UH0192,2026,SCIAN 2023,22,,Continuidad sin cambio explícito,61,22,22,0
UH0193,2010,SCIAN 2007,6,,Continuidad sin cambio explícito,61,6,6,0
UH0193,2011,SCIAN 2007,6,,Continuidad sin cambio explícito,61,6,6,0
UH0193,2012,SCIAN 2007,6,,Continuidad sin cambio explícito,61,6,6,0
UH0193,2013,SCIAN 2007,6,,Continuidad sin cambio explícito,61,6,6,0
UH0193,2015,SCIAN 2013,4,,Continuidad sin cambio explícito,61,4,4,0
UH0193,2016,SCIAN 2013,6,,Continuidad sin cambio explícito,61,6,6,0
UH0193,2017,SCIAN 2013,6,,Continuidad sin cambio explícito,61,6,6,0
UH0193,2018,SCIAN 2018,6,,Continuidad sin cambio explícito,61,6,6,0
UH0193,2019,SCIAN 2018,6,,Continuidad sin cambio explícito,61,6,6,0
UH0193,2020,SCIAN 2018,5,,Continuidad sin cambio explícito,61,5,5,0
UH0193,2021,SCIAN 2018,5,,Continuidad sin cambio explícito,61,5,5,0
UH0193,2022,SCIAN 2018,4,,Continuidad sin cambio explícito,61,4,4,0
UH0193,2023,SCIAN 2018,3,,Continuidad sin cambio explícito,61,3,3,0
UH0193,2024,SCIAN 2023,1,,Continuidad sin cambio explícito,61,1,1,0
UH0193,2025,SCIAN 2023,3,,Continuidad sin cambio explícito,61,3,3,0
UH0193,2026,SCIAN 2023,3,,Continuidad sin cambio explícito,61,3,3,0
UH0194,2010,SCIAN 2007,6,,Continuidad sin cambio explícito,61,6,6,0
UH0194,2011,SCIAN 2007,6,,Continuidad sin cambio explícito,61,6,6,0
UH0194,2012,SCIAN 2007,6,,Continuidad sin cambio explícito,61,6,6,0
UH0194,2013,SCIAN 2007,6,,Continuidad sin cambio explícito,61,6,6,0
UH0194,2015,SCIAN 2013,0,,Continuidad sin cambio explícito,61,0,0,0
UH0194,2016,SCIAN 2013,0,,Continuidad sin cambio explícito,61,0,0,0
UH0194,2017,SCIAN 2013,0,,Continuidad sin cambio explícito,61,0,0,0
UH0194,2018,SCIAN 2018,0,,Continuidad sin cambio explícito,61,0,0,0
UH0194,2019,SCIAN 2018,2,,Continuidad sin cambio explícito,61,2,2,0
UH0194,2020,SCIAN 2018,1,,Continuidad sin cambio explícito,61,1,1,0
UH0194,2021,SCIAN 2018,1,,Continuidad sin cambio explícito,61,1,1,0
UH0194,2022,SCIAN 2018,1,,Continuidad sin cambio explícito,61,1,1,0
UH0194,2023,SCIAN 2018,1,,Continuidad sin cambio explícito,61,1,1,0
UH0194,2024,SCIAN 2023,0,,Continuidad sin cambio explícito,61,0,0,0
UH0194,2025,SCIAN 2023,1,,Continuidad sin cambio explícito,61,1,1,0
UH0194,2026,SCIAN 2023,1,,Continuidad sin cambio explícito,61,1,1,0
UH0195,2010,SCIAN 2007,32,,Continuidad sin cambio explícito,61,32,32,0
UH0195,2011,SCIAN 2007,32,,Continuidad sin cambio explícito,61,32,32,0
UH0195,2012,SCIAN 2007,32,,Continuidad sin cambio explícito,61,32,32,0
UH0195,2013,SCIAN 2007,33,,Continuidad sin cambio explícito,61,33,33,0
UH0195,2015,SCIAN 2013,40,,Continuidad sin cambio explícito,61,40,40,0
UH0195,2016,SCIAN 2013,39,,Continuidad sin cambio explícito,61,39,39,0
UH0195,2017,SCIAN 2013,38,,Continuidad sin cambio explícito,61,38,38,0
UH0195,2018,SCIAN 2018,38,,Continuidad sin cambio explícito,61,38,38,0
UH0195,2019,SCIAN 2018,40,,Continuidad sin cambio explícito,61,40,40,0
UH0195,2020,SCIAN 2018,40,,Continuidad sin cambio explícito,61,40,40,0
UH0195,2021,SCIAN 2018,39,,Continuidad sin cambio explícito,61,39,39,0
UH0195,2022,SCIAN 2018,39,,Continuidad sin cambio explícito,61,39,39,0
UH0195,2023,SCIAN 2018,43,,Continuidad sin cambio explícito,61,43,43,0
UH0195,2024,SCIAN 2023,43,,Continuidad sin cambio explícito,61,43,43,0
UH0195,2025,SCIAN 2023,35,,Continuidad sin cambio explícito,61,35,35,0
UH0195,2026,SCIAN 2023,36,,Continuidad sin cambio explícito,61,36,36,0
UH0196,2010,SCIAN 2007,16,,Continuidad sin cambio explícito,61,16,16,0
UH0196,2011,SCIAN 2007,16,,Continuidad sin cambio explícito,61,16,16,0
UH0196,2012,SCIAN 2007,16,,Continuidad sin cambio explícito,61,16,16,0
UH0196,2013,SCIAN 2007,16,,Continuidad sin cambio explícito,61,16,16,0
UH0196,2015,SCIAN 2013,19,,Continuidad sin cambio explícito,61,19,19,0
UH0196,2016,SCIAN 2013,24,,Continuidad sin cambio explícito,61,24,24,0
UH0196,2017,SCIAN 2013,24,,Continuidad sin cambio explícito,61,24,24,0
UH0196,2018,SCIAN 2018,24,,Continuidad sin cambio explícito,61,24,24,0
UH0196,2019,SCIAN 2018,27,,Continuidad sin cambio explícito,61,27,27,0
UH0196,2020,SCIAN 2018,23,,Continuidad sin cambio explícito,61,23,23,0
UH0196,2021,SCIAN 2018,23,,Continuidad sin cambio explícito,61,23,23,0
UH0196,2022,SCIAN 2018,23,,Continuidad sin cambio explícito,61,23,23,0
UH0196,2023,SCIAN 2018,23,,Continuidad sin cambio explícito,61,23,23,0
UH0196,2024,SCIAN 2023,28,,Continuidad sin cambio explícito,61,28,28,0
UH0196,2025,SCIAN 2023,29,,Continuidad sin cambio explícito,61,29,29,0
UH0196,2026,SCIAN 2023,29,,Continuidad sin cambio explícito,61,29,29,0
UH0197,2010,SCIAN 2007,31,,Continuidad sin cambio explícito,61,31,31,0
UH0197,2011,SCIAN 2007,31,,Continuidad sin cambio explícito,61,31,31,0
UH0197,2012,SCIAN 2007,31,,Continuidad sin cambio explícito,61,31,31,0
UH0197,2013,SCIAN 2007,32,,Continuidad sin cambio explícito,61,32,32,0
UH0197,2015,SCIAN 2013,64,,Continuidad sin cambio explícito,61,64,64,0
UH0197,2016,SCIAN 2013,68,,Continuidad sin cambio explícito,61,68,68,0
UH0197,2017,SCIAN 2013,69,,Continuidad sin cambio explícito,61,69,69,0
UH0197,2018,SCIAN 2018,69,,Continuidad sin cambio explícito,61,69,69,0
UH0197,2019,SCIAN 2018,86,,Continuidad sin cambio explícito,61,86,86,0
UH0197,2020,SCIAN 2018,96,,Continuidad sin cambio explícito,61,96,96,0
UH0197,2021,SCIAN 2018,94,,Continuidad sin cambio explícito,61,94,94,0
UH0197,2022,SCIAN 2018,97,,Continuidad sin cambio explícito,61,97,97,0
UH0197,2023,SCIAN 2018,95,,Continuidad sin cambio explícito,61,95,95,0
UH0197,2024,SCIAN 2023,87,,Continuidad sin cambio explícito,61,87,87,0
UH0197,2025,SCIAN 2023,86,,Continuidad sin cambio explícito,61,86,86,0
UH0197,2026,SCIAN 2023,86,,Continuidad sin cambio explícito,61,86,86,0
UH0198,2010,SCIAN 2007,6,,Continuidad sin cambio explícito,61,6,6,0
UH0198,2011,SCIAN 2007,6,,Continuidad sin cambio explícito,61,6,6,0
UH0198,2012,SCIAN 2007,6,,Continuidad sin cambio explícito,61,6,6,0
UH0198,2013,SCIAN 2007,6,,Continuidad sin cambio explícito,61,6,6,0
UH0198,2015,SCIAN 2013,23,,Continuidad sin cambio explícito,61,23,23,0
UH0198,2016,SCIAN 2013,26,,Continuidad sin cambio explícito,61,26,26,0
UH0198,2017,SCIAN 2013,26,,Continuidad sin cambio explícito,61,26,26,0
UH0198,2018,SCIAN 2018,26,,Continuidad sin cambio explícito,61,26,26,0
UH0198,2019,SCIAN 2018,38,,Continuidad sin cambio explícito,61,38,38,0
UH0198,2020,SCIAN 2018,39,,Continuidad sin cambio explícito,61,39,39,0
UH0198,2021,SCIAN 2018,38,,Continuidad sin cambio explícito,61,38,38,0
UH0198,2022,SCIAN 2018,38,,Continuidad sin cambio explícito,61,38,38,0
UH0198,2023,SCIAN 2018,38,,Continuidad sin cambio explícito,61,38,38,0
UH0198,2024,SCIAN 2023,42,,Continuidad sin cambio explícito,61,42,42,0
UH0198,2025,SCIAN 2023,43,,Continuidad sin cambio explícito,61,43,43,0
UH0198,2026,SCIAN 2023,43,,Continuidad sin cambio explícito,61,43,43,0
UH0199,2010,SCIAN 2007,12,,Continuidad sin cambio explícito,61,12,12,0
UH0199,2011,SCIAN 2007,12,,Continuidad sin cambio explícito,61,12,12,0
UH0199,2012,SCIAN 2007,12,,Continuidad sin cambio explícito,61,12,12,0
UH0199,2013,SCIAN 2007,12,,Continuidad sin cambio explícito,61,12,12,0
UH0199,2015,SCIAN 2013,7,,Continuidad sin cambio explícito,61,7,7,0
UH0199,2016,SCIAN 2013,7,,Continuidad sin cambio explícito,61,7,7,0
UH0199,2017,SCIAN 2013,7,,Continuidad sin cambio explícito,61,7,7,0
UH0199,2018,SCIAN 2018,7,,Continuidad sin cambio explícito,61,7,7,0
UH0199,2019,SCIAN 2018,7,,Continuidad sin cambio explícito,61,7,7,0
UH0199,2020,SCIAN 2018,7,,Continuidad sin cambio explícito,61,7,7,0
UH0199,2021,SCIAN 2018,7,,Continuidad sin cambio explícito,61,7,7,0
UH0199,2022,SCIAN 2018,7,,Continuidad sin cambio explícito,61,7,7,0
UH0199,2023,SCIAN 2018,7,,Continuidad sin cambio explícito,61,7,7,0
UH0199,2024,SCIAN 2023,11,,Continuidad sin cambio explícito,61,11,11,0
UH0199,2025,SCIAN 2023,11,,Continuidad sin cambio explícito,61,11,11,0
UH0199,2026,SCIAN 2023,10,,Continuidad sin cambio explícito,61,10,10,0
UH0200,2010,SCIAN 2007,8,,Continuidad sin cambio explícito,61,8,8,0
UH0200,2011,SCIAN 2007,8,,Continuidad sin cambio explícito,61,8,8,0
UH0200,2012,SCIAN 2007,8,,Continuidad sin cambio explícito,61,8,8,0
UH0200,2013,SCIAN 2007,8,,Continuidad sin cambio explícito,61,8,8,0
UH0200,2015,SCIAN 2013,12,,Continuidad sin cambio explícito,61,12,12,0
UH0200,2016,SCIAN 2013,12,,Continuidad sin cambio explícito,61,12,12,0
UH0200,2017,SCIAN 2013,12,,Continuidad sin cambio explícito,61,12,12,0
UH0200,2018,SCIAN 2018,12,,Continuidad sin cambio explícito,61,12,12,0
UH0200,2019,SCIAN 2018,11,,Continuidad sin cambio explícito,61,11,11,0
UH0200,2020,SCIAN 2018,11,,Continuidad sin cambio explícito,61,11,11,0
UH0200,2021,SCIAN 2018,11,,Continuidad sin cambio explícito,61,11,11,0
UH0200,2022,SCIAN 2018,11,,Continuidad sin cambio explícito,61,11,11,0
UH0200,2023,SCIAN 2018,11,,Continuidad sin cambio explícito,61,11,11,0
UH0200,2024,SCIAN 2023,12,,Continuidad sin cambio explícito,61,12,12,0
UH0200,2025,SCIAN 2023,12,,Continuidad sin cambio explícito,61,12,12,0
UH0200,2026,SCIAN 2023,12,,Continuidad sin cambio explícito,61,12,12,0
UH0201,2010,SCIAN 2007,4,,Continuidad sin cambio explícito,61,4,4,0
UH0201,2011,SCIAN 2007,4,,Continuidad sin cambio explícito,61,4,4,0
UH0201,2012,SCIAN 2007,4,,Continuidad sin cambio explícito,61,4,4,0
UH0201,2013,SCIAN 2007,4,,Continuidad sin cambio explícito,61,4,4,0
UH0201,2015,SCIAN 2013,5,,Continuidad sin cambio explícito,61,5,5,0
UH0201,2016,SCIAN 2013,4,,Continuidad sin cambio explícito,61,4,4,0
UH0201,2017,SCIAN 2013,4,,Continuidad sin cambio explícito,61,4,4,0
UH0201,2018,SCIAN 2018,4,,Continuidad sin cambio explícito,61,4,4,0
UH0201,2019,SCIAN 2018,5,,Continuidad sin cambio explícito,61,5,5,0
UH0201,2020,SCIAN 2018,6,,Continuidad sin cambio explícito,61,6,6,0
UH0201,2021,SCIAN 2018,6,,Continuidad sin cambio explícito,61,6,6,0
UH0201,2022,SCIAN 2018,6,,Continuidad sin cambio explícito,61,6,6,0
UH0201,2023,SCIAN 2018,5,,Continuidad sin cambio explícito,61,5,5,0
UH0201,2024,SCIAN 2023,4,,Continuidad sin cambio explícito,61,4,4,0
UH0201,2025,SCIAN 2023,4,,Continuidad sin cambio explícito,61,4,4,0
UH0201,2026,SCIAN 2023,4,,Continuidad sin cambio explícito,61,4,4,0
UH0202,2010,SCIAN 2007,2,,Continuidad sin cambio explícito,61,2,2,0
UH0202,2011,SCIAN 2007,2,,Continuidad sin cambio explícito,61,2,2,0
UH0202,2012,SCIAN 2007,2,,Continuidad sin cambio explícito,61,2,2,0
UH0202,2013,SCIAN 2007,2,,Continuidad sin cambio explícito,61,2,2,0
UH0202,2015,SCIAN 2013,3,,Continuidad sin cambio explícito,61,3,3,0
UH0202,2016,SCIAN 2013,2,,Continuidad sin cambio explícito,61,2,2,0
UH0202,2017,SCIAN 2013,2,,Continuidad sin cambio explícito,61,2,2,0
UH0202,2018,SCIAN 2018,2,,Continuidad sin cambio explícito,61,2,2,0
UH0202,2019,SCIAN 2018,1,,Continuidad sin cambio explícito,61,1,1,0
UH0202,2020,SCIAN 2018,0,,Continuidad sin cambio explícito,61,0,0,0
UH0202,2021,SCIAN 2018,0,,Continuidad sin cambio explícito,61,0,0,0
UH0202,2022,SCIAN 2018,0,,Continuidad sin cambio explícito,61,0,0,0
UH0202,2023,SCIAN 2018,0,,Continuidad sin cambio explícito,61,0,0,0
UH0202,2024,SCIAN 2023,2,,Continuidad sin cambio explícito,61,2,2,0
UH0202,2025,SCIAN 2023,2,,Continuidad sin cambio explícito,61,2,2,0
UH0202,2026,SCIAN 2023,2,,Continuidad sin cambio explícito,61,2,2,0
UH0203,2010,SCIAN 2007,26,,Continuidad sin cambio explícito,61,26,26,0
UH0203,2011,SCIAN 2007,27,,Continuidad sin cambio explícito,61,27,27,0
UH0203,2012,SCIAN 2007,29,,Continuidad sin cambio explícito,61,29,29,0
UH0203,2013,SCIAN 2007,30,,Continuidad sin cambio explícito,61,30,30,0
UH0203,2015,SCIAN 2013,47,,Continuidad sin cambio explícito,61,47,47,0
UH0203,2016,SCIAN 2013,48,,Continuidad sin cambio explícito,61,48,48,0
UH0203,2017,SCIAN 2013,48,,Continuidad sin cambio explícito,61,48,48,0
UH0203,2018,SCIAN 2018,48,,Continuidad sin cambio explícito,61,48,48,0
UH0203,2019,SCIAN 2018,57,,Continuidad sin cambio explícito,61,57,57,0
UH0203,2020,SCIAN 2018,61,,Continuidad sin cambio explícito,61,61,61,0
UH0203,2021,SCIAN 2018,60,,Continuidad sin cambio explícito,61,60,60,0
UH0203,2022,SCIAN 2018,61,,Continuidad sin cambio explícito,61,61,61,0
UH0203,2023,SCIAN 2018,69,,Continuidad sin cambio explícito,61,69,69,0
UH0203,2024,SCIAN 2023,68,,Continuidad sin cambio explícito,61,68,68,0
UH0203,2025,SCIAN 2023,67,,Continuidad sin cambio explícito,61,67,67,0
UH0203,2026,SCIAN 2023,72,,Continuidad sin cambio explícito,61,72,72,0
UH0204,2010,SCIAN 2007,39,,Continuidad sin cambio explícito,61,39,39,0
UH0204,2011,SCIAN 2007,38,,Continuidad sin cambio explícito,61,38,38,0
UH0204,2012,SCIAN 2007,40,,Continuidad sin cambio explícito,61,40,40,0
UH0204,2013,SCIAN 2007,40,,Continuidad sin cambio explícito,61,40,40,0
UH0204,2015,SCIAN 2013,34,,Continuidad sin cambio explícito,61,34,34,0
UH0204,2016,SCIAN 2013,106,,Continuidad sin cambio explícito,61,106,106,0
UH0204,2017,SCIAN 2013,106,,Continuidad sin cambio explícito,61,106,106,0
UH0204,2018,SCIAN 2018,106,,Continuidad sin cambio explícito,61,106,106,0
UH0204,2019,SCIAN 2018,53,,Continuidad sin cambio explícito,61,53,53,0
UH0204,2020,SCIAN 2018,58,,Continuidad sin cambio explícito,61,58,58,0
UH0204,2021,SCIAN 2018,58,,Continuidad sin cambio explícito,61,58,58,0
UH0204,2022,SCIAN 2018,58,,Continuidad sin cambio explícito,61,58,58,0
UH0204,2023,SCIAN 2018,58,,Continuidad sin cambio explícito,61,58,58,0
UH0204,2024,SCIAN 2023,47,,Continuidad sin cambio explícito,61,47,47,0
UH0204,2025,SCIAN 2023,37,,Continuidad sin cambio explícito,61,37,37,0
UH0204,2026,SCIAN 2023,38,,Continuidad sin cambio explícito,61,38,38,0
UH0205,2010,SCIAN 2007,35,,Continuidad sin cambio explícito,61,35,35,0
UH0205,2011,SCIAN 2007,35,,Continuidad sin cambio explícito,61,35,35,0
UH0205,2012,SCIAN 2007,35,,Continuidad sin cambio explícito,61,35,35,0
UH0205,2013,SCIAN 2007,35,,Continuidad sin cambio explícito,61,35,35,0
UH0205,2015,SCIAN 2013,2,,Continuidad sin cambio explícito,61,2,2,0
UH0205,2016,SCIAN 2013,2,,Continuidad sin cambio explícito,61,2,2,0
UH0205,2017,SCIAN 2013,2,,Continuidad sin cambio explícito,61,2,2,0
UH0205,2018,SCIAN 2018,2,,Continuidad sin cambio explícito,61,2,2,0
UH0205,2019,SCIAN 2018,3,,Continuidad sin cambio explícito,61,3,3,0
UH0205,2020,SCIAN 2018,2,,Continuidad sin cambio explícito,61,2,2,0
UH0205,2021,SCIAN 2018,2,,Continuidad sin cambio explícito,61,2,2,0
UH0205,2022,SCIAN 2018,2,,Continuidad sin cambio explícito,61,2,2,0
UH0205,2023,SCIAN 2018,2,,Continuidad sin cambio explícito,61,2,2,0
UH0205,2024,SCIAN 2023,1,,Continuidad sin cambio explícito,61,1,1,0
UH0205,2025,SCIAN 2023,2,,Continuidad sin cambio explícito,61,2,2,0
UH0205,2026,SCIAN 2023,2,,Continuidad sin cambio explícito,61,2,2,0
UH0206,2010,SCIAN 2007,0,,Continuidad sin cambio explícito,61,0,0,0
UH0206,2011,SCIAN 2007,0,,Continuidad sin cambio explícito,61,0,0,0
UH0206,2012,SCIAN 2007,0,,Continuidad sin cambio explícito,61,0,0,0
UH0206,2013,SCIAN 2007,0,,Continuidad sin cambio explícito,61,0,0,0
UH0206,2015,SCIAN 2013,0,,Continuidad sin cambio explícito,61,0,0,0
UH0206,2016,SCIAN 2013,1,,Continuidad sin cambio explícito,61,1,1,0
UH0206,2017,SCIAN 2013,1,,Continuidad sin cambio explícito,61,1,1,0
UH0206,2018,SCIAN 2018,1,,Continuidad sin cambio explícito,61,1,1,0
UH0206,2019,SCIAN 2018,1,,Continuidad sin cambio explícito,61,1,1,0
UH0206,2020,SCIAN 2018,0,,Continuidad sin cambio explícito,61,0,0,0
UH0206,2021,SCIAN 2018,0,,Continuidad sin cambio explícito,61,0,0,0
UH0206,2022,SCIAN 2018,0,,Continuidad sin cambio explícito,61,0,0,0
UH0206,2023,SCIAN 2018,0,,Continuidad sin cambio explícito,61,0,0,0
UH0206,2024,SCIAN 2023,0,,Continuidad sin cambio explícito,61,0,0,0
UH0206,2025,SCIAN 2023,0,,Continuidad sin cambio explícito,61,0,0,0
UH0206,2026,SCIAN 2023,0,,Continuidad sin cambio explícito,61,0,0,0
UH0207,2010,SCIAN 2007,8,,Continuidad sin cambio explícito,61,8,8,0
UH0207,2011,SCIAN 2007,8,,Continuidad sin cambio explícito,61,8,8,0
UH0207,2012,SCIAN 2007,8,,Continuidad sin cambio explícito,61,8,8,0
UH0207,2013,SCIAN 2007,8,,Continuidad sin cambio explícito,61,8,8,0
UH0207,2015,SCIAN 2013,4,,Continuidad sin cambio explícito,61,4,4,0
UH0207,2016,SCIAN 2013,6,,Continuidad sin cambio explícito,61,6,6,0
UH0207,2017,SCIAN 2013,6,,Continuidad sin cambio explícito,61,6,6,0
UH0207,2018,SCIAN 2018,6,,Continuidad sin cambio explícito,61,6,6,0
UH0207,2019,SCIAN 2018,6,,Continuidad sin cambio explícito,61,6,6,0
UH0207,2020,SCIAN 2018,6,,Continuidad sin cambio explícito,61,6,6,0
UH0207,2021,SCIAN 2018,6,,Continuidad sin cambio explícito,61,6,6,0
UH0207,2022,SCIAN 2018,6,,Continuidad sin cambio explícito,61,6,6,0
UH0207,2023,SCIAN 2018,6,,Continuidad sin cambio explícito,61,6,6,0
UH0207,2024,SCIAN 2023,4,,Continuidad sin cambio explícito,61,4,4,0
UH0207,2025,SCIAN 2023,3,,Continuidad sin cambio explícito,61,3,3,0
UH0207,2026,SCIAN 2023,3,,Continuidad sin cambio explícito,61,3,3,0
UH0208,2010,SCIAN 2007,0,,Continuidad sin cambio explícito,61,0,0,0
UH0208,2011,SCIAN 2007,0,,Continuidad sin cambio explícito,61,0,0,0
UH0208,2012,SCIAN 2007,0,,Continuidad sin cambio explícito,61,0,0,0
UH0208,2013,SCIAN 2007,0,,Continuidad sin cambio explícito,61,0,0,0
UH0208,2015,SCIAN 2013,0,,Continuidad sin cambio explícito,61,0,0,0
UH0208,2016,SCIAN 2013,1,,Continuidad sin cambio explícito,61,1,1,0
UH0208,2017,SCIAN 2013,1,,Continuidad sin cambio explícito,61,1,1,0
UH0208,2018,SCIAN 2018,1,,Continuidad sin cambio explícito,61,1,1,0
UH0208,2019,SCIAN 2018,0,,Continuidad sin cambio explícito,61,0,0,0
UH0208,2020,SCIAN 2018,0,,Continuidad sin cambio explícito,61,0,0,0
UH0208,2021,SCIAN 2018,0,,Continuidad sin cambio explícito,61,0,0,0
UH0208,2022,SCIAN 2018,0,,Continuidad sin cambio explícito,61,0,0,0
UH0208,2023,SCIAN 2018,0,,Continuidad sin cambio explícito,61,0,0,0
UH0208,2024,SCIAN 2023,0,,Continuidad sin cambio explícito,61,0,0,0
UH0208,2025,SCIAN 2023,0,,Continuidad sin cambio explícito,61,0,0,0
UH0208,2026,SCIAN 2023,1,,Continuidad sin cambio explícito,61,1,1,0
UH0209,2010,SCIAN 2007,13,,Continuidad sin cambio explícito,61,13,13,0
UH0209,2011,SCIAN 2007,14,,Continuidad sin cambio explícito,61,14,14,0
UH0209,2012,SCIAN 2007,14,,Continuidad sin cambio explícito,61,14,14,0
UH0209,2013,SCIAN 2007,14,,Continuidad sin cambio explícito,61,14,14,0
UH0209,2015,SCIAN 2013,5,,Continuidad sin cambio explícito,61,5,5,0
UH0209,2016,SCIAN 2013,5,,Continuidad sin cambio explícito,61,5,5,0
UH0209,2017,SCIAN 2013,5,,Continuidad sin cambio explícito,61,5,5,0
UH0209,2018,SCIAN 2018,5,,Continuidad sin cambio explícito,61,5,5,0
UH0209,2019,SCIAN 2018,4,,Continuidad sin cambio explícito,61,4,4,0
UH0209,2020,SCIAN 2018,4,,Continuidad sin cambio explícito,61,4,4,0
UH0209,2021,SCIAN 2018,4,,Continuidad sin cambio explícito,61,4,4,0
UH0209,2022,SCIAN 2018,4,,Continuidad sin cambio explícito,61,4,4,0
UH0209,2023,SCIAN 2018,4,,Continuidad sin cambio explícito,61,4,4,0
UH0209,2024,SCIAN 2023,2,,Continuidad sin cambio explícito,61,2,2,0
UH0209,2025,SCIAN 2023,2,,Continuidad sin cambio explícito,61,2,2,0
UH0209,2026,SCIAN 2023,3,,Continuidad sin cambio explícito,61,3,3,0
UH0210,2010,SCIAN 2007,18,,Continuidad sin cambio explícito,61,18,18,0
UH0210,2011,SCIAN 2007,18,,Continuidad sin cambio explícito,61,18,18,0
UH0210,2012,SCIAN 2007,19,,Continuidad sin cambio explícito,61,19,19,0
UH0210,2013,SCIAN 2007,19,,Continuidad sin cambio explícito,61,19,19,0
UH0210,2015,SCIAN 2013,34,,Continuidad sin cambio explícito,61,34,34,0
UH0210,2016,SCIAN 2013,34,,Continuidad sin cambio explícito,61,34,34,0
UH0210,2017,SCIAN 2013,35,,Continuidad sin cambio explícito,61,35,35,0
UH0210,2018,SCIAN 2018,35,,Continuidad sin cambio explícito,61,35,35,0
UH0210,2019,SCIAN 2018,35,,Continuidad sin cambio explícito,61,35,35,0
UH0210,2020,SCIAN 2018,41,,Continuidad sin cambio explícito,61,41,41,0
UH0210,2021,SCIAN 2018,42,,Continuidad sin cambio explícito,61,42,42,0
UH0210,2022,SCIAN 2018,42,,Continuidad sin cambio explícito,61,42,42,0
UH0210,2023,SCIAN 2018,42,,Continuidad sin cambio explícito,61,42,42,0
UH0210,2024,SCIAN 2023,44,,Continuidad sin cambio explícito,61,44,44,0
UH0210,2025,SCIAN 2023,43,,Continuidad sin cambio explícito,61,43,43,0
UH0210,2026,SCIAN 2023,43,,Continuidad sin cambio explícito,61,43,43,0
UH0211,2010,SCIAN 2007,6,,Continuidad sin cambio explícito,61,6,6,0
UH0211,2011,SCIAN 2007,6,,Continuidad sin cambio explícito,61,6,6,0
UH0211,2012,SCIAN 2007,6,,Continuidad sin cambio explícito,61,6,6,0
UH0211,2013,SCIAN 2007,6,,Continuidad sin cambio explícito,61,6,6,0
UH0211,2015,SCIAN 2013,23,,Continuidad sin cambio explícito,61,23,23,0
UH0211,2016,SCIAN 2013,23,,Continuidad sin cambio explícito,61,23,23,0
UH0211,2017,SCIAN 2013,23,,Continuidad sin cambio explícito,61,23,23,0
UH0211,2018,SCIAN 2018,23,,Continuidad sin cambio explícito,61,23,23,0
UH0211,2019,SCIAN 2018,21,,Continuidad sin cambio explícito,61,21,21,0
UH0211,2020,SCIAN 2018,20,,Continuidad sin cambio explícito,61,20,20,0
UH0211,2021,SCIAN 2018,20,,Continuidad sin cambio explícito,61,20,20,0
UH0211,2022,SCIAN 2018,20,,Continuidad sin cambio explícito,61,20,20,0
UH0211,2023,SCIAN 2018,20,,Continuidad sin cambio explícito,61,20,20,0
UH0211,2024,SCIAN 2023,20,,Continuidad sin cambio explícito,61,20,20,0
UH0211,2025,SCIAN 2023,21,,Continuidad sin cambio explícito,61,21,21,0
UH0211,2026,SCIAN 2023,20,,Continuidad sin cambio explícito,61,20,20,0
UH0212,2010,SCIAN 2007,63,,Continuidad sin cambio explícito,61,63,63,0
UH0212,2011,SCIAN 2007,63,,Continuidad sin cambio explícito,61,63,63,0
UH0212,2012,SCIAN 2007,63,,Continuidad sin cambio explícito,61,63,63,0
UH0212,2013,SCIAN 2007,63,,Continuidad sin cambio explícito,61,63,63,0
UH0212,2015,SCIAN 2013,54,,Continuidad sin cambio explícito,61,54,54,0
UH0212,2016,SCIAN 2013,53,,Continuidad sin cambio explícito,61,53,53,0
UH0212,2017,SCIAN 2013,53,,Continuidad sin cambio explícito,61,53,53,0
UH0212,2018,SCIAN 2018,53,,Continuidad sin cambio explícito,61,53,53,0
UH0212,2019,SCIAN 2018,59,,Continuidad sin cambio explícito,61,59,59,0
UH0212,2020,SCIAN 2018,79,,Continuidad sin cambio explícito,61,79,79,0
UH0212,2021,SCIAN 2018,78,,Continuidad sin cambio explícito,61,78,78,0
UH0212,2022,SCIAN 2018,77,,Continuidad sin cambio explícito,61,77,77,0
UH0212,2023,SCIAN 2018,77,,Continuidad sin cambio explícito,61,77,77,0
UH0212,2024,SCIAN 2023,67,,Continuidad sin cambio explícito,61,67,67,0
UH0212,2025,SCIAN 2023,67,,Continuidad sin cambio explícito,61,67,67,0
UH0212,2026,SCIAN 2023,70,,Continuidad sin cambio explícito,61,70,70,0
UH0213,2010,SCIAN 2007,8,,Continuidad sin cambio explícito,61,8,8,0
UH0213,2011,SCIAN 2007,8,,Continuidad sin cambio explícito,61,8,8,0
UH0213,2012,SCIAN 2007,8,,Continuidad sin cambio explícito,61,8,8,0
UH0213,2013,SCIAN 2007,8,,Continuidad sin cambio explícito,61,8,8,0
UH0213,2015,SCIAN 2013,3,,Continuidad sin cambio explícito,61,3,3,0
UH0213,2016,SCIAN 2013,3,,Continuidad sin cambio explícito,61,3,3,0
UH0213,2017,SCIAN 2013,3,,Continuidad sin cambio explícito,61,3,3,0
UH0213,2018,SCIAN 2018,3,,Continuidad sin cambio explícito,61,3,3,0
UH0213,2019,SCIAN 2018,3,,Continuidad sin cambio explícito,61,3,3,0
UH0213,2020,SCIAN 2018,5,,Continuidad sin cambio explícito,61,5,5,0
UH0213,2021,SCIAN 2018,5,,Continuidad sin cambio explícito,61,5,5,0
UH0213,2022,SCIAN 2018,5,,Continuidad sin cambio explícito,61,5,5,0
UH0213,2023,SCIAN 2018,5,,Continuidad sin cambio explícito,61,5,5,0
UH0213,2024,SCIAN 2023,5,,Continuidad sin cambio explícito,61,5,5,0
UH0213,2025,SCIAN 2023,5,,Continuidad sin cambio explícito,61,5,5,0
UH0213,2026,SCIAN 2023,7,,Continuidad sin cambio explícito,61,7,7,0
UH0214,2010,SCIAN 2007,102,,Continuidad sin cambio explícito,61,102,102,0
UH0214,2011,SCIAN 2007,102,,Continuidad sin cambio explícito,61,102,102,0
UH0214,2012,SCIAN 2007,102,,Continuidad sin cambio explícito,61,102,102,0
UH0214,2013,SCIAN 2007,102,,Continuidad sin cambio explícito,61,102,102,0
UH0214,2015,SCIAN 2013,129,,Continuidad sin cambio explícito,61,129,129,0
UH0214,2016,SCIAN 2013,103,,Continuidad sin cambio explícito,61,103,103,0
UH0214,2017,SCIAN 2013,103,,Continuidad sin cambio explícito,61,103,103,0
UH0214,2018,SCIAN 2018,103,,Continuidad sin cambio explícito,61,103,103,0
UH0214,2019,SCIAN 2018,99,,Continuidad sin cambio explícito,61,99,99,0
UH0214,2020,SCIAN 2018,124,,Continuidad sin cambio explícito,61,124,124,0
UH0214,2021,SCIAN 2018,122,,Continuidad sin cambio explícito,61,122,122,0
UH0214,2022,SCIAN 2018,122,,Continuidad sin cambio explícito,61,122,122,0
UH0214,2023,SCIAN 2018,122,,Continuidad sin cambio explícito,61,122,122,0
UH0214,2024,SCIAN 2023,111,,Continuidad sin cambio explícito,61,111,111,0
UH0214,2025,SCIAN 2023,123,,Continuidad sin cambio explícito,61,123,123,0
UH0214,2026,SCIAN 2023,129,,Continuidad sin cambio explícito,61,129,129,0
UH0215,2010,SCIAN 2007,0,,Continuidad sin cambio explícito,61,0,0,0
UH0215,2011,SCIAN 2007,0,,Continuidad sin cambio explícito,61,0,0,0
UH0215,2012,SCIAN 2007,0,,Continuidad sin cambio explícito,61,0,0,0
UH0215,2013,SCIAN 2007,1,,Continuidad sin cambio explícito,61,1,1,0
UH0215,2015,SCIAN 2013,3,,Continuidad sin cambio explícito,61,3,3,0
UH0215,2016,SCIAN 2013,1,,Continuidad sin cambio explícito,61,1,1,0
UH0215,2017,SCIAN 2013,1,,Continuidad sin cambio explícito,61,1,1,0
UH0215,2018,SCIAN 2018,1,,Continuidad sin cambio explícito,61,1,1,0
UH0215,2019,SCIAN 2018,0,,Continuidad sin cambio explícito,61,0,0,0
UH0215,2020,SCIAN 2018,1,,Continuidad sin cambio explícito,61,1,1,0
UH0215,2021,SCIAN 2018,1,,Continuidad sin cambio explícito,61,1,1,0
UH0215,2022,SCIAN 2018,1,,Continuidad sin cambio explícito,61,1,1,0
UH0215,2023,SCIAN 2018,1,,Continuidad sin cambio explícito,61,1,1,0
UH0215,2024,SCIAN 2023,1,,Continuidad sin cambio explícito,61,1,1,0
UH0215,2025,SCIAN 2023,1,,Continuidad sin cambio explícito,61,1,1,0
UH0215,2026,SCIAN 2023,1,,Continuidad sin cambio explícito,61,1,1,0
UH0216,2010,SCIAN 2007,31,,Continuidad sin cambio explícito,61,31,31,0
UH0216,2011,SCIAN 2007,31,,Continuidad sin cambio explícito,61,31,31,0
UH0216,2012,SCIAN 2007,31,,Continuidad sin cambio explícito,61,31,31,0
UH0216,2013,SCIAN 2007,33,,Continuidad sin cambio explícito,61,33,33,0
UH0216,2015,SCIAN 2013,40,,Continuidad sin cambio explícito,61,40,40,0
UH0216,2016,SCIAN 2013,41,,Continuidad sin cambio explícito,61,41,41,0
UH0216,2017,SCIAN 2013,42,,Continuidad sin cambio explícito,61,42,42,0
UH0216,2018,SCIAN 2018,42,,Continuidad sin cambio explícito,61,42,42,0
UH0216,2019,SCIAN 2018,34,,Continuidad sin cambio explícito,61,34,34,0
UH0216,2020,SCIAN 2018,33,,Continuidad sin cambio explícito,61,33,33,0
UH0216,2021,SCIAN 2018,30,,Continuidad sin cambio explícito,61,30,30,0
UH0216,2022,SCIAN 2018,30,,Continuidad sin cambio explícito,61,30,30,0
UH0216,2023,SCIAN 2018,30,,Continuidad sin cambio explícito,61,30,30,0
UH0216,2024,SCIAN 2023,24,,Continuidad sin cambio explícito,61,24,24,0
UH0216,2025,SCIAN 2023,24,,Continuidad sin cambio explícito,61,24,24,0
UH0216,2026,SCIAN 2023,26,,Continuidad sin cambio explícito,61,26,26,0
UH0217,2010,SCIAN 2007,11,,Continuidad sin cambio explícito,61,11,11,0
UH0217,2011,SCIAN 2007,11,,Continuidad sin cambio explícito,61,11,11,0
UH0217,2012,SCIAN 2007,11,,Continuidad sin cambio explícito,61,11,11,0
UH0217,2013,SCIAN 2007,11,,Continuidad sin cambio explícito,61,11,11,0
UH0217,2015,SCIAN 2013,24,,Continuidad sin cambio explícito,61,24,24,0
UH0217,2016,SCIAN 2013,33,,Continuidad sin cambio explícito,61,33,33,0
UH0217,2017,SCIAN 2013,33,,Continuidad sin cambio explícito,61,33,33,0
UH0217,2018,SCIAN 2018,33,,Continuidad sin cambio explícito,61,33,33,0
UH0217,2019,SCIAN 2018,40,,Continuidad sin cambio explícito,61,40,40,0
UH0217,2020,SCIAN 2018,40,,Continuidad sin cambio explícito,61,40,40,0
UH0217,2021,SCIAN 2018,39,,Continuidad sin cambio explícito,61,39,39,0
UH0217,2022,SCIAN 2018,39,,Continuidad sin cambio explícito,61,39,39,0
UH0217,2023,SCIAN 2018,39,,Continuidad sin cambio explícito,61,39,39,0
UH0217,2024,SCIAN 2023,39,,Continuidad sin cambio explícito,61,39,39,0
UH0217,2025,SCIAN 2023,42,,Continuidad sin cambio explícito,61,42,42,0
UH0217,2026,SCIAN 2023,44,,Continuidad sin cambio explícito,61,44,44,0
UH0218,2010,SCIAN 2007,17,,Continuidad sin cambio explícito,61,17,17,0
UH0218,2011,SCIAN 2007,17,,Continuidad sin cambio explícito,61,17,17,0
UH0218,2012,SCIAN 2007,23,,Continuidad sin cambio explícito,61,23,23,0
UH0218,2013,SCIAN 2007,24,,Continuidad sin cambio explícito,61,24,24,0
UH0218,2015,SCIAN 2013,32,,Continuidad sin cambio explícito,61,32,32,0
UH0218,2016,SCIAN 2013,35,,Continuidad sin cambio explícito,61,35,35,0
UH0218,2017,SCIAN 2013,35,,Continuidad sin cambio explícito,61,35,35,0
UH0218,2018,SCIAN 2018,35,,Continuidad sin cambio explícito,61,35,35,0
UH0218,2019,SCIAN 2018,27,,Continuidad sin cambio explícito,61,27,27,0
UH0218,2020,SCIAN 2018,33,,Continuidad sin cambio explícito,61,33,33,0
UH0218,2021,SCIAN 2018,32,,Continuidad sin cambio explícito,61,32,32,0
UH0218,2022,SCIAN 2018,32,,Continuidad sin cambio explícito,61,32,32,0
UH0218,2023,SCIAN 2018,32,,Continuidad sin cambio explícito,61,32,32,0
UH0218,2024,SCIAN 2023,24,,Continuidad sin cambio explícito,61,24,24,0
UH0218,2025,SCIAN 2023,24,,Continuidad sin cambio explícito,61,24,24,0
UH0218,2026,SCIAN 2023,24,,Continuidad sin cambio explícito,61,24,24,0
UH0219,2010,SCIAN 2007,11,,Continuidad sin cambio explícito,61,11,11,0
UH0219,2011,SCIAN 2007,11,,Continuidad sin cambio explícito,61,11,11,0
UH0219,2012,SCIAN 2007,11,,Continuidad sin cambio explícito,61,11,11,0
UH0219,2013,SCIAN 2007,11,,Continuidad sin cambio explícito,61,11,11,0
UH0219,2015,SCIAN 2013,8,,Continuidad sin cambio explícito,61,8,8,0
UH0219,2016,SCIAN 2013,6,,Continuidad sin cambio explícito,61,6,6,0
UH0219,2017,SCIAN 2013,6,,Continuidad sin cambio explícito,61,6,6,0
UH0219,2018,SCIAN 2018,6,,Continuidad sin cambio explícito,61,6,6,0
UH0219,2019,SCIAN 2018,1,,Continuidad sin cambio explícito,61,1,1,0
UH0219,2020,SCIAN 2018,1,,Continuidad sin cambio explícito,61,1,1,0
UH0219,2021,SCIAN 2018,1,,Continuidad sin cambio explícito,61,1,1,0
UH0219,2022,SCIAN 2018,1,,Continuidad sin cambio explícito,61,1,1,0
UH0219,2023,SCIAN 2018,1,,Continuidad sin cambio explícito,61,1,1,0
UH0219,2024,SCIAN 2023,6,,Continuidad sin cambio explícito,61,6,6,0
UH0219,2025,SCIAN 2023,3,,Continuidad sin cambio explícito,61,3,3,0
UH0219,2026,SCIAN 2023,3,,Continuidad sin cambio explícito,61,3,3,0
UH0220,2010,SCIAN 2007,4,,Continuidad sin cambio explícito,61,4,4,0
UH0220,2011,SCIAN 2007,4,,Continuidad sin cambio explícito,61,4,4,0
UH0220,2012,SCIAN 2007,4,,Continuidad sin cambio explícito,61,4,4,0
UH0220,2013,SCIAN 2007,4,,Continuidad sin cambio explícito,61,4,4,0
UH0220,2015,SCIAN 2013,17,,Continuidad sin cambio explícito,61,17,17,0
UH0220,2016,SCIAN 2013,4,,Continuidad sin cambio explícito,61,4,4,0
UH0220,2017,SCIAN 2013,4,,Continuidad sin cambio explícito,61,4,4,0
UH0220,2018,SCIAN 2018,4,,Continuidad sin cambio explícito,61,4,4,0
UH0220,2019,SCIAN 2018,3,,Continuidad sin cambio explícito,61,3,3,0
UH0220,2020,SCIAN 2018,0,,Continuidad sin cambio explícito,61,0,0,0
UH0220,2021,SCIAN 2018,0,,Continuidad sin cambio explícito,61,0,0,0
UH0220,2022,SCIAN 2018,0,,Continuidad sin cambio explícito,61,0,0,0
UH0220,2023,SCIAN 2018,0,,Continuidad sin cambio explícito,61,0,0,0
UH0220,2024,SCIAN 2023,0,,Continuidad sin cambio explícito,61,0,0,0
UH0220,2025,SCIAN 2023,0,,Continuidad sin cambio explícito,61,0,0,0
UH0220,2026,SCIAN 2023,0,,Continuidad sin cambio explícito,61,0,0,0
UH0221,2010,SCIAN 2007,913,,Continuidad sin cambio explícito,62,913,913,0
UH0221,2011,SCIAN 2007,914,,Continuidad sin cambio explícito,62,914,914,0
UH0221,2012,SCIAN 2007,915,,Continuidad sin cambio explícito,62,915,915,0
UH0221,2013,SCIAN 2007,914,,Continuidad sin cambio explícito,62,914,914,0
UH0221,2015,SCIAN 2013,1055,,Continuidad sin cambio explícito,62,1055,1055,0
UH0221,2016,SCIAN 2013,1057,,Continuidad sin cambio explícito,62,1057,1057,0
UH0221,2017,SCIAN 2013,1056,,Continuidad sin cambio explícito,62,1056,1056,0
UH0221,2018,SCIAN 2018,1056,,Continuidad sin cambio explícito,62,1056,1056,0
UH0221,2019,SCIAN 2018,1159,,Continuidad sin cambio explícito,62,1159,1159,0
UH0221,2020,SCIAN 2018,1185,,Continuidad sin cambio explícito,62,1185,1185,0
UH0221,2021,SCIAN 2018,1170,,Continuidad sin cambio explícito,62,1170,1170,0
UH0221,2022,SCIAN 2018,1170,,Continuidad sin cambio explícito,62,1170,1170,0
UH0221,2023,SCIAN 2018,1171,,Continuidad sin cambio explícito,62,1171,1171,0
UH0221,2024,SCIAN 2023,1284,,Continuidad sin cambio explícito,62,1284,1284,0
UH0221,2025,SCIAN 2023,1324,,Continuidad sin cambio explícito,62,1324,1324,0
UH0221,2026,SCIAN 2023,1384,,Continuidad sin cambio explícito,62,1384,1384,0
UH0222,2010,SCIAN 2007,1,,Continuidad sin cambio explícito,62,1,1,0
UH0222,2011,SCIAN 2007,1,,Continuidad sin cambio explícito,62,1,1,0
UH0222,2012,SCIAN 2007,1,,Continuidad sin cambio explícito,62,1,1,0
UH0222,2013,SCIAN 2007,1,,Continuidad sin cambio explícito,62,1,1,0
UH0222,2015,SCIAN 2013,2,,Continuidad sin cambio explícito,62,2,2,0
UH0222,2016,SCIAN 2013,3,,Continuidad sin cambio explícito,62,3,3,0
UH0222,2017,SCIAN 2013,3,,Continuidad sin cambio explícito,62,3,3,0
UH0222,2018,SCIAN 2018,3,,Continuidad sin cambio explícito,62,3,3,0
UH0222,2019,SCIAN 2018,2,,Continuidad sin cambio explícito,62,2,2,0
UH0222,2020,SCIAN 2018,2,,Continuidad sin cambio explícito,62,2,2,0
UH0222,2021,SCIAN 2018,2,,Continuidad sin cambio explícito,62,2,2,0
UH0222,2022,SCIAN 2018,2,,Continuidad sin cambio explícito,62,2,2,0
UH0222,2023,SCIAN 2018,2,,Continuidad sin cambio explícito,62,2,2,0
UH0222,2024,SCIAN 2023,1,,Continuidad sin cambio explícito,62,1,1,0
UH0222,2025,SCIAN 2023,1,,Continuidad sin cambio explícito,62,1,1,0
UH0222,2026,SCIAN 2023,1,,Continuidad sin cambio explícito,62,1,1,0
UH0223,2010,SCIAN 2007,23,,Continuidad sin cambio explícito,62,23,23,0
UH0223,2011,SCIAN 2007,23,,Continuidad sin cambio explícito,62,23,23,0
UH0223,2012,SCIAN 2007,23,,Continuidad sin cambio explícito,62,23,23,0
UH0223,2013,SCIAN 2007,23,,Continuidad sin cambio explícito,62,23,23,0
UH0223,2015,SCIAN 2013,8,,Continuidad sin cambio explícito,62,8,8,0
UH0223,2016,SCIAN 2013,10,,Continuidad sin cambio explícito,62,10,10,0
UH0223,2017,SCIAN 2013,10,,Continuidad sin cambio explícito,62,10,10,0
UH0223,2018,SCIAN 2018,10,,Continuidad sin cambio explícito,62,10,10,0
UH0223,2019,SCIAN 2018,22,,Continuidad sin cambio explícito,62,22,22,0
UH0223,2020,SCIAN 2018,22,,Continuidad sin cambio explícito,62,22,22,0
UH0223,2021,SCIAN 2018,20,,Continuidad sin cambio explícito,62,20,20,0
UH0223,2022,SCIAN 2018,20,,Continuidad sin cambio explícito,62,20,20,0
UH0223,2023,SCIAN 2018,20,,Continuidad sin cambio explícito,62,20,20,0
UH0223,2024,SCIAN 2023,39,,Continuidad sin cambio explícito,62,39,39,0
UH0223,2025,SCIAN 2023,39,,Continuidad sin cambio explícito,62,39,39,0
UH0223,2026,SCIAN 2023,43,,Continuidad sin cambio explícito,62,43,43,0
UH0224,2010,SCIAN 2007,5,,Continuidad sin cambio explícito,62,5,5,0
UH0224,2011,SCIAN 2007,5,,Continuidad sin cambio explícito,62,5,5,0
UH0224,2012,SCIAN 2007,6,,Continuidad sin cambio explícito,62,6,6,0
UH0224,2013,SCIAN 2007,6,,Continuidad sin cambio explícito,62,6,6,0
UH0224,2015,SCIAN 2013,7,,Continuidad sin cambio explícito,62,7,7,0
UH0224,2016,SCIAN 2013,10,,Continuidad sin cambio explícito,62,10,10,0
UH0224,2017,SCIAN 2013,9,,Continuidad sin cambio explícito,62,9,9,0
UH0224,2018,SCIAN 2018,9,,Continuidad sin cambio explícito,62,9,9,0
UH0224,2019,SCIAN 2018,54,,Continuidad sin cambio explícito,62,54,54,0
UH0224,2020,SCIAN 2018,55,,Continuidad sin cambio explícito,62,55,55,0
UH0224,2021,SCIAN 2018,58,,Continuidad sin cambio explícito,62,58,58,0
UH0224,2022,SCIAN 2018,58,,Continuidad sin cambio explícito,62,58,58,0
UH0224,2023,SCIAN 2018,58,,Continuidad sin cambio explícito,62,58,58,0
UH0224,2024,SCIAN 2023,67,,Continuidad sin cambio explícito,62,67,67,0
UH0224,2025,SCIAN 2023,69,,Continuidad sin cambio explícito,62,69,69,0
UH0224,2026,SCIAN 2023,70,,Continuidad sin cambio explícito,62,70,70,0
UH0225,2010,SCIAN 2007,76,,Continuidad sin cambio explícito,62,76,76,0
UH0225,2011,SCIAN 2007,76,,Continuidad sin cambio explícito,62,76,76,0
UH0225,2012,SCIAN 2007,76,,Continuidad sin cambio explícito,62,76,76,0
UH0225,2013,SCIAN 2007,79,,Continuidad sin cambio explícito,62,79,79,0
UH0225,2015,SCIAN 2013,100,,Continuidad sin cambio explícito,62,100,100,0
UH0225,2016,SCIAN 2013,99,,Continuidad sin cambio explícito,62,99,99,0
UH0225,2017,SCIAN 2013,100,,Continuidad sin cambio explícito,62,100,100,0
UH0225,2018,SCIAN 2018,100,,Continuidad sin cambio explícito,62,100,100,0
UH0225,2019,SCIAN 2018,129,,Continuidad sin cambio explícito,62,129,129,0
UH0225,2020,SCIAN 2018,133,,Continuidad sin cambio explícito,62,133,133,0
UH0225,2021,SCIAN 2018,129,,Continuidad sin cambio explícito,62,129,129,0
UH0225,2022,SCIAN 2018,128,,Continuidad sin cambio explícito,62,128,128,0
UH0225,2023,SCIAN 2018,128,,Continuidad sin cambio explícito,62,128,128,0
UH0225,2024,SCIAN 2023,173,,Continuidad sin cambio explícito,62,173,173,0
UH0225,2025,SCIAN 2023,185,,Continuidad sin cambio explícito,62,185,185,0
UH0225,2026,SCIAN 2023,203,,Continuidad sin cambio explícito,62,203,203,0
UH0226,2010,SCIAN 2007,5,,Continuidad sin cambio explícito,62,5,5,0
UH0226,2011,SCIAN 2007,5,,Continuidad sin cambio explícito,62,5,5,0
UH0226,2012,SCIAN 2007,5,,Continuidad sin cambio explícito,62,5,5,0
UH0226,2013,SCIAN 2007,5,,Continuidad sin cambio explícito,62,5,5,0
UH0226,2015,SCIAN 2013,5,,Continuidad sin cambio explícito,62,5,5,0
UH0226,2016,SCIAN 2013,5,,Continuidad sin cambio explícito,62,5,5,0
UH0226,2017,SCIAN 2013,5,,Continuidad sin cambio explícito,62,5,5,0
UH0226,2018,SCIAN 2018,5,,Continuidad sin cambio explícito,62,5,5,0
UH0226,2019,SCIAN 2018,4,,Continuidad sin cambio explícito,62,4,4,0
UH0226,2020,SCIAN 2018,4,,Continuidad sin cambio explícito,62,4,4,0
UH0226,2021,SCIAN 2018,4,,Continuidad sin cambio explícito,62,4,4,0
UH0226,2022,SCIAN 2018,4,,Continuidad sin cambio explícito,62,4,4,0
UH0226,2023,SCIAN 2018,4,,Continuidad sin cambio explícito,62,4,4,0
UH0226,2024,SCIAN 2023,3,,Continuidad sin cambio explícito,62,3,3,0
UH0226,2025,SCIAN 2023,4,,Continuidad sin cambio explícito,62,4,4,0
UH0226,2026,SCIAN 2023,4,,Continuidad sin cambio explícito,62,4,4,0
UH0227,2010,SCIAN 2007,29,,Continuidad sin cambio explícito,62,29,29,0
UH0227,2011,SCIAN 2007,29,,Continuidad sin cambio explícito,62,29,29,0
UH0227,2012,SCIAN 2007,28,,Continuidad sin cambio explícito,62,28,28,0
UH0227,2013,SCIAN 2007,28,,Continuidad sin cambio explícito,62,28,28,0
UH0227,2015,SCIAN 2013,34,,Continuidad sin cambio explícito,62,34,34,0
UH0227,2016,SCIAN 2013,36,,Continuidad sin cambio explícito,62,36,36,0
UH0227,2017,SCIAN 2013,38,,Continuidad sin cambio explícito,62,38,38,0
UH0227,2018,SCIAN 2018,38,,Continuidad sin cambio explícito,62,38,38,0
UH0227,2019,SCIAN 2018,51,,Continuidad sin cambio explícito,62,51,51,0
UH0227,2020,SCIAN 2018,51,,Continuidad sin cambio explícito,62,51,51,0
UH0227,2021,SCIAN 2018,53,,Continuidad sin cambio explícito,62,53,53,0
UH0227,2022,SCIAN 2018,53,,Continuidad sin cambio explícito,62,53,53,0
UH0227,2023,SCIAN 2018,54,,Continuidad sin cambio explícito,62,54,54,0
UH0227,2024,SCIAN 2023,82,,Continuidad sin cambio explícito,62,82,82,0
UH0227,2025,SCIAN 2023,86,,Continuidad sin cambio explícito,62,86,86,0
UH0227,2026,SCIAN 2023,97,,Continuidad sin cambio explícito,62,97,97,0
UH0228,2010,SCIAN 2007,0,,Continuidad sin cambio explícito,62,0,0,0
UH0228,2011,SCIAN 2007,0,,Continuidad sin cambio explícito,62,0,0,0
UH0228,2012,SCIAN 2007,0,,Continuidad sin cambio explícito,62,0,0,0
UH0228,2013,SCIAN 2007,0,,Continuidad sin cambio explícito,62,0,0,0
UH0228,2015,SCIAN 2013,3,,Continuidad sin cambio explícito,62,3,3,0
UH0228,2016,SCIAN 2013,3,,Continuidad sin cambio explícito,62,3,3,0
UH0228,2017,SCIAN 2013,3,,Continuidad sin cambio explícito,62,3,3,0
UH0228,2018,SCIAN 2018,3,,Continuidad sin cambio explícito,62,3,3,0
UH0228,2019,SCIAN 2018,5,,Continuidad sin cambio explícito,62,5,5,0
UH0228,2020,SCIAN 2018,5,,Continuidad sin cambio explícito,62,5,5,0
UH0228,2021,SCIAN 2018,5,,Continuidad sin cambio explícito,62,5,5,0
UH0228,2022,SCIAN 2018,5,,Continuidad sin cambio explícito,62,5,5,0
UH0228,2023,SCIAN 2018,5,,Continuidad sin cambio explícito,62,5,5,0
UH0228,2024,SCIAN 2023,2,,Continuidad sin cambio explícito,62,2,2,0
UH0228,2025,SCIAN 2023,2,,Continuidad sin cambio explícito,62,2,2,0
UH0228,2026,SCIAN 2023,2,,Continuidad sin cambio explícito,62,2,2,0
UH0229,2010,SCIAN 2007,21,,Continuidad sin cambio explícito,62,21,21,0
UH0229,2011,SCIAN 2007,21,,Continuidad sin cambio explícito,62,21,21,0
UH0229,2012,SCIAN 2007,22,,Continuidad sin cambio explícito,62,22,22,0
UH0229,2013,SCIAN 2007,22,,Continuidad sin cambio explícito,62,22,22,0
UH0229,2015,SCIAN 2013,36,,Continuidad sin cambio explícito,62,36,36,0
UH0229,2016,SCIAN 2013,36,,Continuidad sin cambio explícito,62,36,36,0
UH0229,2017,SCIAN 2013,36,,Continuidad sin cambio explícito,62,36,36,0
UH0229,2018,SCIAN 2018,36,,Continuidad sin cambio explícito,62,36,36,0
UH0229,2019,SCIAN 2018,69,,Continuidad sin cambio explícito,62,69,69,0
UH0229,2020,SCIAN 2018,69,,Continuidad sin cambio explícito,62,69,69,0
UH0229,2021,SCIAN 2018,67,,Continuidad sin cambio explícito,62,67,67,0
UH0229,2022,SCIAN 2018,67,,Continuidad sin cambio explícito,62,67,67,0
UH0229,2023,SCIAN 2018,65,,Continuidad sin cambio explícito,62,65,65,0
UH0229,2024,SCIAN 2023,111,,Continuidad sin cambio explícito,62,111,111,0
UH0229,2025,SCIAN 2023,116,,Continuidad sin cambio explícito,62,116,116,0
UH0229,2026,SCIAN 2023,122,,Continuidad sin cambio explícito,62,122,122,0
UH0230,2010,SCIAN 2007,58,,Continuidad sin cambio explícito,62,58,58,0
UH0230,2011,SCIAN 2007,58,,Continuidad sin cambio explícito,62,58,58,0
UH0230,2012,SCIAN 2007,58,,Continuidad sin cambio explícito,62,58,58,0
UH0230,2013,SCIAN 2007,57,,Continuidad sin cambio explícito,62,57,57,0
UH0230,2015,SCIAN 2013,77,,Continuidad sin cambio explícito,62,77,77,0
UH0230,2016,SCIAN 2013,77,,Continuidad sin cambio explícito,62,77,77,0
UH0230,2017,SCIAN 2013,77,,Continuidad sin cambio explícito,62,77,77,0
UH0230,2018,SCIAN 2018,77,,Continuidad sin cambio explícito,62,77,77,0
UH0230,2019,SCIAN 2018,107,,Continuidad sin cambio explícito,62,107,107,0
UH0230,2020,SCIAN 2018,112,,Continuidad sin cambio explícito,62,112,112,0
UH0230,2021,SCIAN 2018,113,,Continuidad sin cambio explícito,62,113,113,0
UH0230,2022,SCIAN 2018,113,,Continuidad sin cambio explícito,62,113,113,0
UH0230,2023,SCIAN 2018,114,,Continuidad sin cambio explícito,62,114,114,0
UH0230,2024,SCIAN 2023,103,,Continuidad sin cambio explícito,62,103,103,0
UH0230,2025,SCIAN 2023,105,,Continuidad sin cambio explícito,62,105,105,0
UH0230,2026,SCIAN 2023,115,,Continuidad sin cambio explícito,62,115,115,0
UH0231,2010,SCIAN 2007,2,,Continuidad sin cambio explícito,62,2,2,0
UH0231,2011,SCIAN 2007,2,,Continuidad sin cambio explícito,62,2,2,0
UH0231,2012,SCIAN 2007,2,,Continuidad sin cambio explícito,62,2,2,0
UH0231,2013,SCIAN 2007,2,,Continuidad sin cambio explícito,62,2,2,0
UH0231,2015,SCIAN 2013,0,,Continuidad sin cambio explícito,62,0,0,0
UH0231,2016,SCIAN 2013,1,,Continuidad sin cambio explícito,62,1,1,0
UH0231,2017,SCIAN 2013,1,,Continuidad sin cambio explícito,62,1,1,0
UH0231,2018,SCIAN 2018,1,,Continuidad sin cambio explícito,62,1,1,0
UH0231,2019,SCIAN 2018,0,,Continuidad sin cambio explícito,62,0,0,0
UH0231,2020,SCIAN 2018,0,,Continuidad sin cambio explícito,62,0,0,0
UH0231,2021,SCIAN 2018,0,,Continuidad sin cambio explícito,62,0,0,0
UH0231,2022,SCIAN 2018,0,,Continuidad sin cambio explícito,62,0,0,0
UH0231,2023,SCIAN 2018,0,,Continuidad sin cambio explícito,62,0,0,0
UH0231,2024,SCIAN 2023,0,,Continuidad sin cambio explícito,62,0,0,0
UH0231,2025,SCIAN 2023,0,,Continuidad sin cambio explícito,62,0,0,0
UH0231,2026,SCIAN 2023,0,,Continuidad sin cambio explícito,62,0,0,0
UH0232,2010,SCIAN 2007,1,,Continuidad sin cambio explícito,62,1,1,0
UH0232,2011,SCIAN 2007,0,,Continuidad sin cambio explícito,62,0,0,0
UH0232,2012,SCIAN 2007,0,,Continuidad sin cambio explícito,62,0,0,0
UH0232,2013,SCIAN 2007,0,,Continuidad sin cambio explícito,62,0,0,0
UH0232,2015,SCIAN 2013,0,,Continuidad sin cambio explícito,62,0,0,0
UH0232,2016,SCIAN 2013,0,,Continuidad sin cambio explícito,62,0,0,0
UH0232,2017,SCIAN 2013,0,,Continuidad sin cambio explícito,62,0,0,0
UH0232,2018,SCIAN 2018,0,,Continuidad sin cambio explícito,62,0,0,0
UH0232,2019,SCIAN 2018,4,,Continuidad sin cambio explícito,62,4,4,0
UH0232,2020,SCIAN 2018,3,,Continuidad sin cambio explícito,62,3,3,0
UH0232,2021,SCIAN 2018,3,,Continuidad sin cambio explícito,62,3,3,0
UH0232,2022,SCIAN 2018,3,,Continuidad sin cambio explícito,62,3,3,0
UH0232,2023,SCIAN 2018,3,,Continuidad sin cambio explícito,62,3,3,0
UH0232,2024,SCIAN 2023,3,,Continuidad sin cambio explícito,62,3,3,0
UH0232,2025,SCIAN 2023,3,,Continuidad sin cambio explícito,62,3,3,0
UH0232,2026,SCIAN 2023,3,,Continuidad sin cambio explícito,62,3,3,0
UH0233,2010,SCIAN 2007,4,,Continuidad sin cambio explícito,62,4,4,0
UH0233,2011,SCIAN 2007,4,,Continuidad sin cambio explícito,62,4,4,0
UH0233,2012,SCIAN 2007,4,,Continuidad sin cambio explícito,62,4,4,0
UH0233,2013,SCIAN 2007,4,,Continuidad sin cambio explícito,62,4,4,0
UH0233,2015,SCIAN 2013,4,,Continuidad sin cambio explícito,62,4,4,0
UH0233,2016,SCIAN 2013,4,,Continuidad sin cambio explícito,62,4,4,0
UH0233,2017,SCIAN 2013,4,,Continuidad sin cambio explícito,62,4,4,0
UH0233,2018,SCIAN 2018,4,,Continuidad sin cambio explícito,62,4,4,0
UH0233,2019,SCIAN 2018,15,,Continuidad sin cambio explícito,62,15,15,0
UH0233,2020,SCIAN 2018,15,,Continuidad sin cambio explícito,62,15,15,0
UH0233,2021,SCIAN 2018,16,,Continuidad sin cambio explícito,62,16,16,0
UH0233,2022,SCIAN 2018,16,,Continuidad sin cambio explícito,62,16,16,0
UH0233,2023,SCIAN 2018,16,,Continuidad sin cambio explícito,62,16,16,0
UH0233,2024,SCIAN 2023,22,,Continuidad sin cambio explícito,62,22,22,0
UH0233,2025,SCIAN 2023,21,,Continuidad sin cambio explícito,62,21,21,0
UH0233,2026,SCIAN 2023,22,,Continuidad sin cambio explícito,62,22,22,0
UH0234,2010,SCIAN 2007,4,,Continuidad sin cambio explícito,62,4,4,0
UH0234,2011,SCIAN 2007,4,,Continuidad sin cambio explícito,62,4,4,0
UH0234,2012,SCIAN 2007,4,,Continuidad sin cambio explícito,62,4,4,0
UH0234,2013,SCIAN 2007,4,,Continuidad sin cambio explícito,62,4,4,0
UH0234,2015,SCIAN 2013,6,,Continuidad sin cambio explícito,62,6,6,0
UH0234,2016,SCIAN 2013,4,,Continuidad sin cambio explícito,62,4,4,0
UH0234,2017,SCIAN 2013,4,,Continuidad sin cambio explícito,62,4,4,0
UH0234,2018,SCIAN 2018,4,,Continuidad sin cambio explícito,62,4,4,0
UH0234,2019,SCIAN 2018,6,,Continuidad sin cambio explícito,62,6,6,0
UH0234,2020,SCIAN 2018,6,,Continuidad sin cambio explícito,62,6,6,0
UH0234,2021,SCIAN 2018,5,,Continuidad sin cambio explícito,62,5,5,0
UH0234,2022,SCIAN 2018,6,,Continuidad sin cambio explícito,62,6,6,0
UH0234,2023,SCIAN 2018,6,,Continuidad sin cambio explícito,62,6,6,0
UH0234,2024,SCIAN 2023,10,,Continuidad sin cambio explícito,62,10,10,0
UH0234,2025,SCIAN 2023,11,,Continuidad sin cambio explícito,62,11,11,0
UH0234,2026,SCIAN 2023,11,,Continuidad sin cambio explícito,62,11,11,0
UH0235,2010,SCIAN 2007,143,,Continuidad sin cambio explícito,62,143,143,0
UH0235,2011,SCIAN 2007,143,,Continuidad sin cambio explícito,62,143,143,0
UH0235,2012,SCIAN 2007,151,,Continuidad sin cambio explícito,62,151,151,0
UH0235,2013,SCIAN 2007,153,,Continuidad sin cambio explícito,62,153,153,0
UH0235,2015,SCIAN 2013,165,,Continuidad sin cambio explícito,62,165,165,0
UH0235,2016,SCIAN 2013,168,,Continuidad sin cambio explícito,62,168,168,0
UH0235,2017,SCIAN 2013,169,,Continuidad sin cambio explícito,62,169,169,0
UH0235,2018,SCIAN 2018,169,,Continuidad sin cambio explícito,62,169,169,0
UH0235,2019,SCIAN 2018,190,,Continuidad sin cambio explícito,62,190,190,0
UH0235,2020,SCIAN 2018,197,,Continuidad sin cambio explícito,62,197,197,0
UH0235,2021,SCIAN 2018,201,,Continuidad sin cambio explícito,62,201,201,0
UH0235,2022,SCIAN 2018,202,,Continuidad sin cambio explícito,62,202,202,0
UH0235,2023,SCIAN 2018,206,,Continuidad sin cambio explícito,62,206,206,0
UH0235,2024,SCIAN 2023,232,,Continuidad sin cambio explícito,62,232,232,0
UH0235,2025,SCIAN 2023,236,,Continuidad sin cambio explícito,62,236,236,0
UH0235,2026,SCIAN 2023,245,,Continuidad sin cambio explícito,62,245,245,0
UH0236,2010,SCIAN 2007,1,,Continuidad sin cambio explícito,62,1,1,0
UH0236,2011,SCIAN 2007,1,,Continuidad sin cambio explícito,62,1,1,0
UH0236,2012,SCIAN 2007,1,,Continuidad sin cambio explícito,62,1,1,0
UH0236,2013,SCIAN 2007,1,,Continuidad sin cambio explícito,62,1,1,0
UH0236,2015,SCIAN 2013,1,,Continuidad sin cambio explícito,62,1,1,0
UH0236,2016,SCIAN 2013,1,,Continuidad sin cambio explícito,62,1,1,0
UH0236,2017,SCIAN 2013,1,,Continuidad sin cambio explícito,62,1,1,0
UH0236,2018,SCIAN 2018,1,,Continuidad sin cambio explícito,62,1,1,0
UH0236,2019,SCIAN 2018,2,,Continuidad sin cambio explícito,62,2,2,0
UH0236,2020,SCIAN 2018,2,,Continuidad sin cambio explícito,62,2,2,0
UH0236,2021,SCIAN 2018,2,,Continuidad sin cambio explícito,62,2,2,0
UH0236,2022,SCIAN 2018,2,,Continuidad sin cambio explícito,62,2,2,0
UH0236,2023,SCIAN 2018,2,,Continuidad sin cambio explícito,62,2,2,0
UH0236,2024,SCIAN 2023,1,,Continuidad sin cambio explícito,62,1,1,0
UH0236,2025,SCIAN 2023,1,,Continuidad sin cambio explícito,62,1,1,0
UH0236,2026,SCIAN 2023,1,,Continuidad sin cambio explícito,62,1,1,0
UH0237,2010,SCIAN 2007,1,,Continuidad sin cambio explícito,62,1,1,0
UH0237,2011,SCIAN 2007,1,,Continuidad sin cambio explícito,62,1,1,0
UH0237,2012,SCIAN 2007,1,,Continuidad sin cambio explícito,62,1,1,0
UH0237,2013,SCIAN 2007,1,,Continuidad sin cambio explícito,62,1,1,0
UH0237,2015,SCIAN 2013,2,,Continuidad sin cambio explícito,62,2,2,0
UH0237,2016,SCIAN 2013,1,,Continuidad sin cambio explícito,62,1,1,0
UH0237,2017,SCIAN 2013,1,,Continuidad sin cambio explícito,62,1,1,0
UH0237,2018,SCIAN 2018,1,,Continuidad sin cambio explícito,62,1,1,0
UH0237,2019,SCIAN 2018,2,,Continuidad sin cambio explícito,62,2,2,0
UH0237,2020,SCIAN 2018,2,,Continuidad sin cambio explícito,62,2,2,0
UH0237,2021,SCIAN 2018,2,,Continuidad sin cambio explícito,62,2,2,0
UH0237,2022,SCIAN 2018,2,,Continuidad sin cambio explícito,62,2,2,0
UH0237,2023,SCIAN 2018,2,,Continuidad sin cambio explícito,62,2,2,0
UH0237,2024,SCIAN 2023,0,,Continuidad sin cambio explícito,62,0,0,0
UH0237,2025,SCIAN 2023,0,,Continuidad sin cambio explícito,62,0,0,0
UH0237,2026,SCIAN 2023,1,,Continuidad sin cambio explícito,62,1,1,0
UH0238,2010,SCIAN 2007,4,,Continuidad sin cambio explícito,62,4,4,0
UH0238,2011,SCIAN 2007,4,,Continuidad sin cambio explícito,62,4,4,0
UH0238,2012,SCIAN 2007,4,,Continuidad sin cambio explícito,62,4,4,0
UH0238,2013,SCIAN 2007,4,,Continuidad sin cambio explícito,62,4,4,0
UH0238,2015,SCIAN 2013,3,,Continuidad sin cambio explícito,62,3,3,0
UH0238,2016,SCIAN 2013,3,,Continuidad sin cambio explícito,62,3,3,0
UH0238,2017,SCIAN 2013,3,,Continuidad sin cambio explícito,62,3,3,0
UH0238,2018,SCIAN 2018,3,,Continuidad sin cambio explícito,62,3,3,0
UH0238,2019,SCIAN 2018,6,,Continuidad sin cambio explícito,62,6,6,0
UH0238,2020,SCIAN 2018,6,,Continuidad sin cambio explícito,62,6,6,0
UH0238,2021,SCIAN 2018,6,,Continuidad sin cambio explícito,62,6,6,0
UH0238,2022,SCIAN 2018,6,,Continuidad sin cambio explícito,62,6,6,0
UH0238,2023,SCIAN 2018,6,,Continuidad sin cambio explícito,62,6,6,0
UH0238,2024,SCIAN 2023,6,,Continuidad sin cambio explícito,62,6,6,0
UH0238,2025,SCIAN 2023,4,,Continuidad sin cambio explícito,62,4,4,0
UH0238,2026,SCIAN 2023,4,,Continuidad sin cambio explícito,62,4,4,0
UH0239,2010,SCIAN 2007,2,,Continuidad sin cambio explícito,62,2,2,0
UH0239,2011,SCIAN 2007,2,,Continuidad sin cambio explícito,62,2,2,0
UH0239,2012,SCIAN 2007,3,,Continuidad sin cambio explícito,62,3,3,0
UH0239,2013,SCIAN 2007,3,,Continuidad sin cambio explícito,62,3,3,0
UH0239,2015,SCIAN 2013,0,,Continuidad sin cambio explícito,62,0,0,0
UH0239,2016,SCIAN 2013,0,,Continuidad sin cambio explícito,62,0,0,0
UH0239,2017,SCIAN 2013,0,,Continuidad sin cambio explícito,62,0,0,0
UH0239,2018,SCIAN 2018,0,,Continuidad sin cambio explícito,62,0,0,0
UH0239,2019,SCIAN 2018,1,,Continuidad sin cambio explícito,62,1,1,0
UH0239,2020,SCIAN 2018,1,,Continuidad sin cambio explícito,62,1,1,0
UH0239,2021,SCIAN 2018,1,,Continuidad sin cambio explícito,62,1,1,0
UH0239,2022,SCIAN 2018,1,,Continuidad sin cambio explícito,62,1,1,0
UH0239,2023,SCIAN 2018,1,,Continuidad sin cambio explícito,62,1,1,0
UH0239,2024,SCIAN 2023,1,,Continuidad sin cambio explícito,62,1,1,0
UH0239,2025,SCIAN 2023,1,,Continuidad sin cambio explícito,62,1,1,0
UH0239,2026,SCIAN 2023,1,,Continuidad sin cambio explícito,62,1,1,0
UH0240,2010,SCIAN 2007,0,,Continuidad sin cambio explícito,62,0,0,0
UH0240,2011,SCIAN 2007,0,,Continuidad sin cambio explícito,62,0,0,0
UH0240,2012,SCIAN 2007,0,,Continuidad sin cambio explícito,62,0,0,0
UH0240,2013,SCIAN 2007,0,,Continuidad sin cambio explícito,62,0,0,0
UH0240,2015,SCIAN 2013,1,,Continuidad sin cambio explícito,62,1,1,0
UH0240,2016,SCIAN 2013,1,,Continuidad sin cambio explícito,62,1,1,0
UH0240,2017,SCIAN 2013,1,,Continuidad sin cambio explícito,62,1,1,0
UH0240,2018,SCIAN 2018,1,,Continuidad sin cambio explícito,62,1,1,0
UH0240,2019,SCIAN 2018,1,,Continuidad sin cambio explícito,62,1,1,0
UH0240,2020,SCIAN 2018,1,,Continuidad sin cambio explícito,62,1,1,0
UH0240,2021,SCIAN 2018,1,,Continuidad sin cambio explícito,62,1,1,0
UH0240,2022,SCIAN 2018,1,,Continuidad sin cambio explícito,62,1,1,0
UH0240,2023,SCIAN 2018,1,,Continuidad sin cambio explícito,62,1,1,0
UH0240,2024,SCIAN 2023,1,,Continuidad sin cambio explícito,62,1,1,0
UH0240,2025,SCIAN 2023,1,,Continuidad sin cambio explícito,62,1,1,0
UH0240,2026,SCIAN 2023,1,,Continuidad sin cambio explícito,62,1,1,0
UH0241,2010,SCIAN 2007,28,,Continuidad sin cambio explícito,62,28,28,0
UH0241,2011,SCIAN 2007,31,,Continuidad sin cambio explícito,62,31,31,0
UH0241,2012,SCIAN 2007,32,,Continuidad sin cambio explícito,62,32,32,0
UH0241,2013,SCIAN 2007,32,,Continuidad sin cambio explícito,62,32,32,0
UH0241,2015,SCIAN 2013,33,,Continuidad sin cambio explícito,62,33,33,0
UH0241,2016,SCIAN 2013,23,,Continuidad sin cambio explícito,62,23,23,0
UH0241,2017,SCIAN 2013,23,,Continuidad sin cambio explícito,62,23,23,0
UH0241,2018,SCIAN 2018,23,,Continuidad sin cambio explícito,62,23,23,0
UH0241,2019,SCIAN 2018,24,,Continuidad sin cambio explícito,62,24,24,0
UH0241,2020,SCIAN 2018,25,,Continuidad sin cambio explícito,62,25,25,0
UH0241,2021,SCIAN 2018,25,,Continuidad sin cambio explícito,62,25,25,0
UH0241,2022,SCIAN 2018,26,,Continuidad sin cambio explícito,62,26,26,0
UH0241,2023,SCIAN 2018,26,,Continuidad sin cambio explícito,62,26,26,0
UH0241,2024,SCIAN 2023,31,,Continuidad sin cambio explícito,62,31,31,0
UH0241,2025,SCIAN 2023,31,,Continuidad sin cambio explícito,62,31,31,0
UH0241,2026,SCIAN 2023,33,,Continuidad sin cambio explícito,62,33,33,0
UH0242,2010,SCIAN 2007,16,,Continuidad sin cambio explícito,62,16,16,0
UH0242,2011,SCIAN 2007,16,,Continuidad sin cambio explícito,62,16,16,0
UH0242,2012,SCIAN 2007,17,,Continuidad sin cambio explícito,62,17,17,0
UH0242,2013,SCIAN 2007,17,,Continuidad sin cambio explícito,62,17,17,0
UH0242,2015,SCIAN 2013,18,,Continuidad sin cambio explícito,62,18,18,0
UH0242,2016,SCIAN 2013,17,,Continuidad sin cambio explícito,62,17,17,0
UH0242,2017,SCIAN 2013,17,,Continuidad sin cambio explícito,62,17,17,0
UH0242,2018,SCIAN 2018,17,,Continuidad sin cambio explícito,62,17,17,0
UH0242,2019,SCIAN 2018,13,,Continuidad sin cambio explícito,62,13,13,0
UH0242,2020,SCIAN 2018,15,,Continuidad sin cambio explícito,62,15,15,0
UH0242,2021,SCIAN 2018,14,,Continuidad sin cambio explícito,62,14,14,0
UH0242,2022,SCIAN 2018,14,,Continuidad sin cambio explícito,62,14,14,0
UH0242,2023,SCIAN 2018,14,,Continuidad sin cambio explícito,62,14,14,0
UH0242,2024,SCIAN 2023,15,,Continuidad sin cambio explícito,62,15,15,0
UH0242,2025,SCIAN 2023,13,,Continuidad sin cambio explícito,62,13,13,0
UH0242,2026,SCIAN 2023,13,,Continuidad sin cambio explícito,62,13,13,0
UH0243,2010,SCIAN 2007,1,,Continuidad sin cambio explícito,62,1,1,0
UH0243,2011,SCIAN 2007,1,,Continuidad sin cambio explícito,62,1,1,0
UH0243,2012,SCIAN 2007,1,,Continuidad sin cambio explícito,62,1,1,0
UH0243,2013,SCIAN 2007,1,,Continuidad sin cambio explícito,62,1,1,0
UH0243,2015,SCIAN 2013,1,,Continuidad sin cambio explícito,62,1,1,0
UH0243,2016,SCIAN 2013,1,,Continuidad sin cambio explícito,62,1,1,0
UH0243,2017,SCIAN 2013,1,,Continuidad sin cambio explícito,62,1,1,0
UH0243,2018,SCIAN 2018,1,,Continuidad sin cambio explícito,62,1,1,0
UH0243,2019,SCIAN 2018,1,,Continuidad sin cambio explícito,62,1,1,0
UH0243,2020,SCIAN 2018,1,,Continuidad sin cambio explícito,62,1,1,0
UH0243,2021,SCIAN 2018,1,,Continuidad sin cambio explícito,62,1,1,0
UH0243,2022,SCIAN 2018,1,,Continuidad sin cambio explícito,62,1,1,0
UH0243,2023,SCIAN 2018,1,,Continuidad sin cambio explícito,62,1,1,0
UH0243,2024,SCIAN 2023,1,,Continuidad sin cambio explícito,62,1,1,0
UH0243,2025,SCIAN 2023,1,,Continuidad sin cambio explícito,62,1,1,0
UH0243,2026,SCIAN 2023,1,,Continuidad sin cambio explícito,62,1,1,0
UH0244,2010,SCIAN 2007,19,,Continuidad sin cambio explícito,62,19,19,0
UH0244,2011,SCIAN 2007,18,,Continuidad sin cambio explícito,62,18,18,0
UH0244,2012,SCIAN 2007,19,,Continuidad sin cambio explícito,62,19,19,0
UH0244,2013,SCIAN 2007,20,,Continuidad sin cambio explícito,62,20,20,0
UH0244,2015,SCIAN 2013,13,,Continuidad sin cambio explícito,62,13,13,0
UH0244,2016,SCIAN 2013,12,,Continuidad sin cambio explícito,62,12,12,0
UH0244,2017,SCIAN 2013,12,,Continuidad sin cambio explícito,62,12,12,0
UH0244,2018,SCIAN 2018,12,,Continuidad sin cambio explícito,62,12,12,0
UH0244,2019,SCIAN 2018,9,,Continuidad sin cambio explícito,62,9,9,0
UH0244,2020,SCIAN 2018,9,,Continuidad sin cambio explícito,62,9,9,0
UH0244,2021,SCIAN 2018,9,,Continuidad sin cambio explícito,62,9,9,0
UH0244,2022,SCIAN 2018,9,,Continuidad sin cambio explícito,62,9,9,0
UH0244,2023,SCIAN 2018,10,,Continuidad sin cambio explícito,62,10,10,0
UH0244,2024,SCIAN 2023,11,,Continuidad sin cambio explícito,62,11,11,0
UH0244,2025,SCIAN 2023,11,,Continuidad sin cambio explícito,62,11,11,0
UH0244,2026,SCIAN 2023,11,,Continuidad sin cambio explícito,62,11,11,0
UH0245,2010,SCIAN 2007,0,,Continuidad sin cambio explícito,62,0,0,0
UH0245,2011,SCIAN 2007,0,,Continuidad sin cambio explícito,62,0,0,0
UH0245,2012,SCIAN 2007,0,,Continuidad sin cambio explícito,62,0,0,0
UH0245,2013,SCIAN 2007,0,,Continuidad sin cambio explícito,62,0,0,0
UH0245,2015,SCIAN 2013,1,,Continuidad sin cambio explícito,62,1,1,0
UH0245,2016,SCIAN 2013,1,,Continuidad sin cambio explícito,62,1,1,0
UH0245,2017,SCIAN 2013,1,,Continuidad sin cambio explícito,62,1,1,0
UH0245,2018,SCIAN 2018,1,,Continuidad sin cambio explícito,62,1,1,0
UH0245,2019,SCIAN 2018,4,,Continuidad sin cambio explícito,62,4,4,0
UH0245,2020,SCIAN 2018,4,,Continuidad sin cambio explícito,62,4,4,0
UH0245,2021,SCIAN 2018,4,,Continuidad sin cambio explícito,62,4,4,0
UH0245,2022,SCIAN 2018,4,,Continuidad sin cambio explícito,62,4,4,0
UH0245,2023,SCIAN 2018,4,,Continuidad sin cambio explícito,62,4,4,0
UH0245,2024,SCIAN 2023,9,,Continuidad sin cambio explícito,62,9,9,0
UH0245,2025,SCIAN 2023,6,,Continuidad sin cambio explícito,62,6,6,0
UH0245,2026,SCIAN 2023,6,,Continuidad sin cambio explícito,62,6,6,0
UH0246,2010,SCIAN 2007,1,,Continuidad sin cambio explícito,62,1,1,0
UH0246,2011,SCIAN 2007,1,,Continuidad sin cambio explícito,62,1,1,0
UH0246,2012,SCIAN 2007,1,,Continuidad sin cambio explícito,62,1,1,0
UH0246,2013,SCIAN 2007,1,,Continuidad sin cambio explícito,62,1,1,0
UH0246,2015,SCIAN 2013,0,,Continuidad sin cambio explícito,62,0,0,0
UH0246,2016,SCIAN 2013,0,,Continuidad sin cambio explícito,62,0,0,0
UH0246,2017,SCIAN 2013,0,,Continuidad sin cambio explícito,62,0,0,0
UH0246,2018,SCIAN 2018,0,,Continuidad sin cambio explícito,62,0,0,0
UH0246,2019,SCIAN 2018,0,,Continuidad sin cambio explícito,62,0,0,0
UH0246,2020,SCIAN 2018,0,,Continuidad sin cambio explícito,62,0,0,0
UH0246,2021,SCIAN 2018,0,,Continuidad sin cambio explícito,62,0,0,0
UH0246,2022,SCIAN 2018,0,,Continuidad sin cambio explícito,62,0,0,0
UH0246,2023,SCIAN 2018,0,,Continuidad sin cambio explícito,62,0,0,0
UH0246,2024,SCIAN 2023,1,,Continuidad sin cambio explícito,62,1,1,0
UH0246,2025,SCIAN 2023,1,,Continuidad sin cambio explícito,62,1,1,0
UH0246,2026,SCIAN 2023,1,,Continuidad sin cambio explícito,62,1,1,0
UH0247,2010,SCIAN 2007,1,,Continuidad sin cambio explícito,62,1,1,0
UH0247,2011,SCIAN 2007,2,,Continuidad sin cambio explícito,62,2,2,0
UH0247,2012,SCIAN 2007,2,,Continuidad sin cambio explícito,62,2,2,0
UH0247,2013,SCIAN 2007,2,,Continuidad sin cambio explícito,62,2,2,0
UH0247,2015,SCIAN 2013,1,,Continuidad sin cambio explícito,62,1,1,0
UH0247,2016,SCIAN 2013,1,,Continuidad sin cambio explícito,62,1,1,0
UH0247,2017,SCIAN 2013,1,,Continuidad sin cambio explícito,62,1,1,0
UH0247,2018,SCIAN 2018,1,,Continuidad sin cambio explícito,62,1,1,0
UH0247,2019,SCIAN 2018,11,,Continuidad sin cambio explícito,62,11,11,0
UH0247,2020,SCIAN 2018,11,,Continuidad sin cambio explícito,62,11,11,0
UH0247,2021,SCIAN 2018,12,,Continuidad sin cambio explícito,62,12,12,0
UH0247,2022,SCIAN 2018,12,,Continuidad sin cambio explícito,62,12,12,0
UH0247,2023,SCIAN 2018,12,,Continuidad sin cambio explícito,62,12,12,0
UH0247,2024,SCIAN 2023,34,,Continuidad sin cambio explícito,62,34,34,0
UH0247,2025,SCIAN 2023,34,,Continuidad sin cambio explícito,62,34,34,0
UH0247,2026,SCIAN 2023,31,,Continuidad sin cambio explícito,62,31,31,0
UH0248,2010,SCIAN 2007,4,,Continuidad sin cambio explícito,62,4,4,0
UH0248,2011,SCIAN 2007,5,,Continuidad sin cambio explícito,62,5,5,0
UH0248,2012,SCIAN 2007,5,,Continuidad sin cambio explícito,62,5,5,0
UH0248,2013,SCIAN 2007,5,,Continuidad sin cambio explícito,62,5,5,0
UH0248,2015,SCIAN 2013,8,,Continuidad sin cambio explícito,62,8,8,0
UH0248,2016,SCIAN 2013,8,,Continuidad sin cambio explícito,62,8,8,0
UH0248,2017,SCIAN 2013,8,,Continuidad sin cambio explícito,62,8,8,0
UH0248,2018,SCIAN 2018,8,,Continuidad sin cambio explícito,62,8,8,0
UH0248,2019,SCIAN 2018,10,,Continuidad sin cambio explícito,62,10,10,0
UH0248,2020,SCIAN 2018,11,,Continuidad sin cambio explícito,62,11,11,0
UH0248,2021,SCIAN 2018,11,,Continuidad sin cambio explícito,62,11,11,0
UH0248,2022,SCIAN 2018,11,,Continuidad sin cambio explícito,62,11,11,0
UH0248,2023,SCIAN 2018,11,,Continuidad sin cambio explícito,62,11,11,0
UH0248,2024,SCIAN 2023,19,,Continuidad sin cambio explícito,62,19,19,0
UH0248,2025,SCIAN 2023,19,,Continuidad sin cambio explícito,62,19,19,0
UH0248,2026,SCIAN 2023,20,,Continuidad sin cambio explícito,62,20,20,0
UH0249,2010,SCIAN 2007,1,,Continuidad sin cambio explícito,62,1,1,0
UH0249,2011,SCIAN 2007,1,,Continuidad sin cambio explícito,62,1,1,0
UH0249,2012,SCIAN 2007,1,,Continuidad sin cambio explícito,62,1,1,0
UH0249,2013,SCIAN 2007,1,,Continuidad sin cambio explícito,62,1,1,0
UH0249,2015,SCIAN 2013,1,,Continuidad sin cambio explícito,62,1,1,0
UH0249,2016,SCIAN 2013,1,,Continuidad sin cambio explícito,62,1,1,0
UH0249,2017,SCIAN 2013,1,,Continuidad sin cambio explícito,62,1,1,0
UH0249,2018,SCIAN 2018,1,,Continuidad sin cambio explícito,62,1,1,0
UH0249,2019,SCIAN 2018,1,,Continuidad sin cambio explícito,62,1,1,0
UH0249,2020,SCIAN 2018,1,,Continuidad sin cambio explícito,62,1,1,0
UH0249,2021,SCIAN 2018,1,,Continuidad sin cambio explícito,62,1,1,0
UH0249,2022,SCIAN 2018,1,,Continuidad sin cambio explícito,62,1,1,0
UH0249,2023,SCIAN 2018,1,,Continuidad sin cambio explícito,62,1,1,0
UH0249,2024,SCIAN 2023,1,,Continuidad sin cambio explícito,62,1,1,0
UH0249,2025,SCIAN 2023,1,,Continuidad sin cambio explícito,62,1,1,0
UH0249,2026,SCIAN 2023,1,,Continuidad sin cambio explícito,62,1,1,0
UH0250,2010,SCIAN 2007,9,,Continuidad sin cambio explícito,62,9,9,0
UH0250,2011,SCIAN 2007,9,,Continuidad sin cambio explícito,62,9,9,0
UH0250,2012,SCIAN 2007,9,,Continuidad sin cambio explícito,62,9,9,0
UH0250,2013,SCIAN 2007,9,,Continuidad sin cambio explícito,62,9,9,0
UH0250,2015,SCIAN 2013,16,,Continuidad sin cambio explícito,62,16,16,0
UH0250,2016,SCIAN 2013,17,,Continuidad sin cambio explícito,62,17,17,0
UH0250,2017,SCIAN 2013,17,,Continuidad sin cambio explícito,62,17,17,0
UH0250,2018,SCIAN 2018,17,,Continuidad sin cambio explícito,62,17,17,0
UH0250,2019,SCIAN 2018,14,,Continuidad sin cambio explícito,62,14,14,0
UH0250,2020,SCIAN 2018,14,,Continuidad sin cambio explícito,62,14,14,0
UH0250,2021,SCIAN 2018,13,,Continuidad sin cambio explícito,62,13,13,0
UH0250,2022,SCIAN 2018,13,,Continuidad sin cambio explícito,62,13,13,0
UH0250,2023,SCIAN 2018,13,,Continuidad sin cambio explícito,62,13,13,0
UH0250,2024,SCIAN 2023,8,,Continuidad sin cambio explícito,62,8,8,0
UH0250,2025,SCIAN 2023,8,,Continuidad sin cambio explícito,62,8,8,0
UH0250,2026,SCIAN 2023,8,,Continuidad sin cambio explícito,62,8,8,0
UH0251,2010,SCIAN 2007,27,,Continuidad sin cambio explícito,62,27,27,0
UH0251,2011,SCIAN 2007,28,,Continuidad sin cambio explícito,62,28,28,0
UH0251,2012,SCIAN 2007,27,,Continuidad sin cambio explícito,62,27,27,0
UH0251,2013,SCIAN 2007,27,,Continuidad sin cambio explícito,62,27,27,0
UH0251,2015,SCIAN 2013,5,,Continuidad sin cambio explícito,62,5,5,0
UH0251,2016,SCIAN 2013,26,,Continuidad sin cambio explícito,62,26,26,0
UH0251,2017,SCIAN 2013,26,,Continuidad sin cambio explícito,62,26,26,0
UH0251,2018,SCIAN 2018,26,,Continuidad sin cambio explícito,62,26,26,0
UH0251,2019,SCIAN 2018,28,,Continuidad sin cambio explícito,62,28,28,0
UH0251,2020,SCIAN 2018,28,,Continuidad sin cambio explícito,62,28,28,0
UH0251,2021,SCIAN 2018,28,,Continuidad sin cambio explícito,62,28,28,0
UH0251,2022,SCIAN 2018,28,,Continuidad sin cambio explícito,62,28,28,0
UH0251,2023,SCIAN 2018,28,,Continuidad sin cambio explícito,62,28,28,0
UH0251,2024,SCIAN 2023,26,,Continuidad sin cambio explícito,62,26,26,0
UH0251,2025,SCIAN 2023,26,,Continuidad sin cambio explícito,62,26,26,0
UH0251,2026,SCIAN 2023,26,,Continuidad sin cambio explícito,62,26,26,0
UH0252,2010,SCIAN 2007,1,,Continuidad sin cambio explícito,62,1,1,0
UH0252,2011,SCIAN 2007,1,,Continuidad sin cambio explícito,62,1,1,0
UH0252,2012,SCIAN 2007,1,,Continuidad sin cambio explícito,62,1,1,0
UH0252,2013,SCIAN 2007,1,,Continuidad sin cambio explícito,62,1,1,0
UH0252,2015,SCIAN 2013,3,,Continuidad sin cambio explícito,62,3,3,0
UH0252,2016,SCIAN 2013,3,,Continuidad sin cambio explícito,62,3,3,0
UH0252,2017,SCIAN 2013,3,,Continuidad sin cambio explícito,62,3,3,0
UH0252,2018,SCIAN 2018,3,,Continuidad sin cambio explícito,62,3,3,0
UH0252,2019,SCIAN 2018,9,,Continuidad sin cambio explícito,62,9,9,0
UH0252,2020,SCIAN 2018,10,,Continuidad sin cambio explícito,62,10,10,0
UH0252,2021,SCIAN 2018,11,,Continuidad sin cambio explícito,62,11,11,0
UH0252,2022,SCIAN 2018,10,,Continuidad sin cambio explícito,62,10,10,0
UH0252,2023,SCIAN 2018,10,,Continuidad sin cambio explícito,62,10,10,0
UH0252,2024,SCIAN 2023,6,,Continuidad sin cambio explícito,62,6,6,0
UH0252,2025,SCIAN 2023,5,,Continuidad sin cambio explícito,62,5,5,0
UH0252,2026,SCIAN 2023,5,,Continuidad sin cambio explícito,62,5,5,0
UH0253,2010,SCIAN 2007,1,,Continuidad sin cambio explícito,62,1,1,0
UH0253,2011,SCIAN 2007,1,,Continuidad sin cambio explícito,62,1,1,0
UH0253,2012,SCIAN 2007,1,,Continuidad sin cambio explícito,62,1,1,0
UH0253,2013,SCIAN 2007,1,,Continuidad sin cambio explícito,62,1,1,0
UH0253,2015,SCIAN 2013,7,,Continuidad sin cambio explícito,62,7,7,0
UH0253,2016,SCIAN 2013,7,,Continuidad sin cambio explícito,62,7,7,0
UH0253,2017,SCIAN 2013,7,,Continuidad sin cambio explícito,62,7,7,0
UH0253,2018,SCIAN 2018,7,,Continuidad sin cambio explícito,62,7,7,0
UH0253,2019,SCIAN 2018,5,,Continuidad sin cambio explícito,62,5,5,0
UH0253,2020,SCIAN 2018,11,,Continuidad sin cambio explícito,62,11,11,0
UH0253,2021,SCIAN 2018,11,,Continuidad sin cambio explícito,62,11,11,0
UH0253,2022,SCIAN 2018,11,,Continuidad sin cambio explícito,62,11,11,0
UH0253,2023,SCIAN 2018,11,,Continuidad sin cambio explícito,62,11,11,0
UH0253,2024,SCIAN 2023,14,,Continuidad sin cambio explícito,62,14,14,0
UH0253,2025,SCIAN 2023,15,,Continuidad sin cambio explícito,62,15,15,0
UH0253,2026,SCIAN 2023,16,,Continuidad sin cambio explícito,62,16,16,0
UH0254,2010,SCIAN 2007,1,,Continuidad sin cambio explícito,62,1,1,0
UH0254,2011,SCIAN 2007,1,,Continuidad sin cambio explícito,62,1,1,0
UH0254,2012,SCIAN 2007,1,,Continuidad sin cambio explícito,62,1,1,0
UH0254,2013,SCIAN 2007,1,,Continuidad sin cambio explícito,62,1,1,0
UH0254,2015,SCIAN 2013,3,,Continuidad sin cambio explícito,62,3,3,0
UH0254,2016,SCIAN 2013,4,,Continuidad sin cambio explícito,62,4,4,0
UH0254,2017,SCIAN 2013,3,,Continuidad sin cambio explícito,62,3,3,0
UH0254,2018,SCIAN 2018,3,,Continuidad sin cambio explícito,62,3,3,0
UH0254,2019,SCIAN 2018,3,,Continuidad sin cambio explícito,62,3,3,0
UH0254,2020,SCIAN 2018,3,,Continuidad sin cambio explícito,62,3,3,0
UH0254,2021,SCIAN 2018,3,,Continuidad sin cambio explícito,62,3,3,0
UH0254,2022,SCIAN 2018,3,,Continuidad sin cambio explícito,62,3,3,0
UH0254,2023,SCIAN 2018,3,,Continuidad sin cambio explícito,62,3,3,0
UH0254,2024,SCIAN 2023,2,,Continuidad sin cambio explícito,62,2,2,0
UH0254,2025,SCIAN 2023,2,,Continuidad sin cambio explícito,62,2,2,0
UH0254,2026,SCIAN 2023,2,,Continuidad sin cambio explícito,62,2,2,0
UH0255,2010,SCIAN 2007,1,,Continuidad sin cambio explícito,62,1,1,0
UH0255,2011,SCIAN 2007,1,,Continuidad sin cambio explícito,62,1,1,0
UH0255,2012,SCIAN 2007,1,,Continuidad sin cambio explícito,62,1,1,0
UH0255,2013,SCIAN 2007,1,,Continuidad sin cambio explícito,62,1,1,0
UH0255,2015,SCIAN 2013,1,,Continuidad sin cambio explícito,62,1,1,0
UH0255,2016,SCIAN 2013,1,,Continuidad sin cambio explícito,62,1,1,0
UH0255,2017,SCIAN 2013,1,,Continuidad sin cambio explícito,62,1,1,0
UH0255,2018,SCIAN 2018,1,,Continuidad sin cambio explícito,62,1,1,0
UH0255,2019,SCIAN 2018,2,,Continuidad sin cambio explícito,62,2,2,0
UH0255,2020,SCIAN 2018,3,,Continuidad sin cambio explícito,62,3,3,0
UH0255,2021,SCIAN 2018,3,,Continuidad sin cambio explícito,62,3,3,0
UH0255,2022,SCIAN 2018,3,,Continuidad sin cambio explícito,62,3,3,0
UH0255,2023,SCIAN 2018,3,,Continuidad sin cambio explícito,62,3,3,0
UH0255,2024,SCIAN 2023,3,,Continuidad sin cambio explícito,62,3,3,0
UH0255,2025,SCIAN 2023,3,,Continuidad sin cambio explícito,62,3,3,0
UH0255,2026,SCIAN 2023,3,,Continuidad sin cambio explícito,62,3,3,0
UH0256,2010,SCIAN 2007,164,,Continuidad sin cambio explícito,62,164,164,0
UH0256,2011,SCIAN 2007,165,,Continuidad sin cambio explícito,62,165,165,0
UH0256,2012,SCIAN 2007,165,,Continuidad sin cambio explícito,62,165,165,0
UH0256,2013,SCIAN 2007,166,,Continuidad sin cambio explícito,62,166,166,0
UH0256,2015,SCIAN 2013,172,,Continuidad sin cambio explícito,62,172,172,0
UH0256,2016,SCIAN 2013,172,,Continuidad sin cambio explícito,62,172,172,0
UH0256,2017,SCIAN 2013,172,,Continuidad sin cambio explícito,62,172,172,0
UH0256,2018,SCIAN 2018,172,,Continuidad sin cambio explícito,62,172,172,0
UH0256,2019,SCIAN 2018,153,,Continuidad sin cambio explícito,62,153,153,0
UH0256,2020,SCIAN 2018,157,,Continuidad sin cambio explícito,62,157,157,0
UH0256,2021,SCIAN 2018,155,,Continuidad sin cambio explícito,62,155,155,0
UH0256,2022,SCIAN 2018,155,,Continuidad sin cambio explícito,62,155,155,0
UH0256,2023,SCIAN 2018,155,,Continuidad sin cambio explícito,62,155,155,0
UH0256,2024,SCIAN 2023,153,,Continuidad sin cambio explícito,62,153,153,0
UH0256,2025,SCIAN 2023,163,,Continuidad sin cambio explícito,62,163,163,0
UH0256,2026,SCIAN 2023,170,,Continuidad sin cambio explícito,62,170,170,0
UH0257,2010,SCIAN 2007,10,,Continuidad sin cambio explícito,62,10,10,0
UH0257,2011,SCIAN 2007,10,,Continuidad sin cambio explícito,62,10,10,0
UH0257,2012,SCIAN 2007,10,,Continuidad sin cambio explícito,62,10,10,0
UH0257,2013,SCIAN 2007,10,,Continuidad sin cambio explícito,62,10,10,0
UH0257,2015,SCIAN 2013,4,,Continuidad sin cambio explícito,62,4,4,0
UH0257,2016,SCIAN 2013,5,,Continuidad sin cambio explícito,62,5,5,0
UH0257,2017,SCIAN 2013,5,,Continuidad sin cambio explícito,62,5,5,0
UH0257,2018,SCIAN 2018,5,,Continuidad sin cambio explícito,62,5,5,0
UH0257,2019,SCIAN 2018,4,,Continuidad sin cambio explícito,62,4,4,0
UH0257,2020,SCIAN 2018,5,,Continuidad sin cambio explícito,62,5,5,0
UH0257,2021,SCIAN 2018,5,,Continuidad sin cambio explícito,62,5,5,0
UH0257,2022,SCIAN 2018,5,,Continuidad sin cambio explícito,62,5,5,0
UH0257,2023,SCIAN 2018,5,,Continuidad sin cambio explícito,62,5,5,0
UH0257,2024,SCIAN 2023,5,,Continuidad sin cambio explícito,62,5,5,0
UH0257,2025,SCIAN 2023,5,,Continuidad sin cambio explícito,62,5,5,0
UH0257,2026,SCIAN 2023,5,,Continuidad sin cambio explícito,62,5,5,0
UH0258,2010,SCIAN 2007,1,,Continuidad sin cambio explícito,62,1,1,0
UH0258,2011,SCIAN 2007,1,,Continuidad sin cambio explícito,62,1,1,0
UH0258,2012,SCIAN 2007,1,,Continuidad sin cambio explícito,62,1,1,0
UH0258,2013,SCIAN 2007,1,,Continuidad sin cambio explícito,62,1,1,0
UH0258,2015,SCIAN 2013,7,,Continuidad sin cambio explícito,62,7,7,0
UH0258,2016,SCIAN 2013,6,,Continuidad sin cambio explícito,62,6,6,0
UH0258,2017,SCIAN 2013,6,,Continuidad sin cambio explícito,62,6,6,0
UH0258,2018,SCIAN 2018,6,,Continuidad sin cambio explícito,62,6,6,0
UH0258,2019,SCIAN 2018,10,,Continuidad sin cambio explícito,62,10,10,0
UH0258,2020,SCIAN 2018,11,,Continuidad sin cambio explícito,62,11,11,0
UH0258,2021,SCIAN 2018,11,,Continuidad sin cambio explícito,62,11,11,0
UH0258,2022,SCIAN 2018,11,,Continuidad sin cambio explícito,62,11,11,0
UH0258,2023,SCIAN 2018,11,,Continuidad sin cambio explícito,62,11,11,0
UH0258,2024,SCIAN 2023,10,,Continuidad sin cambio explícito,62,10,10,0
UH0258,2025,SCIAN 2023,10,,Continuidad sin cambio explícito,62,10,10,0
UH0258,2026,SCIAN 2023,10,,Continuidad sin cambio explícito,62,10,10,0
UH0259,2010,SCIAN 2007,4,,Continuidad sin cambio explícito,62,4,4,0
UH0259,2011,SCIAN 2007,4,,Continuidad sin cambio explícito,62,4,4,0
UH0259,2012,SCIAN 2007,4,,Continuidad sin cambio explícito,62,4,4,0
UH0259,2013,SCIAN 2007,4,,Continuidad sin cambio explícito,62,4,4,0
UH0259,2015,SCIAN 2013,3,,Continuidad sin cambio explícito,62,3,3,0
UH0259,2016,SCIAN 2013,3,,Continuidad sin cambio explícito,62,3,3,0
UH0259,2017,SCIAN 2013,3,,Continuidad sin cambio explícito,62,3,3,0
UH0259,2018,SCIAN 2018,3,,Continuidad sin cambio explícito,62,3,3,0
UH0259,2019,SCIAN 2018,0,,Continuidad sin cambio explícito,62,0,0,0
UH0259,2020,SCIAN 2018,2,,Continuidad sin cambio explícito,62,2,2,0
UH0259,2021,SCIAN 2018,2,,Continuidad sin cambio explícito,62,2,2,0
UH0259,2022,SCIAN 2018,2,,Continuidad sin cambio explícito,62,2,2,0
UH0259,2023,SCIAN 2018,2,,Continuidad sin cambio explícito,62,2,2,0
UH0259,2024,SCIAN 2023,2,,Continuidad sin cambio explícito,62,2,2,0
UH0259,2025,SCIAN 2023,1,,Continuidad sin cambio explícito,62,1,1,0
UH0259,2026,SCIAN 2023,1,,Continuidad sin cambio explícito,62,1,1,0
UH0260,2010,SCIAN 2007,5,,Continuidad sin cambio explícito,62,5,5,0
UH0260,2011,SCIAN 2007,5,,Continuidad sin cambio explícito,62,5,5,0
UH0260,2012,SCIAN 2007,5,,Continuidad sin cambio explícito,62,5,5,0
UH0260,2013,SCIAN 2007,5,,Continuidad sin cambio explícito,62,5,5,0
UH0260,2015,SCIAN 2013,6,,Continuidad sin cambio explícito,62,6,6,0
UH0260,2016,SCIAN 2013,6,,Continuidad sin cambio explícito,62,6,6,0
UH0260,2017,SCIAN 2013,6,,Continuidad sin cambio explícito,62,6,6,0
UH0260,2018,SCIAN 2018,6,,Continuidad sin cambio explícito,62,6,6,0
UH0260,2019,SCIAN 2018,11,,Continuidad sin cambio explícito,62,11,11,0
UH0260,2020,SCIAN 2018,11,,Continuidad sin cambio explícito,62,11,11,0
UH0260,2021,SCIAN 2018,11,,Continuidad sin cambio explícito,62,11,11,0
UH0260,2022,SCIAN 2018,11,,Continuidad sin cambio explícito,62,11,11,0
UH0260,2023,SCIAN 2018,11,,Continuidad sin cambio explícito,62,11,11,0
UH0260,2024,SCIAN 2023,10,,Continuidad sin cambio explícito,62,10,10,0
UH0260,2025,SCIAN 2023,9,,Continuidad sin cambio explícito,62,9,9,0
UH0260,2026,SCIAN 2023,10,,Continuidad sin cambio explícito,62,10,10,0
UH0261,2010,SCIAN 2007,2,,Continuidad sin cambio explícito,62,2,2,0
UH0261,2011,SCIAN 2007,2,,Continuidad sin cambio explícito,62,2,2,0
UH0261,2012,SCIAN 2007,2,,Continuidad sin cambio explícito,62,2,2,0
UH0261,2013,SCIAN 2007,2,,Continuidad sin cambio explícito,62,2,2,0
UH0261,2015,SCIAN 2013,0,,Continuidad sin cambio explícito,62,0,0,0
UH0261,2016,SCIAN 2013,0,,Continuidad sin cambio explícito,62,0,0,0
UH0261,2017,SCIAN 2013,0,,Continuidad sin cambio explícito,62,0,0,0
UH0261,2018,SCIAN 2018,0,,Continuidad sin cambio explícito,62,0,0,0
UH0261,2019,SCIAN 2018,1,,Continuidad sin cambio explícito,62,1,1,0
UH0261,2020,SCIAN 2018,1,,Continuidad sin cambio explícito,62,1,1,0
UH0261,2021,SCIAN 2018,1,,Continuidad sin cambio explícito,62,1,1,0
UH0261,2022,SCIAN 2018,1,,Continuidad sin cambio explícito,62,1,1,0
UH0261,2023,SCIAN 2018,1,,Continuidad sin cambio explícito,62,1,1,0
UH0261,2024,SCIAN 2023,2,,Continuidad sin cambio explícito,62,2,2,0
UH0261,2025,SCIAN 2023,2,,Continuidad sin cambio explícito,62,2,2,0
UH0261,2026,SCIAN 2023,2,,Continuidad sin cambio explícito,62,2,2,0
UH0262,2010,SCIAN 2007,0,,Continuidad sin cambio explícito,62,0,0,0
UH0262,2011,SCIAN 2007,0,,Continuidad sin cambio explícito,62,0,0,0
UH0262,2012,SCIAN 2007,0,,Continuidad sin cambio explícito,62,0,0,0
UH0262,2013,SCIAN 2007,0,,Continuidad sin cambio explícito,62,0,0,0
UH0262,2015,SCIAN 2013,2,,Continuidad sin cambio explícito,62,2,2,0
UH0262,2016,SCIAN 2013,2,,Continuidad sin cambio explícito,62,2,2,0
UH0262,2017,SCIAN 2013,2,,Continuidad sin cambio explícito,62,2,2,0
UH0262,2018,SCIAN 2018,2,,Continuidad sin cambio explícito,62,2,2,0
UH0262,2019,SCIAN 2018,1,,Continuidad sin cambio explícito,62,1,1,0
UH0262,2020,SCIAN 2018,1,,Continuidad sin cambio explícito,62,1,1,0
UH0262,2021,SCIAN 2018,1,,Continuidad sin cambio explícito,62,1,1,0
UH0262,2022,SCIAN 2018,1,,Continuidad sin cambio explícito,62,1,1,0
UH0262,2023,SCIAN 2018,1,,Continuidad sin cambio explícito,62,1,1,0
UH0262,2024,SCIAN 2023,1,,Continuidad sin cambio explícito,62,1,1,0
UH0262,2025,SCIAN 2023,1,,Continuidad sin cambio explícito,62,1,1,0
UH0262,2026,SCIAN 2023,1,,Continuidad sin cambio explícito,62,1,1,0
UH0263,2010,SCIAN 2007,0,,Continuidad sin cambio explícito,62,0,0,0
UH0263,2011,SCIAN 2007,0,,Continuidad sin cambio explícito,62,0,0,0
UH0263,2012,SCIAN 2007,0,,Continuidad sin cambio explícito,62,0,0,0
UH0263,2013,SCIAN 2007,0,,Continuidad sin cambio explícito,62,0,0,0
UH0263,2015,SCIAN 2013,1,,Continuidad sin cambio explícito,62,1,1,0
UH0263,2016,SCIAN 2013,1,,Continuidad sin cambio explícito,62,1,1,0
UH0263,2017,SCIAN 2013,1,,Continuidad sin cambio explícito,62,1,1,0
UH0263,2018,SCIAN 2018,1,,Continuidad sin cambio explícito,62,1,1,0
UH0263,2019,SCIAN 2018,0,,Continuidad sin cambio explícito,62,0,0,0
UH0263,2020,SCIAN 2018,0,,Continuidad sin cambio explícito,62,0,0,0
UH0263,2021,SCIAN 2018,0,,Continuidad sin cambio explícito,62,0,0,0
UH0263,2022,SCIAN 2018,0,,Continuidad sin cambio explícito,62,0,0,0
UH0263,2023,SCIAN 2018,0,,Continuidad sin cambio explícito,62,0,0,0
UH0263,2024,SCIAN 2023,0,,Continuidad sin cambio explícito,62,0,0,0
UH0263,2025,SCIAN 2023,0,,Continuidad sin cambio explícito,62,0,0,0
UH0263,2026,SCIAN 2023,0,,Continuidad sin cambio explícito,62,0,0,0
UH0264,2010,SCIAN 2007,5,,Continuidad sin cambio explícito,62,5,5,0
UH0264,2011,SCIAN 2007,5,,Continuidad sin cambio explícito,62,5,5,0
UH0264,2012,SCIAN 2007,5,,Continuidad sin cambio explícito,62,5,5,0
UH0264,2013,SCIAN 2007,5,,Continuidad sin cambio explícito,62,5,5,0
UH0264,2015,SCIAN 2013,3,,Continuidad sin cambio explícito,62,3,3,0
UH0264,2016,SCIAN 2013,3,,Continuidad sin cambio explícito,62,3,3,0
UH0264,2017,SCIAN 2013,3,,Continuidad sin cambio explícito,62,3,3,0
UH0264,2018,SCIAN 2018,3,,Continuidad sin cambio explícito,62,3,3,0
UH0264,2019,SCIAN 2018,0,,Continuidad sin cambio explícito,62,0,0,0
UH0264,2020,SCIAN 2018,0,,Continuidad sin cambio explícito,62,0,0,0
UH0264,2021,SCIAN 2018,0,,Continuidad sin cambio explícito,62,0,0,0
UH0264,2022,SCIAN 2018,0,,Continuidad sin cambio explícito,62,0,0,0
UH0264,2023,SCIAN 2018,0,,Continuidad sin cambio explícito,62,0,0,0
UH0264,2024,SCIAN 2023,1,,Continuidad sin cambio explícito,62,1,1,0
UH0264,2025,SCIAN 2023,1,,Continuidad sin cambio explícito,62,1,1,0
UH0264,2026,SCIAN 2023,1,,Continuidad sin cambio explícito,62,1,1,0
UH0265,2010,SCIAN 2007,3,,Continuidad sin cambio explícito,62,3,3,0
UH0265,2011,SCIAN 2007,3,,Continuidad sin cambio explícito,62,3,3,0
UH0265,2012,SCIAN 2007,3,,Continuidad sin cambio explícito,62,3,3,0
UH0265,2013,SCIAN 2007,3,,Continuidad sin cambio explícito,62,3,3,0
UH0265,2015,SCIAN 2013,6,,Continuidad sin cambio explícito,62,6,6,0
UH0265,2016,SCIAN 2013,6,,Continuidad sin cambio explícito,62,6,6,0
UH0265,2017,SCIAN 2013,6,,Continuidad sin cambio explícito,62,6,6,0
UH0265,2018,SCIAN 2018,6,,Continuidad sin cambio explícito,62,6,6,0
UH0265,2019,SCIAN 2018,4,,Continuidad sin cambio explícito,62,4,4,0
UH0265,2020,SCIAN 2018,4,,Continuidad sin cambio explícito,62,4,4,0
UH0265,2021,SCIAN 2018,4,,Continuidad sin cambio explícito,62,4,4,0
UH0265,2022,SCIAN 2018,4,,Continuidad sin cambio explícito,62,4,4,0
UH0265,2023,SCIAN 2018,4,,Continuidad sin cambio explícito,62,4,4,0
UH0265,2024,SCIAN 2023,3,,Continuidad sin cambio explícito,62,3,3,0
UH0265,2025,SCIAN 2023,3,,Continuidad sin cambio explícito,62,3,3,0
UH0265,2026,SCIAN 2023,3,,Continuidad sin cambio explícito,62,3,3,0
UH0266,2010,SCIAN 2007,129,,Continuidad sin cambio explícito,62,129,129,0
UH0266,2011,SCIAN 2007,130,,Continuidad sin cambio explícito,62,130,130,0
UH0266,2012,SCIAN 2007,130,,Continuidad sin cambio explícito,62,130,130,0
UH0266,2013,SCIAN 2007,133,,Continuidad sin cambio explícito,62,133,133,0
UH0266,2015,SCIAN 2013,134,,Continuidad sin cambio explícito,62,134,134,0
UH0266,2016,SCIAN 2013,134,,Continuidad sin cambio explícito,62,134,134,0
UH0266,2017,SCIAN 2013,134,,Continuidad sin cambio explícito,62,134,134,0
UH0266,2018,SCIAN 2018,134,,Continuidad sin cambio explícito,62,134,134,0
UH0266,2019,SCIAN 2018,122,,Continuidad sin cambio explícito,62,122,122,0
UH0266,2020,SCIAN 2018,93,,Continuidad sin cambio explícito,62,93,93,0
UH0266,2021,SCIAN 2018,89,,Continuidad sin cambio explícito,62,89,89,0
UH0266,2022,SCIAN 2018,88,,Continuidad sin cambio explícito,62,88,88,0
UH0266,2023,SCIAN 2018,88,,Continuidad sin cambio explícito,62,88,88,0
UH0266,2024,SCIAN 2023,74,,Continuidad sin cambio explícito,62,74,74,0
UH0266,2025,SCIAN 2023,77,,Continuidad sin cambio explícito,62,77,77,0
UH0266,2026,SCIAN 2023,82,,Continuidad sin cambio explícito,62,82,82,0
UH0267,2010,SCIAN 2007,46,,Continuidad sin cambio explícito,62,46,46,0
UH0267,2011,SCIAN 2007,46,,Continuidad sin cambio explícito,62,46,46,0
UH0267,2012,SCIAN 2007,46,,Continuidad sin cambio explícito,62,46,46,0
UH0267,2013,SCIAN 2007,45,,Continuidad sin cambio explícito,62,45,45,0
UH0267,2015,SCIAN 2013,43,,Continuidad sin cambio explícito,62,43,43,0
UH0267,2016,SCIAN 2013,43,,Continuidad sin cambio explícito,62,43,43,0
UH0267,2017,SCIAN 2013,43,,Continuidad sin cambio explícito,62,43,43,0
UH0267,2018,SCIAN 2018,43,,Continuidad sin cambio explícito,62,43,43,0
UH0267,2019,SCIAN 2018,28,,Continuidad sin cambio explícito,62,28,28,0
UH0267,2020,SCIAN 2018,26,,Continuidad sin cambio explícito,62,26,26,0
UH0267,2021,SCIAN 2018,25,,Continuidad sin cambio explícito,62,25,25,0
UH0267,2022,SCIAN 2018,25,,Continuidad sin cambio explícito,62,25,25,0
UH0267,2023,SCIAN 2018,25,,Continuidad sin cambio explícito,62,25,25,0
UH0267,2024,SCIAN 2023,20,,Continuidad sin cambio explícito,62,20,20,0
UH0267,2025,SCIAN 2023,20,,Continuidad sin cambio explícito,62,20,20,0
UH0267,2026,SCIAN 2023,21,,Continuidad sin cambio explícito,62,21,21,0
UH0268,2010,SCIAN 2007,2,,Continuidad sin cambio explícito,71,2,2,0
UH0268,2011,SCIAN 2007,2,,Continuidad sin cambio explícito,71,2,2,0
UH0268,2012,SCIAN 2007,2,,Continuidad sin cambio explícito,71,2,2,0
UH0268,2013,SCIAN 2007,2,,Continuidad sin cambio explícito,71,2,2,0
UH0268,2015,SCIAN 2013,2,,Continuidad sin cambio explícito,71,2,2,0
UH0268,2016,SCIAN 2013,2,,Continuidad sin cambio explícito,71,2,2,0
UH0268,2017,SCIAN 2013,2,,Continuidad sin cambio explícito,71,2,2,0
UH0268,2018,SCIAN 2018,2,,Continuidad sin cambio explícito,71,2,2,0
UH0268,2019,SCIAN 2018,2,,Continuidad sin cambio explícito,71,2,2,0
UH0268,2020,SCIAN 2018,2,,Continuidad sin cambio explícito,71,2,2,0
UH0268,2021,SCIAN 2018,2,,Continuidad sin cambio explícito,71,2,2,0
UH0268,2022,SCIAN 2018,2,,Continuidad sin cambio explícito,71,2,2,0
UH0268,2023,SCIAN 2018,2,,Continuidad sin cambio explícito,71,2,2,0
UH0268,2024,SCIAN 2023,3,,Continuidad sin cambio explícito,71,3,3,0
UH0268,2025,SCIAN 2023,4,,Continuidad sin cambio explícito,71,4,4,0
UH0268,2026,SCIAN 2023,4,,Continuidad sin cambio explícito,71,4,4,0
UH0269,2010,SCIAN 2007,0,,Continuidad sin cambio explícito,71,0,0,0
UH0269,2011,SCIAN 2007,0,,Continuidad sin cambio explícito,71,0,0,0
UH0269,2012,SCIAN 2007,0,,Continuidad sin cambio explícito,71,0,0,0
UH0269,2013,SCIAN 2007,0,,Continuidad sin cambio explícito,71,0,0,0
UH0269,2015,SCIAN 2013,1,,Continuidad sin cambio explícito,71,1,1,0
UH0269,2016,SCIAN 2013,1,,Continuidad sin cambio explícito,71,1,1,0
UH0269,2017,SCIAN 2013,1,,Continuidad sin cambio explícito,71,1,1,0
UH0269,2018,SCIAN 2018,1,,Continuidad sin cambio explícito,71,1,1,0
UH0269,2019,SCIAN 2018,1,,Continuidad sin cambio explícito,71,1,1,0
UH0269,2020,SCIAN 2018,1,,Continuidad sin cambio explícito,71,1,1,0
UH0269,2021,SCIAN 2018,1,,Continuidad sin cambio explícito,71,1,1,0
UH0269,2022,SCIAN 2018,1,,Continuidad sin cambio explícito,71,1,1,0
UH0269,2023,SCIAN 2018,1,,Continuidad sin cambio explícito,71,1,1,0
UH0269,2024,SCIAN 2023,0,,Continuidad sin cambio explícito,71,0,0,0
UH0269,2025,SCIAN 2023,0,,Continuidad sin cambio explícito,71,0,0,0
UH0269,2026,SCIAN 2023,0,,Continuidad sin cambio explícito,71,0,0,0
UH0270,2010,SCIAN 2007,1,,Continuidad sin cambio explícito,71,1,1,0
UH0270,2011,SCIAN 2007,1,,Continuidad sin cambio explícito,71,1,1,0
UH0270,2012,SCIAN 2007,1,,Continuidad sin cambio explícito,71,1,1,0
UH0270,2013,SCIAN 2007,1,,Continuidad sin cambio explícito,71,1,1,0
UH0270,2015,SCIAN 2013,1,,Continuidad sin cambio explícito,71,1,1,0
UH0270,2016,SCIAN 2013,0,,Continuidad sin cambio explícito,71,0,0,0
UH0270,2017,SCIAN 2013,0,,Continuidad sin cambio explícito,71,0,0,0
UH0270,2018,SCIAN 2018,0,,Continuidad sin cambio explícito,71,0,0,0
UH0270,2019,SCIAN 2018,4,,Continuidad sin cambio explícito,71,4,4,0
UH0270,2020,SCIAN 2018,3,,Continuidad sin cambio explícito,71,3,3,0
UH0270,2021,SCIAN 2018,3,,Continuidad sin cambio explícito,71,3,3,0
UH0270,2022,SCIAN 2018,3,,Continuidad sin cambio explícito,71,3,3,0
UH0270,2023,SCIAN 2018,3,,Continuidad sin cambio explícito,71,3,3,0
UH0270,2024,SCIAN 2023,1,,Continuidad sin cambio explícito,71,1,1,0
UH0270,2025,SCIAN 2023,1,,Continuidad sin cambio explícito,71,1,1,0
UH0270,2026,SCIAN 2023,1,,Continuidad sin cambio explícito,71,1,1,0
UH0271,2010,SCIAN 2007,2,,Continuidad sin cambio explícito,71,2,2,0
UH0271,2011,SCIAN 2007,2,,Continuidad sin cambio explícito,71,2,2,0
UH0271,2012,SCIAN 2007,4,,Continuidad sin cambio explícito,71,4,4,0
UH0271,2013,SCIAN 2007,5,,Continuidad sin cambio explícito,71,5,5,0
UH0271,2015,SCIAN 2013,5,,Continuidad sin cambio explícito,71,5,5,0
UH0271,2016,SCIAN 2013,5,,Continuidad sin cambio explícito,71,5,5,0
UH0271,2017,SCIAN 2013,5,,Continuidad sin cambio explícito,71,5,5,0
UH0271,2018,SCIAN 2018,5,,Continuidad sin cambio explícito,71,5,5,0
UH0271,2019,SCIAN 2018,4,,Continuidad sin cambio explícito,71,4,4,0
UH0271,2020,SCIAN 2018,4,,Continuidad sin cambio explícito,71,4,4,0
UH0271,2021,SCIAN 2018,4,,Continuidad sin cambio explícito,71,4,4,0
UH0271,2022,SCIAN 2018,4,,Continuidad sin cambio explícito,71,4,4,0
UH0271,2023,SCIAN 2018,4,,Continuidad sin cambio explícito,71,4,4,0
UH0271,2024,SCIAN 2023,4,,Continuidad sin cambio explícito,71,4,4,0
UH0271,2025,SCIAN 2023,3,,Continuidad sin cambio explícito,71,3,3,0
UH0271,2026,SCIAN 2023,3,,Continuidad sin cambio explícito,71,3,3,0
UH0272,2010,SCIAN 2007,6,,Continuidad sin cambio explícito,71,6,6,0
UH0272,2011,SCIAN 2007,6,,Continuidad sin cambio explícito,71,6,6,0
UH0272,2012,SCIAN 2007,6,,Continuidad sin cambio explícito,71,6,6,0
UH0272,2013,SCIAN 2007,6,,Continuidad sin cambio explícito,71,6,6,0
UH0272,2015,SCIAN 2013,0,,Continuidad sin cambio explícito,71,0,0,0
UH0272,2016,SCIAN 2013,0,,Continuidad sin cambio explícito,71,0,0,0
UH0272,2017,SCIAN 2013,0,,Continuidad sin cambio explícito,71,0,0,0
UH0272,2018,SCIAN 2018,0,,Continuidad sin cambio explícito,71,0,0,0
UH0272,2019,SCIAN 2018,0,,Continuidad sin cambio explícito,71,0,0,0
UH0272,2020,SCIAN 2018,0,,Continuidad sin cambio explícito,71,0,0,0
UH0272,2021,SCIAN 2018,0,,Continuidad sin cambio explícito,71,0,0,0
UH0272,2022,SCIAN 2018,0,,Continuidad sin cambio explícito,71,0,0,0
UH0272,2023,SCIAN 2018,0,,Continuidad sin cambio explícito,71,0,0,0
UH0272,2024,SCIAN 2023,0,,Continuidad sin cambio explícito,71,0,0,0
UH0272,2025,SCIAN 2023,0,,Continuidad sin cambio explícito,71,0,0,0
UH0272,2026,SCIAN 2023,0,,Continuidad sin cambio explícito,71,0,0,0
UH0273,2010,SCIAN 2007,1,,Continuidad sin cambio explícito,71,1,1,0
UH0273,2011,SCIAN 2007,1,,Continuidad sin cambio explícito,71,1,1,0
UH0273,2012,SCIAN 2007,1,,Continuidad sin cambio explícito,71,1,1,0
UH0273,2013,SCIAN 2007,1,,Continuidad sin cambio explícito,71,1,1,0
UH0273,2015,SCIAN 2013,0,,Continuidad sin cambio explícito,71,0,0,0
UH0273,2016,SCIAN 2013,0,,Continuidad sin cambio explícito,71,0,0,0
UH0273,2017,SCIAN 2013,0,,Continuidad sin cambio explícito,71,0,0,0
UH0273,2018,SCIAN 2018,0,,Continuidad sin cambio explícito,71,0,0,0
UH0273,2019,SCIAN 2018,0,,Continuidad sin cambio explícito,71,0,0,0
UH0273,2020,SCIAN 2018,0,,Continuidad sin cambio explícito,71,0,0,0
UH0273,2021,SCIAN 2018,0,,Continuidad sin cambio explícito,71,0,0,0
UH0273,2022,SCIAN 2018,0,,Continuidad sin cambio explícito,71,0,0,0
UH0273,2023,SCIAN 2018,0,,Continuidad sin cambio explícito,71,0,0,0
UH0273,2024,SCIAN 2023,0,,Continuidad sin cambio explícito,71,0,0,0
UH0273,2025,SCIAN 2023,0,,Continuidad sin cambio explícito,71,0,0,0
UH0273,2026,SCIAN 2023,0,,Continuidad sin cambio explícito,71,0,0,0
UH0274,2010,SCIAN 2007,2,,Continuidad sin cambio explícito,71,2,2,0
UH0274,2011,SCIAN 2007,2,,Continuidad sin cambio explícito,71,2,2,0
UH0274,2012,SCIAN 2007,2,,Continuidad sin cambio explícito,71,2,2,0
UH0274,2013,SCIAN 2007,2,,Continuidad sin cambio explícito,71,2,2,0
UH0274,2015,SCIAN 2013,0,,Continuidad sin cambio explícito,71,0,0,0
UH0274,2016,SCIAN 2013,0,,Continuidad sin cambio explícito,71,0,0,0
UH0274,2017,SCIAN 2013,0,,Continuidad sin cambio explícito,71,0,0,0
UH0274,2018,SCIAN 2018,0,,Continuidad sin cambio explícito,71,0,0,0
UH0274,2019,SCIAN 2018,1,,Continuidad sin cambio explícito,71,1,1,0
UH0274,2020,SCIAN 2018,0,,Continuidad sin cambio explícito,71,0,0,0
UH0274,2021,SCIAN 2018,0,,Continuidad sin cambio explícito,71,0,0,0
UH0274,2022,SCIAN 2018,0,,Continuidad sin cambio explícito,71,0,0,0
UH0274,2023,SCIAN 2018,0,,Continuidad sin cambio explícito,71,0,0,0
UH0274,2024,SCIAN 2023,0,,Continuidad sin cambio explícito,71,0,0,0
UH0274,2025,SCIAN 2023,0,,Continuidad sin cambio explícito,71,0,0,0
UH0274,2026,SCIAN 2023,0,,Continuidad sin cambio explícito,71,0,0,0
UH0275,2010,SCIAN 2007,4,,Continuidad sin cambio explícito,71,4,4,0
UH0275,2011,SCIAN 2007,4,,Continuidad sin cambio explícito,71,4,4,0
UH0275,2012,SCIAN 2007,4,,Continuidad sin cambio explícito,71,4,4,0
UH0275,2013,SCIAN 2007,4,,Continuidad sin cambio explícito,71,4,4,0
UH0275,2015,SCIAN 2013,3,,Continuidad sin cambio explícito,71,3,3,0
UH0275,2016,SCIAN 2013,3,,Continuidad sin cambio explícito,71,3,3,0
UH0275,2017,SCIAN 2013,3,,Continuidad sin cambio explícito,71,3,3,0
UH0275,2018,SCIAN 2018,3,,Continuidad sin cambio explícito,71,3,3,0
UH0275,2019,SCIAN 2018,3,,Continuidad sin cambio explícito,71,3,3,0
UH0275,2020,SCIAN 2018,3,,Continuidad sin cambio explícito,71,3,3,0
UH0275,2021,SCIAN 2018,3,,Continuidad sin cambio explícito,71,3,3,0
UH0275,2022,SCIAN 2018,3,,Continuidad sin cambio explícito,71,3,3,0
UH0275,2023,SCIAN 2018,3,,Continuidad sin cambio explícito,71,3,3,0
UH0275,2024,SCIAN 2023,1,,Continuidad sin cambio explícito,71,1,1,0
UH0275,2025,SCIAN 2023,1,,Continuidad sin cambio explícito,71,1,1,0
UH0275,2026,SCIAN 2023,0,,Continuidad sin cambio explícito,71,0,0,0
UH0276,2010,SCIAN 2007,5,,Continuidad sin cambio explícito,71,5,5,0
UH0276,2011,SCIAN 2007,6,,Continuidad sin cambio explícito,71,6,6,0
UH0276,2012,SCIAN 2007,6,,Continuidad sin cambio explícito,71,6,6,0
UH0276,2013,SCIAN 2007,6,,Continuidad sin cambio explícito,71,6,6,0
UH0276,2015,SCIAN 2013,10,,Continuidad sin cambio explícito,71,10,10,0
UH0276,2016,SCIAN 2013,11,,Continuidad sin cambio explícito,71,11,11,0
UH0276,2017,SCIAN 2013,11,,Continuidad sin cambio explícito,71,11,11,0
UH0276,2018,SCIAN 2018,11,,Continuidad sin cambio explícito,71,11,11,0
UH0276,2019,SCIAN 2018,15,,Continuidad sin cambio explícito,71,15,15,0
UH0276,2020,SCIAN 2018,18,,Continuidad sin cambio explícito,71,18,18,0
UH0276,2021,SCIAN 2018,18,,Continuidad sin cambio explícito,71,18,18,0
UH0276,2022,SCIAN 2018,18,,Continuidad sin cambio explícito,71,18,18,0
UH0276,2023,SCIAN 2018,18,,Continuidad sin cambio explícito,71,18,18,0
UH0276,2024,SCIAN 2023,14,,Continuidad sin cambio explícito,71,14,14,0
UH0276,2025,SCIAN 2023,16,,Continuidad sin cambio explícito,71,16,16,0
UH0276,2026,SCIAN 2023,16,,Continuidad sin cambio explícito,71,16,16,0
UH0277,2010,SCIAN 2007,4,,Continuidad sin cambio explícito,71,4,4,0
UH0277,2011,SCIAN 2007,4,,Continuidad sin cambio explícito,71,4,4,0
UH0277,2012,SCIAN 2007,4,,Continuidad sin cambio explícito,71,4,4,0
UH0277,2013,SCIAN 2007,4,,Continuidad sin cambio explícito,71,4,4,0
UH0277,2015,SCIAN 2013,9,,Continuidad sin cambio explícito,71,9,9,0
UH0277,2016,SCIAN 2013,10,,Continuidad sin cambio explícito,71,10,10,0
UH0277,2017,SCIAN 2013,10,,Continuidad sin cambio explícito,71,10,10,0
UH0277,2018,SCIAN 2018,10,,Continuidad sin cambio explícito,71,10,10,0
UH0277,2019,SCIAN 2018,15,,Continuidad sin cambio explícito,71,15,15,0
UH0277,2020,SCIAN 2018,15,,Continuidad sin cambio explícito,71,15,15,0
UH0277,2021,SCIAN 2018,15,,Continuidad sin cambio explícito,71,15,15,0
UH0277,2022,SCIAN 2018,15,,Continuidad sin cambio explícito,71,15,15,0
UH0277,2023,SCIAN 2018,15,,Continuidad sin cambio explícito,71,15,15,0
UH0277,2024,SCIAN 2023,12,,Continuidad sin cambio explícito,71,12,12,0
UH0277,2025,SCIAN 2023,13,,Continuidad sin cambio explícito,71,13,13,0
UH0277,2026,SCIAN 2023,13,,Continuidad sin cambio explícito,71,13,13,0
UH0278,2010,SCIAN 2007,3,,Continuidad sin cambio explícito,71,3,3,0
UH0278,2011,SCIAN 2007,3,,Continuidad sin cambio explícito,71,3,3,0
UH0278,2012,SCIAN 2007,3,,Continuidad sin cambio explícito,71,3,3,0
UH0278,2013,SCIAN 2007,3,,Continuidad sin cambio explícito,71,3,3,0
UH0278,2015,SCIAN 2013,1,,Continuidad sin cambio explícito,71,1,1,0
UH0278,2016,SCIAN 2013,0,,Continuidad sin cambio explícito,71,0,0,0
UH0278,2017,SCIAN 2013,0,,Continuidad sin cambio explícito,71,0,0,0
UH0278,2018,SCIAN 2018,0,,Continuidad sin cambio explícito,71,0,0,0
UH0278,2019,SCIAN 2018,0,,Continuidad sin cambio explícito,71,0,0,0
UH0278,2020,SCIAN 2018,0,,Continuidad sin cambio explícito,71,0,0,0
UH0278,2021,SCIAN 2018,0,,Continuidad sin cambio explícito,71,0,0,0
UH0278,2022,SCIAN 2018,0,,Continuidad sin cambio explícito,71,0,0,0
UH0278,2023,SCIAN 2018,0,,Continuidad sin cambio explícito,71,0,0,0
UH0278,2024,SCIAN 2023,0,,Continuidad sin cambio explícito,71,0,0,0
UH0278,2025,SCIAN 2023,0,,Continuidad sin cambio explícito,71,0,0,0
UH0278,2026,SCIAN 2023,0,,Continuidad sin cambio explícito,71,0,0,0
UH0279,2010,SCIAN 2007,1,,Continuidad sin cambio explícito,71,1,1,0
UH0279,2011,SCIAN 2007,1,,Continuidad sin cambio explícito,71,1,1,0
UH0279,2012,SCIAN 2007,1,,Continuidad sin cambio explícito,71,1,1,0
UH0279,2013,SCIAN 2007,1,,Continuidad sin cambio explícito,71,1,1,0
UH0279,2015,SCIAN 2013,1,,Continuidad sin cambio explícito,71,1,1,0
UH0279,2016,SCIAN 2013,1,,Continuidad sin cambio explícito,71,1,1,0
UH0279,2017,SCIAN 2013,1,,Continuidad sin cambio explícito,71,1,1,0
UH0279,2018,SCIAN 2018,1,,Continuidad sin cambio explícito,71,1,1,0
UH0279,2019,SCIAN 2018,1,,Continuidad sin cambio explícito,71,1,1,0
UH0279,2020,SCIAN 2018,1,,Continuidad sin cambio explícito,71,1,1,0
UH0279,2021,SCIAN 2018,1,,Continuidad sin cambio explícito,71,1,1,0
UH0279,2022,SCIAN 2018,1,,Continuidad sin cambio explícito,71,1,1,0
UH0279,2023,SCIAN 2018,1,,Continuidad sin cambio explícito,71,1,1,0
UH0279,2024,SCIAN 2023,1,,Continuidad sin cambio explícito,71,1,1,0
UH0279,2025,SCIAN 2023,1,,Continuidad sin cambio explícito,71,1,1,0
UH0279,2026,SCIAN 2023,1,,Continuidad sin cambio explícito,71,1,1,0
UH0280,2010,SCIAN 2007,4,,Continuidad sin cambio explícito,71,4,4,0
UH0280,2011,SCIAN 2007,4,,Continuidad sin cambio explícito,71,4,4,0
UH0280,2012,SCIAN 2007,4,,Continuidad sin cambio explícito,71,4,4,0
UH0280,2013,SCIAN 2007,4,,Continuidad sin cambio explícito,71,4,4,0
UH0280,2015,SCIAN 2013,6,,Continuidad sin cambio explícito,71,6,6,0
UH0280,2016,SCIAN 2013,6,,Continuidad sin cambio explícito,71,6,6,0
UH0280,2017,SCIAN 2013,6,,Continuidad sin cambio explícito,71,6,6,0
UH0280,2018,SCIAN 2018,6,,Continuidad sin cambio explícito,71,6,6,0
UH0280,2019,SCIAN 2018,8,,Continuidad sin cambio explícito,71,8,8,0
UH0280,2020,SCIAN 2018,5,,Continuidad sin cambio explícito,71,5,5,0
UH0280,2021,SCIAN 2018,5,,Continuidad sin cambio explícito,71,5,5,0
UH0280,2022,SCIAN 2018,5,,Continuidad sin cambio explícito,71,5,5,0
UH0280,2023,SCIAN 2018,5,,Continuidad sin cambio explícito,71,5,5,0
UH0280,2024,SCIAN 2023,7,,Continuidad sin cambio explícito,71,7,7,0
UH0280,2025,SCIAN 2023,7,,Continuidad sin cambio explícito,71,7,7,0
UH0280,2026,SCIAN 2023,7,,Continuidad sin cambio explícito,71,7,7,0
UH0281,2010,SCIAN 2007,3,,Continuidad sin cambio explícito,71,3,3,0
UH0281,2011,SCIAN 2007,3,,Continuidad sin cambio explícito,71,3,3,0
UH0281,2012,SCIAN 2007,3,,Continuidad sin cambio explícito,71,3,3,0
UH0281,2013,SCIAN 2007,3,,Continuidad sin cambio explícito,71,3,3,0
UH0281,2015,SCIAN 2013,1,,Continuidad sin cambio explícito,71,1,1,0
UH0281,2016,SCIAN 2013,1,,Continuidad sin cambio explícito,71,1,1,0
UH0281,2017,SCIAN 2013,1,,Continuidad sin cambio explícito,71,1,1,0
UH0281,2018,SCIAN 2018,1,,Continuidad sin cambio explícito,71,1,1,0
UH0281,2019,SCIAN 2018,2,,Continuidad sin cambio explícito,71,2,2,0
UH0281,2020,SCIAN 2018,2,,Continuidad sin cambio explícito,71,2,2,0
UH0281,2021,SCIAN 2018,2,,Continuidad sin cambio explícito,71,2,2,0
UH0281,2022,SCIAN 2018,2,,Continuidad sin cambio explícito,71,2,2,0
UH0281,2023,SCIAN 2018,2,,Continuidad sin cambio explícito,71,2,2,0
UH0281,2024,SCIAN 2023,2,,Continuidad sin cambio explícito,71,2,2,0
UH0281,2025,SCIAN 2023,2,,Continuidad sin cambio explícito,71,2,2,0
UH0281,2026,SCIAN 2023,2,,Continuidad sin cambio explícito,71,2,2,0
UH0282,2010,SCIAN 2007,10,,Continuidad sin cambio explícito,71,10,10,0
UH0282,2011,SCIAN 2007,10,,Continuidad sin cambio explícito,71,10,10,0
UH0282,2012,SCIAN 2007,10,,Continuidad sin cambio explícito,71,10,10,0
UH0282,2013,SCIAN 2007,10,,Continuidad sin cambio explícito,71,10,10,0
UH0282,2015,SCIAN 2013,10,,Continuidad sin cambio explícito,71,10,10,0
UH0282,2016,SCIAN 2013,11,,Continuidad sin cambio explícito,71,11,11,0
UH0282,2017,SCIAN 2013,11,,Continuidad sin cambio explícito,71,11,11,0
UH0282,2018,SCIAN 2018,11,,Continuidad sin cambio explícito,71,11,11,0
UH0282,2019,SCIAN 2018,13,,Continuidad sin cambio explícito,71,13,13,0
UH0282,2020,SCIAN 2018,11,,Continuidad sin cambio explícito,71,11,11,0
UH0282,2021,SCIAN 2018,11,,Continuidad sin cambio explícito,71,11,11,0
UH0282,2022,SCIAN 2018,11,,Continuidad sin cambio explícito,71,11,11,0
UH0282,2023,SCIAN 2018,11,,Continuidad sin cambio explícito,71,11,11,0
UH0282,2024,SCIAN 2023,13,,Continuidad sin cambio explícito,71,13,13,0
UH0282,2025,SCIAN 2023,12,,Continuidad sin cambio explícito,71,12,12,0
UH0282,2026,SCIAN 2023,12,,Continuidad sin cambio explícito,71,12,12,0
UH0283,2010,SCIAN 2007,2,,Continuidad sin cambio explícito,71,2,2,0
UH0283,2011,SCIAN 2007,2,,Continuidad sin cambio explícito,71,2,2,0
UH0283,2012,SCIAN 2007,2,,Continuidad sin cambio explícito,71,2,2,0
UH0283,2013,SCIAN 2007,2,,Continuidad sin cambio explícito,71,2,2,0
UH0283,2015,SCIAN 2013,2,,Continuidad sin cambio explícito,71,2,2,0
UH0283,2016,SCIAN 2013,2,,Continuidad sin cambio explícito,71,2,2,0
UH0283,2017,SCIAN 2013,2,,Continuidad sin cambio explícito,71,2,2,0
UH0283,2018,SCIAN 2018,2,,Continuidad sin cambio explícito,71,2,2,0
UH0283,2019,SCIAN 2018,3,,Continuidad sin cambio explícito,71,3,3,0
UH0283,2020,SCIAN 2018,3,,Continuidad sin cambio explícito,71,3,3,0
UH0283,2021,SCIAN 2018,3,,Continuidad sin cambio explícito,71,3,3,0
UH0283,2022,SCIAN 2018,3,,Continuidad sin cambio explícito,71,3,3,0
UH0283,2023,SCIAN 2018,3,,Continuidad sin cambio explícito,71,3,3,0
UH0283,2024,SCIAN 2023,3,,Continuidad sin cambio explícito,71,3,3,0
UH0283,2025,SCIAN 2023,3,,Continuidad sin cambio explícito,71,3,3,0
UH0283,2026,SCIAN 2023,3,,Continuidad sin cambio explícito,71,3,3,0
UH0284,2010,SCIAN 2007,3,,Continuidad sin cambio explícito,71,3,3,0
UH0284,2011,SCIAN 2007,4,,Continuidad sin cambio explícito,71,4,4,0
UH0284,2012,SCIAN 2007,5,,Continuidad sin cambio explícito,71,5,5,0
UH0284,2013,SCIAN 2007,5,,Continuidad sin cambio explícito,71,5,5,0
UH0284,2015,SCIAN 2013,3,,Continuidad sin cambio explícito,71,3,3,0
UH0284,2016,SCIAN 2013,2,,Continuidad sin cambio explícito,71,2,2,0
UH0284,2017,SCIAN 2013,2,,Continuidad sin cambio explícito,71,2,2,0
UH0284,2018,SCIAN 2018,2,,Continuidad sin cambio explícito,71,2,2,0
UH0284,2019,SCIAN 2018,6,,Continuidad sin cambio explícito,71,6,6,0
UH0284,2020,SCIAN 2018,6,,Continuidad sin cambio explícito,71,6,6,0
UH0284,2021,SCIAN 2018,5,,Continuidad sin cambio explícito,71,5,5,0
UH0284,2022,SCIAN 2018,5,,Continuidad sin cambio explícito,71,5,5,0
UH0284,2023,SCIAN 2018,5,,Continuidad sin cambio explícito,71,5,5,0
UH0284,2024,SCIAN 2023,2,,Continuidad sin cambio explícito,71,2,2,0
UH0284,2025,SCIAN 2023,3,,Continuidad sin cambio explícito,71,3,3,0
UH0284,2026,SCIAN 2023,3,,Continuidad sin cambio explícito,71,3,3,0
UH0285,2010,SCIAN 2007,4,,Continuidad sin cambio explícito,71,4,4,0
UH0285,2011,SCIAN 2007,4,,Continuidad sin cambio explícito,71,4,4,0
UH0285,2012,SCIAN 2007,4,,Continuidad sin cambio explícito,71,4,4,0
UH0285,2013,SCIAN 2007,4,,Continuidad sin cambio explícito,71,4,4,0
UH0285,2015,SCIAN 2013,5,,Continuidad sin cambio explícito,71,5,5,0
UH0285,2016,SCIAN 2013,5,,Continuidad sin cambio explícito,71,5,5,0
UH0285,2017,SCIAN 2013,5,,Continuidad sin cambio explícito,71,5,5,0
UH0285,2018,SCIAN 2018,5,,Continuidad sin cambio explícito,71,5,5,0
UH0285,2019,SCIAN 2018,6,,Continuidad sin cambio explícito,71,6,6,0
UH0285,2020,SCIAN 2018,5,,Continuidad sin cambio explícito,71,5,5,0
UH0285,2021,SCIAN 2018,5,,Continuidad sin cambio explícito,71,5,5,0
UH0285,2022,SCIAN 2018,5,,Continuidad sin cambio explícito,71,5,5,0
UH0285,2023,SCIAN 2018,5,,Continuidad sin cambio explícito,71,5,5,0
UH0285,2024,SCIAN 2023,5,,Continuidad sin cambio explícito,71,5,5,0
UH0285,2025,SCIAN 2023,5,,Continuidad sin cambio explícito,71,5,5,0
UH0285,2026,SCIAN 2023,5,,Continuidad sin cambio explícito,71,5,5,0
UH0286,2010,SCIAN 2007,3,,Continuidad sin cambio explícito,71,3,3,0
UH0286,2011,SCIAN 2007,3,,Continuidad sin cambio explícito,71,3,3,0
UH0286,2012,SCIAN 2007,3,,Continuidad sin cambio explícito,71,3,3,0
UH0286,2013,SCIAN 2007,3,,Continuidad sin cambio explícito,71,3,3,0
UH0286,2015,SCIAN 2013,2,,Continuidad sin cambio explícito,71,2,2,0
UH0286,2016,SCIAN 2013,3,,Continuidad sin cambio explícito,71,3,3,0
UH0286,2017,SCIAN 2013,3,,Continuidad sin cambio explícito,71,3,3,0
UH0286,2018,SCIAN 2018,3,,Continuidad sin cambio explícito,71,3,3,0
UH0286,2019,SCIAN 2018,3,,Continuidad sin cambio explícito,71,3,3,0
UH0286,2020,SCIAN 2018,3,,Continuidad sin cambio explícito,71,3,3,0
UH0286,2021,SCIAN 2018,3,,Continuidad sin cambio explícito,71,3,3,0
UH0286,2022,SCIAN 2018,3,,Continuidad sin cambio explícito,71,3,3,0
UH0286,2023,SCIAN 2018,3,,Continuidad sin cambio explícito,71,3,3,0
UH0286,2024,SCIAN 2023,4,,Continuidad sin cambio explícito,71,4,4,0
UH0286,2025,SCIAN 2023,3,,Continuidad sin cambio explícito,71,3,3,0
UH0286,2026,SCIAN 2023,3,,Continuidad sin cambio explícito,71,3,3,0
UH0287,2010,SCIAN 2007,246,,Continuidad sin cambio explícito,71,246,246,0
UH0287,2011,SCIAN 2007,246,,Continuidad sin cambio explícito,71,246,246,0
UH0287,2012,SCIAN 2007,247,,Continuidad sin cambio explícito,71,247,247,0
UH0287,2013,SCIAN 2007,246,,Continuidad sin cambio explícito,71,246,246,0
UH0287,2015,SCIAN 2013,158,,Continuidad sin cambio explícito,71,158,158,0
UH0287,2016,SCIAN 2013,158,,Continuidad sin cambio explícito,71,158,158,0
UH0287,2017,SCIAN 2013,158,,Continuidad sin cambio explícito,71,158,158,0
UH0287,2018,SCIAN 2018,158,,Continuidad sin cambio explícito,71,158,158,0
UH0287,2019,SCIAN 2018,142,,Continuidad sin cambio explícito,71,142,142,0
UH0287,2020,SCIAN 2018,137,,Continuidad sin cambio explícito,71,137,137,0
UH0287,2021,SCIAN 2018,135,,Continuidad sin cambio explícito,71,135,135,0
UH0287,2022,SCIAN 2018,135,,Continuidad sin cambio explícito,71,135,135,0
UH0287,2023,SCIAN 2018,135,,Continuidad sin cambio explícito,71,135,135,0
UH0287,2024,SCIAN 2023,91,,Continuidad sin cambio explícito,71,91,91,0
UH0287,2025,SCIAN 2023,97,,Continuidad sin cambio explícito,71,97,97,0
UH0287,2026,SCIAN 2023,96,,Continuidad sin cambio explícito,71,96,96,0
UH0288,2010,SCIAN 2007,27,,Continuidad sin cambio explícito,71,27,27,0
UH0288,2011,SCIAN 2007,27,,Continuidad sin cambio explícito,71,27,27,0
UH0288,2012,SCIAN 2007,27,,Continuidad sin cambio explícito,71,27,27,0
UH0288,2013,SCIAN 2007,27,,Continuidad sin cambio explícito,71,27,27,0
UH0288,2015,SCIAN 2013,27,,Continuidad sin cambio explícito,71,27,27,0
UH0288,2016,SCIAN 2013,26,,Continuidad sin cambio explícito,71,26,26,0
UH0288,2017,SCIAN 2013,26,,Continuidad sin cambio explícito,71,26,26,0
UH0288,2018,SCIAN 2018,26,,Continuidad sin cambio explícito,71,26,26,0
UH0288,2019,SCIAN 2018,19,,Continuidad sin cambio explícito,71,19,19,0
UH0288,2020,SCIAN 2018,18,,Continuidad sin cambio explícito,71,18,18,0
UH0288,2021,SCIAN 2018,18,,Continuidad sin cambio explícito,71,18,18,0
UH0288,2022,SCIAN 2018,18,,Continuidad sin cambio explícito,71,18,18,0
UH0288,2023,SCIAN 2018,18,,Continuidad sin cambio explícito,71,18,18,0
UH0288,2024,SCIAN 2023,19,,Continuidad sin cambio explícito,71,19,19,0
UH0288,2025,SCIAN 2023,19,,Continuidad sin cambio explícito,71,19,19,0
UH0288,2026,SCIAN 2023,19,,Continuidad sin cambio explícito,71,19,19,0
UH0289,2010,SCIAN 2007,2,,Continuidad sin cambio explícito,71,2,2,0
UH0289,2011,SCIAN 2007,2,,Continuidad sin cambio explícito,71,2,2,0
UH0289,2012,SCIAN 2007,2,,Continuidad sin cambio explícito,71,2,2,0
UH0289,2013,SCIAN 2007,2,,Continuidad sin cambio explícito,71,2,2,0
UH0289,2015,SCIAN 2013,2,,Continuidad sin cambio explícito,71,2,2,0
UH0289,2016,SCIAN 2013,2,,Continuidad sin cambio explícito,71,2,2,0
UH0289,2017,SCIAN 2013,2,,Continuidad sin cambio explícito,71,2,2,0
UH0289,2018,SCIAN 2018,2,,Continuidad sin cambio explícito,71,2,2,0
UH0289,2019,SCIAN 2018,2,,Continuidad sin cambio explícito,71,2,2,0
UH0289,2020,SCIAN 2018,2,,Continuidad sin cambio explícito,71,2,2,0
UH0289,2021,SCIAN 2018,2,,Continuidad sin cambio explícito,71,2,2,0
UH0289,2022,SCIAN 2018,2,,Continuidad sin cambio explícito,71,2,2,0
UH0289,2023,SCIAN 2018,2,,Continuidad sin cambio explícito,71,2,2,0
UH0289,2024,SCIAN 2023,4,,Continuidad sin cambio explícito,71,4,4,0
UH0289,2025,SCIAN 2023,3,,Continuidad sin cambio explícito,71,3,3,0
UH0289,2026,SCIAN 2023,3,,Continuidad sin cambio explícito,71,3,3,0
UH0290,2010,SCIAN 2007,1,,Continuidad sin cambio explícito,71,1,1,0
UH0290,2011,SCIAN 2007,1,,Continuidad sin cambio explícito,71,1,1,0
UH0290,2012,SCIAN 2007,1,,Continuidad sin cambio explícito,71,1,1,0
UH0290,2013,SCIAN 2007,1,,Continuidad sin cambio explícito,71,1,1,0
UH0290,2015,SCIAN 2013,1,,Continuidad sin cambio explícito,71,1,1,0
UH0290,2016,SCIAN 2013,1,,Continuidad sin cambio explícito,71,1,1,0
UH0290,2017,SCIAN 2013,1,,Continuidad sin cambio explícito,71,1,1,0
UH0290,2018,SCIAN 2018,1,,Continuidad sin cambio explícito,71,1,1,0
UH0290,2019,SCIAN 2018,0,,Continuidad sin cambio explícito,71,0,0,0
UH0290,2020,SCIAN 2018,0,,Continuidad sin cambio explícito,71,0,0,0
UH0290,2021,SCIAN 2018,0,,Continuidad sin cambio explícito,71,0,0,0
UH0290,2022,SCIAN 2018,0,,Continuidad sin cambio explícito,71,0,0,0
UH0290,2023,SCIAN 2018,0,,Continuidad sin cambio explícito,71,0,0,0
UH0290,2024,SCIAN 2023,1,,Continuidad sin cambio explícito,71,1,1,0
UH0290,2025,SCIAN 2023,1,,Continuidad sin cambio explícito,71,1,1,0
UH0290,2026,SCIAN 2023,2,,Continuidad sin cambio explícito,71,2,2,0
UH0291,2010,SCIAN 2007,35,,Continuidad sin cambio explícito,71,35,35,0
UH0291,2011,SCIAN 2007,35,,Continuidad sin cambio explícito,71,35,35,0
UH0291,2012,SCIAN 2007,36,,Continuidad sin cambio explícito,71,36,36,0
UH0291,2013,SCIAN 2007,35,,Continuidad sin cambio explícito,71,35,35,0
UH0291,2015,SCIAN 2013,12,,Continuidad sin cambio explícito,71,12,12,0
UH0291,2016,SCIAN 2013,13,,Continuidad sin cambio explícito,71,13,13,0
UH0291,2017,SCIAN 2013,13,,Continuidad sin cambio explícito,71,13,13,0
UH0291,2018,SCIAN 2018,13,,Continuidad sin cambio explícito,71,13,13,0
UH0291,2019,SCIAN 2018,15,,Continuidad sin cambio explícito,71,15,15,0
UH0291,2020,SCIAN 2018,6,,Continuidad sin cambio explícito,71,6,6,0
UH0291,2021,SCIAN 2018,6,,Continuidad sin cambio explícito,71,6,6,0
UH0291,2022,SCIAN 2018,6,,Continuidad sin cambio explícito,71,6,6,0
UH0291,2023,SCIAN 2018,6,,Continuidad sin cambio explícito,71,6,6,0
UH0291,2024,SCIAN 2023,5,,Continuidad sin cambio explícito,71,5,5,0
UH0291,2025,SCIAN 2023,5,,Continuidad sin cambio explícito,71,5,5,0
UH0291,2026,SCIAN 2023,5,,Continuidad sin cambio explícito,71,5,5,0
UH0292,2010,SCIAN 2007,3,,Continuidad sin cambio explícito,71,3,3,0
UH0292,2011,SCIAN 2007,3,,Continuidad sin cambio explícito,71,3,3,0
UH0292,2012,SCIAN 2007,3,,Continuidad sin cambio explícito,71,3,3,0
UH0292,2013,SCIAN 2007,3,,Continuidad sin cambio explícito,71,3,3,0
UH0292,2015,SCIAN 2013,3,,Continuidad sin cambio explícito,71,3,3,0
UH0292,2016,SCIAN 2013,3,,Continuidad sin cambio explícito,71,3,3,0
UH0292,2017,SCIAN 2013,3,,Continuidad sin cambio explícito,71,3,3,0
UH0292,2018,SCIAN 2018,3,,Continuidad sin cambio explícito,71,3,3,0
UH0292,2019,SCIAN 2018,2,,Continuidad sin cambio explícito,71,2,2,0
UH0292,2020,SCIAN 2018,2,,Continuidad sin cambio explícito,71,2,2,0
UH0292,2021,SCIAN 2018,2,,Continuidad sin cambio explícito,71,2,2,0
UH0292,2022,SCIAN 2018,2,,Continuidad sin cambio explícito,71,2,2,0
UH0292,2023,SCIAN 2018,2,,Continuidad sin cambio explícito,71,2,2,0
UH0292,2024,SCIAN 2023,2,,Continuidad sin cambio explícito,71,2,2,0
UH0292,2025,SCIAN 2023,2,,Continuidad sin cambio explícito,71,2,2,0
UH0292,2026,SCIAN 2023,2,,Continuidad sin cambio explícito,71,2,2,0
UH0293,2010,SCIAN 2007,79,,Continuidad sin cambio explícito,71,79,79,0
UH0293,2011,SCIAN 2007,79,,Continuidad sin cambio explícito,71,79,79,0
UH0293,2012,SCIAN 2007,79,,Continuidad sin cambio explícito,71,79,79,0
UH0293,2013,SCIAN 2007,80,,Continuidad sin cambio explícito,71,80,80,0
UH0293,2015,SCIAN 2013,193,,Continuidad sin cambio explícito,71,193,193,0
UH0293,2016,SCIAN 2013,228,,Continuidad sin cambio explícito,71,228,228,0
UH0293,2017,SCIAN 2013,228,,Continuidad sin cambio explícito,71,228,228,0
UH0293,2018,SCIAN 2018,228,,Continuidad sin cambio explícito,71,228,228,0
UH0293,2019,SCIAN 2018,280,,Continuidad sin cambio explícito,71,280,280,0
UH0293,2020,SCIAN 2018,261,,Continuidad sin cambio explícito,71,261,261,0
UH0293,2021,SCIAN 2018,261,,Continuidad sin cambio explícito,71,261,261,0
UH0293,2022,SCIAN 2018,261,,Continuidad sin cambio explícito,71,261,261,0
UH0293,2023,SCIAN 2018,268,,Continuidad sin cambio explícito,71,268,268,0
UH0293,2024,SCIAN 2023,337,,Continuidad sin cambio explícito,71,337,337,0
UH0293,2025,SCIAN 2023,339,,Continuidad sin cambio explícito,71,339,339,0
UH0293,2026,SCIAN 2023,341,,Continuidad sin cambio explícito,71,341,341,0
UH0294,2010,SCIAN 2007,3,,Continuidad sin cambio explícito,71,3,3,0
UH0294,2011,SCIAN 2007,3,,Continuidad sin cambio explícito,71,3,3,0
UH0294,2012,SCIAN 2007,3,,Continuidad sin cambio explícito,71,3,3,0
UH0294,2013,SCIAN 2007,3,,Continuidad sin cambio explícito,71,3,3,0
UH0294,2015,SCIAN 2013,10,,Continuidad sin cambio explícito,71,10,10,0
UH0294,2016,SCIAN 2013,12,,Continuidad sin cambio explícito,71,12,12,0
UH0294,2017,SCIAN 2013,12,,Continuidad sin cambio explícito,71,12,12,0
UH0294,2018,SCIAN 2018,12,,Continuidad sin cambio explícito,71,12,12,0
UH0294,2019,SCIAN 2018,17,,Continuidad sin cambio explícito,71,17,17,0
UH0294,2020,SCIAN 2018,18,,Continuidad sin cambio explícito,71,18,18,0
UH0294,2021,SCIAN 2018,18,,Continuidad sin cambio explícito,71,18,18,0
UH0294,2022,SCIAN 2018,18,,Continuidad sin cambio explícito,71,18,18,0
UH0294,2023,SCIAN 2018,18,,Continuidad sin cambio explícito,71,18,18,0
UH0294,2024,SCIAN 2023,18,,Continuidad sin cambio explícito,71,18,18,0
UH0294,2025,SCIAN 2023,18,,Continuidad sin cambio explícito,71,18,18,0
UH0294,2026,SCIAN 2023,19,,Continuidad sin cambio explícito,71,19,19,0
UH0295,2010,SCIAN 2007,1,,Continuidad sin cambio explícito,71,1,1,0
UH0295,2011,SCIAN 2007,1,,Continuidad sin cambio explícito,71,1,1,0
UH0295,2012,SCIAN 2007,1,,Continuidad sin cambio explícito,71,1,1,0
UH0295,2013,SCIAN 2007,2,,Continuidad sin cambio explícito,71,2,2,0
UH0295,2015,SCIAN 2013,1,,Continuidad sin cambio explícito,71,1,1,0
UH0295,2016,SCIAN 2013,2,,Continuidad sin cambio explícito,71,2,2,0
UH0295,2017,SCIAN 2013,2,,Continuidad sin cambio explícito,71,2,2,0
UH0295,2018,SCIAN 2018,2,,Continuidad sin cambio explícito,71,2,2,0
UH0295,2019,SCIAN 2018,3,,Continuidad sin cambio explícito,71,3,3,0
UH0295,2020,SCIAN 2018,3,,Continuidad sin cambio explícito,71,3,3,0
UH0295,2021,SCIAN 2018,3,,Continuidad sin cambio explícito,71,3,3,0
UH0295,2022,SCIAN 2018,3,,Continuidad sin cambio explícito,71,3,3,0
UH0295,2023,SCIAN 2018,3,,Continuidad sin cambio explícito,71,3,3,0
UH0295,2024,SCIAN 2023,1,,Continuidad sin cambio explícito,71,1,1,0
UH0295,2025,SCIAN 2023,1,,Continuidad sin cambio explícito,71,1,1,0
UH0295,2026,SCIAN 2023,1,,Continuidad sin cambio explícito,71,1,1,0
UH0296,2010,SCIAN 2007,46,,Continuidad sin cambio explícito,71,46,46,0
UH0296,2011,SCIAN 2007,46,,Continuidad sin cambio explícito,71,46,46,0
UH0296,2012,SCIAN 2007,46,,Continuidad sin cambio explícito,71,46,46,0
UH0296,2013,SCIAN 2007,45,,Continuidad sin cambio explícito,71,45,45,0
UH0296,2015,SCIAN 2013,38,,Continuidad sin cambio explícito,71,38,38,0
UH0296,2016,SCIAN 2013,38,,Continuidad sin cambio explícito,71,38,38,0
UH0296,2017,SCIAN 2013,38,,Continuidad sin cambio explícito,71,38,38,0
UH0296,2018,SCIAN 2018,38,,Continuidad sin cambio explícito,71,38,38,0
UH0296,2019,SCIAN 2018,36,,Continuidad sin cambio explícito,71,36,36,0
UH0296,2020,SCIAN 2018,36,,Continuidad sin cambio explícito,71,36,36,0
UH0296,2021,SCIAN 2018,34,,Continuidad sin cambio explícito,71,34,34,0
UH0296,2022,SCIAN 2018,34,,Continuidad sin cambio explícito,71,34,34,0
UH0296,2023,SCIAN 2018,33,,Continuidad sin cambio explícito,71,33,33,0
UH0296,2024,SCIAN 2023,27,,Continuidad sin cambio explícito,71,27,27,0
UH0296,2025,SCIAN 2023,26,,Continuidad sin cambio explícito,71,26,26,0
UH0296,2026,SCIAN 2023,26,,Continuidad sin cambio explícito,71,26,26,0
UH0297,2010,SCIAN 2007,5,,Continuidad sin cambio explícito,71,5,5,0
UH0297,2011,SCIAN 2007,5,,Continuidad sin cambio explícito,71,5,5,0
UH0297,2012,SCIAN 2007,5,,Continuidad sin cambio explícito,71,5,5,0
UH0297,2013,SCIAN 2007,5,,Continuidad sin cambio explícito,71,5,5,0
UH0297,2015,SCIAN 2013,8,,Continuidad sin cambio explícito,71,8,8,0
UH0297,2016,SCIAN 2013,8,,Continuidad sin cambio explícito,71,8,8,0
UH0297,2017,SCIAN 2013,8,,Continuidad sin cambio explícito,71,8,8,0
UH0297,2018,SCIAN 2018,8,,Continuidad sin cambio explícito,71,8,8,0
UH0297,2019,SCIAN 2018,9,,Continuidad sin cambio explícito,71,9,9,0
UH0297,2020,SCIAN 2018,9,,Continuidad sin cambio explícito,71,9,9,0
UH0297,2021,SCIAN 2018,9,,Continuidad sin cambio explícito,71,9,9,0
UH0297,2022,SCIAN 2018,9,,Continuidad sin cambio explícito,71,9,9,0
UH0297,2023,SCIAN 2018,10,,Continuidad sin cambio explícito,71,10,10,0
UH0297,2024,SCIAN 2023,7,,Continuidad sin cambio explícito,71,7,7,0
UH0297,2025,SCIAN 2023,6,,Continuidad sin cambio explícito,71,6,6,0
UH0297,2026,SCIAN 2023,6,,Continuidad sin cambio explícito,71,6,6,0
UH0298,2010,SCIAN 2007,9,,Continuidad sin cambio explícito,71,9,9,0
UH0298,2011,SCIAN 2007,8,,Continuidad sin cambio explícito,71,8,8,0
UH0298,2012,SCIAN 2007,8,,Continuidad sin cambio explícito,71,8,8,0
UH0298,2013,SCIAN 2007,8,,Continuidad sin cambio explícito,71,8,8,0
UH0298,2015,SCIAN 2013,5,,Continuidad sin cambio explícito,71,5,5,0
UH0298,2016,SCIAN 2013,5,,Continuidad sin cambio explícito,71,5,5,0
UH0298,2017,SCIAN 2013,5,,Continuidad sin cambio explícito,71,5,5,0
UH0298,2018,SCIAN 2018,5,,Continuidad sin cambio explícito,71,5,5,0
UH0298,2019,SCIAN 2018,17,,Continuidad sin cambio explícito,71,17,17,0
UH0298,2020,SCIAN 2018,15,,Continuidad sin cambio explícito,71,15,15,0
UH0298,2021,SCIAN 2018,15,,Continuidad sin cambio explícito,71,15,15,0
UH0298,2022,SCIAN 2018,15,,Continuidad sin cambio explícito,71,15,15,0
UH0298,2023,SCIAN 2018,15,,Continuidad sin cambio explícito,71,15,15,0
UH0298,2024,SCIAN 2023,19,,Continuidad sin cambio explícito,71,19,19,0
UH0298,2025,SCIAN 2023,19,,Continuidad sin cambio explícito,71,19,19,0
UH0298,2026,SCIAN 2023,19,,Continuidad sin cambio explícito,71,19,19,0
UH0299,2010,SCIAN 2007,3,,Continuidad sin cambio explícito,71,3,3,0
UH0299,2011,SCIAN 2007,3,,Continuidad sin cambio explícito,71,3,3,0
UH0299,2012,SCIAN 2007,3,,Continuidad sin cambio explícito,71,3,3,0
UH0299,2013,SCIAN 2007,3,,Continuidad sin cambio explícito,71,3,3,0
UH0299,2015,SCIAN 2013,0,,Continuidad sin cambio explícito,71,0,0,0
UH0299,2016,SCIAN 2013,0,,Continuidad sin cambio explícito,71,0,0,0
UH0299,2017,SCIAN 2013,0,,Continuidad sin cambio explícito,71,0,0,0
UH0299,2018,SCIAN 2018,0,,Continuidad sin cambio explícito,71,0,0,0
UH0299,2019,SCIAN 2018,0,,Continuidad sin cambio explícito,71,0,0,0
UH0299,2020,SCIAN 2018,0,,Continuidad sin cambio explícito,71,0,0,0
UH0299,2021,SCIAN 2018,0,,Continuidad sin cambio explícito,71,0,0,0
UH0299,2022,SCIAN 2018,0,,Continuidad sin cambio explícito,71,0,0,0
UH0299,2023,SCIAN 2018,0,,Continuidad sin cambio explícito,71,0,0,0
UH0299,2024,SCIAN 2023,0,,Continuidad sin cambio explícito,71,0,0,0
UH0299,2025,SCIAN 2023,0,,Continuidad sin cambio explícito,71,0,0,0
UH0299,2026,SCIAN 2023,0,,Continuidad sin cambio explícito,71,0,0,0
UH0300,2010,SCIAN 2007,47,,Continuidad sin cambio explícito,72,47,47,0
UH0300,2011,SCIAN 2007,50,,Continuidad sin cambio explícito,72,50,50,0
UH0300,2012,SCIAN 2007,51,,Continuidad sin cambio explícito,72,51,51,0
UH0300,2013,SCIAN 2007,52,,Continuidad sin cambio explícito,72,52,52,0
UH0300,2015,SCIAN 2013,61,,Continuidad sin cambio explícito,72,61,61,0
UH0300,2016,SCIAN 2013,64,,Continuidad sin cambio explícito,72,64,64,0
UH0300,2017,SCIAN 2013,63,,Continuidad sin cambio explícito,72,63,63,0
UH0300,2018,SCIAN 2018,63,,Continuidad sin cambio explícito,72,63,63,0
UH0300,2019,SCIAN 2018,70,,Continuidad sin cambio explícito,72,70,70,0
UH0300,2020,SCIAN 2018,71,,Continuidad sin cambio explícito,72,71,71,0
UH0300,2021,SCIAN 2018,70,,Continuidad sin cambio explícito,72,70,70,0
UH0300,2022,SCIAN 2018,69,,Continuidad sin cambio explícito,72,69,69,0
UH0300,2023,SCIAN 2018,65,,Continuidad sin cambio explícito,72,65,65,0
UH0300,2024,SCIAN 2023,54,,Continuidad sin cambio explícito,72,54,54,0
UH0300,2025,SCIAN 2023,51,,Continuidad sin cambio explícito,72,51,51,0
UH0300,2026,SCIAN 2023,60,,Continuidad sin cambio explícito,72,60,60,0
UH0301,2010,SCIAN 2007,64,,Continuidad sin cambio explícito,72,64,64,0
UH0301,2011,SCIAN 2007,63,,Continuidad sin cambio explícito,72,63,63,0
UH0301,2012,SCIAN 2007,62,,Continuidad sin cambio explícito,72,62,62,0
UH0301,2013,SCIAN 2007,65,,Continuidad sin cambio explícito,72,65,65,0
UH0301,2015,SCIAN 2013,65,,Continuidad sin cambio explícito,72,65,65,0
UH0301,2016,SCIAN 2013,51,,Continuidad sin cambio explícito,72,51,51,0
UH0301,2017,SCIAN 2013,50,,Continuidad sin cambio explícito,72,50,50,0
UH0301,2018,SCIAN 2018,50,,Continuidad sin cambio explícito,72,50,50,0
UH0301,2019,SCIAN 2018,53,,Continuidad sin cambio explícito,72,53,53,0
UH0301,2020,SCIAN 2018,55,,Continuidad sin cambio explícito,72,55,55,0
UH0301,2021,SCIAN 2018,55,,Continuidad sin cambio explícito,72,55,55,0
UH0301,2022,SCIAN 2018,55,,Continuidad sin cambio explícito,72,55,55,0
UH0301,2023,SCIAN 2018,54,,Continuidad sin cambio explícito,72,54,54,0
UH0301,2024,SCIAN 2023,63,,Continuidad sin cambio explícito,72,63,63,0
UH0301,2025,SCIAN 2023,66,,Continuidad sin cambio explícito,72,66,66,0
UH0301,2026,SCIAN 2023,66,,Continuidad sin cambio explícito,72,66,66,0
UH0302,2010,SCIAN 2007,29,,Continuidad sin cambio explícito,72,29,29,0
UH0302,2011,SCIAN 2007,30,,Continuidad sin cambio explícito,72,30,30,0
UH0302,2012,SCIAN 2007,32,,Continuidad sin cambio explícito,72,32,32,0
UH0302,2013,SCIAN 2007,33,,Continuidad sin cambio explícito,72,33,33,0
UH0302,2015,SCIAN 2013,38,,Continuidad sin cambio explícito,72,38,38,0
UH0302,2016,SCIAN 2013,41,,Continuidad sin cambio explícito,72,41,41,0
UH0302,2017,SCIAN 2013,40,,Continuidad sin cambio explícito,72,40,40,0
UH0302,2018,SCIAN 2018,40,,Continuidad sin cambio explícito,72,40,40,0
UH0302,2019,SCIAN 2018,30,,Continuidad sin cambio explícito,72,30,30,0
UH0302,2020,SCIAN 2018,33,,Continuidad sin cambio explícito,72,33,33,0
UH0302,2021,SCIAN 2018,34,,Continuidad sin cambio explícito,72,34,34,0
UH0302,2022,SCIAN 2018,34,,Continuidad sin cambio explícito,72,34,34,0
UH0302,2023,SCIAN 2018,37,,Continuidad sin cambio explícito,72,37,37,0
UH0302,2024,SCIAN 2023,38,,Continuidad sin cambio explícito,72,38,38,0
UH0302,2025,SCIAN 2023,38,,Continuidad sin cambio explícito,72,38,38,0
UH0302,2026,SCIAN 2023,38,,Continuidad sin cambio explícito,72,38,38,0
UH0303,2010,SCIAN 2007,2,,Continuidad sin cambio explícito,72,2,2,0
UH0303,2011,SCIAN 2007,2,,Continuidad sin cambio explícito,72,2,2,0
UH0303,2012,SCIAN 2007,2,,Continuidad sin cambio explícito,72,2,2,0
UH0303,2013,SCIAN 2007,3,,Continuidad sin cambio explícito,72,3,3,0
UH0303,2015,SCIAN 2013,7,,Continuidad sin cambio explícito,72,7,7,0
UH0303,2016,SCIAN 2013,7,,Continuidad sin cambio explícito,72,7,7,0
UH0303,2017,SCIAN 2013,7,,Continuidad sin cambio explícito,72,7,7,0
UH0303,2018,SCIAN 2018,7,,Continuidad sin cambio explícito,72,7,7,0
UH0303,2019,SCIAN 2018,2,,Continuidad sin cambio explícito,72,2,2,0
UH0303,2020,SCIAN 2018,7,,Continuidad sin cambio explícito,72,7,7,0
UH0303,2021,SCIAN 2018,7,,Continuidad sin cambio explícito,72,7,7,0
UH0303,2022,SCIAN 2018,7,,Continuidad sin cambio explícito,72,7,7,0
UH0303,2023,SCIAN 2018,7,,Continuidad sin cambio explícito,72,7,7,0
UH0303,2024,SCIAN 2023,6,,Continuidad sin cambio explícito,72,6,6,0
UH0303,2025,SCIAN 2023,6,,Continuidad sin cambio explícito,72,6,6,0
UH0303,2026,SCIAN 2023,6,,Continuidad sin cambio explícito,72,6,6,0
UH0304,2010,SCIAN 2007,2,,Continuidad sin cambio explícito,72,2,2,0
UH0304,2011,SCIAN 2007,2,,Continuidad sin cambio explícito,72,2,2,0
UH0304,2012,SCIAN 2007,2,,Continuidad sin cambio explícito,72,2,2,0
UH0304,2013,SCIAN 2007,2,,Continuidad sin cambio explícito,72,2,2,0
UH0304,2015,SCIAN 2013,2,,Continuidad sin cambio explícito,72,2,2,0
UH0304,2016,SCIAN 2013,2,,Continuidad sin cambio explícito,72,2,2,0
UH0304,2017,SCIAN 2013,2,,Continuidad sin cambio explícito,72,2,2,0
UH0304,2018,SCIAN 2018,2,,Continuidad sin cambio explícito,72,2,2,0
UH0304,2019,SCIAN 2018,2,,Continuidad sin cambio explícito,72,2,2,0
UH0304,2020,SCIAN 2018,2,,Continuidad sin cambio explícito,72,2,2,0
UH0304,2021,SCIAN 2018,2,,Continuidad sin cambio explícito,72,2,2,0
UH0304,2022,SCIAN 2018,2,,Continuidad sin cambio explícito,72,2,2,0
UH0304,2023,SCIAN 2018,2,,Continuidad sin cambio explícito,72,2,2,0
UH0304,2024,SCIAN 2023,1,,Continuidad sin cambio explícito,72,1,1,0
UH0304,2025,SCIAN 2023,1,,Continuidad sin cambio explícito,72,1,1,0
UH0304,2026,SCIAN 2023,1,,Continuidad sin cambio explícito,72,1,1,0
UH0305,2010,SCIAN 2007,11,,Continuidad sin cambio explícito,72,11,11,0
UH0305,2011,SCIAN 2007,11,,Continuidad sin cambio explícito,72,11,11,0
UH0305,2012,SCIAN 2007,11,,Continuidad sin cambio explícito,72,11,11,0
UH0305,2013,SCIAN 2007,11,,Continuidad sin cambio explícito,72,11,11,0
UH0305,2015,SCIAN 2013,20,,Continuidad sin cambio explícito,72,20,20,0
UH0305,2016,SCIAN 2013,18,,Continuidad sin cambio explícito,72,18,18,0
UH0305,2017,SCIAN 2013,18,,Continuidad sin cambio explícito,72,18,18,0
UH0305,2018,SCIAN 2018,18,,Continuidad sin cambio explícito,72,18,18,0
UH0305,2019,SCIAN 2018,17,,Continuidad sin cambio explícito,72,17,17,0
UH0305,2020,SCIAN 2018,15,,Continuidad sin cambio explícito,72,15,15,0
UH0305,2021,SCIAN 2018,15,,Continuidad sin cambio explícito,72,15,15,0
UH0305,2022,SCIAN 2018,15,,Continuidad sin cambio explícito,72,15,15,0
UH0305,2023,SCIAN 2018,16,,Continuidad sin cambio explícito,72,16,16,0
UH0305,2024,SCIAN 2023,10,,Continuidad sin cambio explícito,72,10,10,0
UH0305,2025,SCIAN 2023,10,,Continuidad sin cambio explícito,72,10,10,0
UH0305,2026,SCIAN 2023,10,,Continuidad sin cambio explícito,72,10,10,0
UH0306,2010,SCIAN 2007,1,,Continuidad sin cambio explícito,72,1,1,0
UH0306,2011,SCIAN 2007,1,,Continuidad sin cambio explícito,72,1,1,0
UH0306,2012,SCIAN 2007,2,,Continuidad sin cambio explícito,72,2,2,0
UH0306,2013,SCIAN 2007,2,,Continuidad sin cambio explícito,72,2,2,0
UH0306,2015,SCIAN 2013,0,,Continuidad sin cambio explícito,72,0,0,0
UH0306,2016,SCIAN 2013,1,,Continuidad sin cambio explícito,72,1,1,0
UH0306,2017,SCIAN 2013,1,,Continuidad sin cambio explícito,72,1,1,0
UH0306,2018,SCIAN 2018,1,,Continuidad sin cambio explícito,72,1,1,0
UH0306,2019,SCIAN 2018,3,,Continuidad sin cambio explícito,72,3,3,0
UH0306,2020,SCIAN 2018,2,,Continuidad sin cambio explícito,72,2,2,0
UH0306,2021,SCIAN 2018,2,,Continuidad sin cambio explícito,72,2,2,0
UH0306,2022,SCIAN 2018,2,,Continuidad sin cambio explícito,72,2,2,0
UH0306,2023,SCIAN 2018,2,,Continuidad sin cambio explícito,72,2,2,0
UH0306,2024,SCIAN 2023,0,,Continuidad sin cambio explícito,72,0,0,0
UH0306,2025,SCIAN 2023,0,,Continuidad sin cambio explícito,72,0,0,0
UH0306,2026,SCIAN 2023,0,,Continuidad sin cambio explícito,72,0,0,0
UH0307,2010,SCIAN 2007,150,,Correspondencia directa 1 a 1,72,150,150,0
UH0307,2011,SCIAN 2007,150,,Correspondencia directa 1 a 1,72,150,150,0
UH0307,2012,SCIAN 2007,151,,Correspondencia directa 1 a 1,72,151,151,0
UH0307,2013,SCIAN 2007,148,,Correspondencia directa 1 a 1,72,148,148,0
UH0307,2015,SCIAN 2013,53,,Correspondencia directa 1 a 1,72,53,53,0
UH0307,2016,SCIAN 2013,57,,Correspondencia directa 1 a 1,72,57,57,0
UH0307,2017,SCIAN 2013,60,,Correspondencia directa 1 a 1,72,60,60,0
UH0307,2018,SCIAN 2018,60,,Correspondencia directa 1 a 1,72,60,60,0
UH0307,2019,SCIAN 2018,210,,Correspondencia directa 1 a 1,72,210,210,0
UH0307,2020,SCIAN 2018,108,,Correspondencia directa 1 a 1,72,108,108,0
UH0307,2021,SCIAN 2018,107,,Correspondencia directa 1 a 1,72,107,107,0
UH0307,2022,SCIAN 2018,107,,Correspondencia directa 1 a 1,72,107,107,0
UH0307,2023,SCIAN 2018,107,,Correspondencia directa 1 a 1,72,107,107,0
UH0307,2024,SCIAN 2023,197,,Correspondencia directa 1 a 1,72,197,197,0
UH0307,2025,SCIAN 2023,141,,Correspondencia directa 1 a 1,72,141,141,0
UH0307,2026,SCIAN 2023,144,,Correspondencia directa 1 a 1,72,144,144,0
UH0308,2010,SCIAN 2007,0,,Continuidad sin cambio explícito,72,0,0,0
UH0308,2011,SCIAN 2007,0,,Continuidad sin cambio explícito,72,0,0,0
UH0308,2012,SCIAN 2007,1,,Continuidad sin cambio explícito,72,1,1,0
UH0308,2013,SCIAN 2007,1,,Continuidad sin cambio explícito,72,1,1,0
UH0308,2015,SCIAN 2013,1,,Continuidad sin cambio explícito,72,1,1,0
UH0308,2016,SCIAN 2013,1,,Continuidad sin cambio explícito,72,1,1,0
UH0308,2017,SCIAN 2013,0,,Continuidad sin cambio explícito,72,0,0,0
UH0308,2018,SCIAN 2018,0,,Continuidad sin cambio explícito,72,0,0,0
UH0308,2019,SCIAN 2018,7,,Continuidad sin cambio explícito,72,7,7,0
UH0308,2020,SCIAN 2018,5,,Continuidad sin cambio explícito,72,5,5,0
UH0308,2021,SCIAN 2018,8,,Continuidad sin cambio explícito,72,8,8,0
UH0308,2022,SCIAN 2018,8,,Continuidad sin cambio explícito,72,8,8,0
UH0308,2023,SCIAN 2018,7,,Continuidad sin cambio explícito,72,7,7,0
UH0308,2024,SCIAN 2023,12,,Continuidad sin cambio explícito,72,12,12,0
UH0308,2025,SCIAN 2023,2,,Continuidad sin cambio explícito,72,2,2,0
UH0308,2026,SCIAN 2023,3,,Continuidad sin cambio explícito,72,3,3,0
UH0309,2010,SCIAN 2007,8,,Continuidad sin cambio explícito,72,8,8,0
UH0309,2011,SCIAN 2007,8,,Continuidad sin cambio explícito,72,8,8,0
UH0309,2012,SCIAN 2007,9,,Continuidad sin cambio explícito,72,9,9,0
UH0309,2013,SCIAN 2007,10,,Continuidad sin cambio explícito,72,10,10,0
UH0309,2015,SCIAN 2013,16,,Continuidad sin cambio explícito,72,16,16,0
UH0309,2016,SCIAN 2013,16,,Continuidad sin cambio explícito,72,16,16,0
UH0309,2017,SCIAN 2013,16,,Continuidad sin cambio explícito,72,16,16,0
UH0309,2018,SCIAN 2018,16,,Continuidad sin cambio explícito,72,16,16,0
UH0309,2019,SCIAN 2018,16,,Continuidad sin cambio explícito,72,16,16,0
UH0309,2020,SCIAN 2018,16,,Continuidad sin cambio explícito,72,16,16,0
UH0309,2021,SCIAN 2018,16,,Continuidad sin cambio explícito,72,16,16,0
UH0309,2022,SCIAN 2018,16,,Continuidad sin cambio explícito,72,16,16,0
UH0309,2023,SCIAN 2018,15,,Continuidad sin cambio explícito,72,15,15,0
UH0309,2024,SCIAN 2023,17,,Continuidad sin cambio explícito,72,17,17,0
UH0309,2025,SCIAN 2023,17,,Continuidad sin cambio explícito,72,17,17,0
UH0309,2026,SCIAN 2023,18,,Continuidad sin cambio explícito,72,18,18,0
UH0310,2010,SCIAN 2007,20,,Continuidad sin cambio explícito,72,20,20,0
UH0310,2011,SCIAN 2007,19,,Continuidad sin cambio explícito,72,19,19,0
UH0310,2012,SCIAN 2007,19,,Continuidad sin cambio explícito,72,19,19,0
UH0310,2013,SCIAN 2007,19,,Continuidad sin cambio explícito,72,19,19,0
UH0310,2015,SCIAN 2013,12,,Continuidad sin cambio explícito,72,12,12,0
UH0310,2016,SCIAN 2013,12,,Continuidad sin cambio explícito,72,12,12,0
UH0310,2017,SCIAN 2013,12,,Continuidad sin cambio explícito,72,12,12,0
UH0310,2018,SCIAN 2018,12,,Continuidad sin cambio explícito,72,12,12,0
UH0310,2019,SCIAN 2018,16,,Continuidad sin cambio explícito,72,16,16,0
UH0310,2020,SCIAN 2018,17,,Continuidad sin cambio explícito,72,17,17,0
UH0310,2021,SCIAN 2018,17,,Continuidad sin cambio explícito,72,17,17,0
UH0310,2022,SCIAN 2018,17,,Continuidad sin cambio explícito,72,17,17,0
UH0310,2023,SCIAN 2018,17,,Continuidad sin cambio explícito,72,17,17,0
UH0310,2024,SCIAN 2023,11,,Continuidad sin cambio explícito,72,11,11,0
UH0310,2025,SCIAN 2023,11,,Continuidad sin cambio explícito,72,11,11,0
UH0310,2026,SCIAN 2023,11,,Continuidad sin cambio explícito,72,11,11,0
UH0311,2010,SCIAN 2007,124,,Continuidad sin cambio explícito,72,124,124,0
UH0311,2011,SCIAN 2007,124,,Continuidad sin cambio explícito,72,124,124,0
UH0311,2012,SCIAN 2007,124,,Continuidad sin cambio explícito,72,124,124,0
UH0311,2013,SCIAN 2007,128,,Continuidad sin cambio explícito,72,128,128,0
UH0311,2015,SCIAN 2013,229,,Continuidad sin cambio explícito,72,229,229,0
UH0311,2016,SCIAN 2013,233,,Continuidad sin cambio explícito,72,233,233,0
UH0311,2017,SCIAN 2013,233,,Continuidad sin cambio explícito,72,233,233,0
UH0311,2018,SCIAN 2018,233,,Continuidad sin cambio explícito,72,233,233,0
UH0311,2019,SCIAN 2018,256,,Continuidad sin cambio explícito,72,256,256,0
UH0311,2020,SCIAN 2018,258,,Continuidad sin cambio explícito,72,258,258,0
UH0311,2021,SCIAN 2018,258,,Continuidad sin cambio explícito,72,258,258,0
UH0311,2022,SCIAN 2018,258,,Continuidad sin cambio explícito,72,258,258,0
UH0311,2023,SCIAN 2018,262,,Continuidad sin cambio explícito,72,262,262,0
UH0311,2024,SCIAN 2023,261,,Continuidad sin cambio explícito,72,261,261,0
UH0311,2025,SCIAN 2023,269,,Continuidad sin cambio explícito,72,269,269,0
UH0311,2026,SCIAN 2023,274,,Continuidad sin cambio explícito,72,274,274,0
UH0312,2010,SCIAN 2007,656,,Continuidad sin cambio explícito,81,656,656,0
UH0312,2011,SCIAN 2007,657,,Continuidad sin cambio explícito,81,657,657,0
UH0312,2012,SCIAN 2007,657,,Continuidad sin cambio explícito,81,657,657,0
UH0312,2013,SCIAN 2007,662,,Continuidad sin cambio explícito,81,662,662,0
UH0312,2015,SCIAN 2013,754,,Continuidad sin cambio explícito,81,754,754,0
UH0312,2016,SCIAN 2013,750,,Continuidad sin cambio explícito,81,750,750,0
UH0312,2017,SCIAN 2013,751,,Continuidad sin cambio explícito,81,751,751,0
UH0312,2018,SCIAN 2018,751,,Continuidad sin cambio explícito,81,751,751,0
UH0312,2019,SCIAN 2018,789,,Continuidad sin cambio explícito,81,789,789,0
UH0312,2020,SCIAN 2018,798,,Continuidad sin cambio explícito,81,798,798,0
UH0312,2021,SCIAN 2018,795,,Continuidad sin cambio explícito,81,795,795,0
UH0312,2022,SCIAN 2018,795,,Continuidad sin cambio explícito,81,795,795,0
UH0312,2023,SCIAN 2018,797,,Continuidad sin cambio explícito,81,797,797,0
UH0312,2024,SCIAN 2023,927,,Continuidad sin cambio explícito,81,927,927,0
UH0312,2025,SCIAN 2023,920,,Continuidad sin cambio explícito,81,920,920,0
UH0312,2026,SCIAN 2023,924,,Continuidad sin cambio explícito,81,924,924,0
UH0313,2010,SCIAN 2007,176,,Continuidad sin cambio explícito,81,176,176,0
UH0313,2011,SCIAN 2007,176,,Continuidad sin cambio explícito,81,176,176,0
UH0313,2012,SCIAN 2007,176,,Continuidad sin cambio explícito,81,176,176,0
UH0313,2013,SCIAN 2007,174,,Continuidad sin cambio explícito,81,174,174,0
UH0313,2015,SCIAN 2013,171,,Continuidad sin cambio explícito,81,171,171,0
UH0313,2016,SCIAN 2013,172,,Continuidad sin cambio explícito,81,172,172,0
UH0313,2017,SCIAN 2013,172,,Continuidad sin cambio explícito,81,172,172,0
UH0313,2018,SCIAN 2018,172,,Continuidad sin cambio explícito,81,172,172,0
UH0313,2019,SCIAN 2018,193,,Continuidad sin cambio explícito,81,193,193,0
UH0313,2020,SCIAN 2018,194,,Continuidad sin cambio explícito,81,194,194,0
UH0313,2021,SCIAN 2018,194,,Continuidad sin cambio explícito,81,194,194,0
UH0313,2022,SCIAN 2018,194,,Continuidad sin cambio explícito,81,194,194,0
UH0313,2023,SCIAN 2018,194,,Continuidad sin cambio explícito,81,194,194,0
UH0313,2024,SCIAN 2023,195,,Continuidad sin cambio explícito,81,195,195,0
UH0313,2025,SCIAN 2023,198,,Continuidad sin cambio explícito,81,198,198,0
UH0313,2026,SCIAN 2023,198,,Continuidad sin cambio explícito,81,198,198,0
UH0314,2010,SCIAN 2007,19,,Continuidad sin cambio explícito,81,19,19,0
UH0314,2011,SCIAN 2007,19,,Continuidad sin cambio explícito,81,19,19,0
UH0314,2012,SCIAN 2007,20,,Continuidad sin cambio explícito,81,20,20,0
UH0314,2013,SCIAN 2007,20,,Continuidad sin cambio explícito,81,20,20,0
UH0314,2015,SCIAN 2013,17,,Continuidad sin cambio explícito,81,17,17,0
UH0314,2016,SCIAN 2013,18,,Continuidad sin cambio explícito,81,18,18,0
UH0314,2017,SCIAN 2013,18,,Continuidad sin cambio explícito,81,18,18,0
UH0314,2018,SCIAN 2018,18,,Continuidad sin cambio explícito,81,18,18,0
UH0314,2019,SCIAN 2018,24,,Continuidad sin cambio explícito,81,24,24,0
UH0314,2020,SCIAN 2018,24,,Continuidad sin cambio explícito,81,24,24,0
UH0314,2021,SCIAN 2018,24,,Continuidad sin cambio explícito,81,24,24,0
UH0314,2022,SCIAN 2018,24,,Continuidad sin cambio explícito,81,24,24,0
UH0314,2023,SCIAN 2018,24,,Continuidad sin cambio explícito,81,24,24,0
UH0314,2024,SCIAN 2023,23,,Continuidad sin cambio explícito,81,23,23,0
UH0314,2025,SCIAN 2023,22,,Continuidad sin cambio explícito,81,22,22,0
UH0314,2026,SCIAN 2023,22,,Continuidad sin cambio explícito,81,22,22,0
UH0315,2010,SCIAN 2007,23,,Continuidad sin cambio explícito,81,23,23,0
UH0315,2011,SCIAN 2007,23,,Continuidad sin cambio explícito,81,23,23,0
UH0315,2012,SCIAN 2007,23,,Continuidad sin cambio explícito,81,23,23,0
UH0315,2013,SCIAN 2007,23,,Continuidad sin cambio explícito,81,23,23,0
UH0315,2015,SCIAN 2013,44,,Continuidad sin cambio explícito,81,44,44,0
UH0315,2016,SCIAN 2013,45,,Continuidad sin cambio explícito,81,45,45,0
UH0315,2017,SCIAN 2013,45,,Continuidad sin cambio explícito,81,45,45,0
UH0315,2018,SCIAN 2018,45,,Continuidad sin cambio explícito,81,45,45,0
UH0315,2019,SCIAN 2018,46,,Continuidad sin cambio explícito,81,46,46,0
UH0315,2020,SCIAN 2018,46,,Continuidad sin cambio explícito,81,46,46,0
UH0315,2021,SCIAN 2018,46,,Continuidad sin cambio explícito,81,46,46,0
UH0315,2022,SCIAN 2018,46,,Continuidad sin cambio explícito,81,46,46,0
UH0315,2023,SCIAN 2018,46,,Continuidad sin cambio explícito,81,46,46,0
UH0315,2024,SCIAN 2023,50,,Continuidad sin cambio explícito,81,50,50,0
UH0315,2025,SCIAN 2023,50,,Continuidad sin cambio explícito,81,50,50,0
UH0315,2026,SCIAN 2023,50,,Continuidad sin cambio explícito,81,50,50,0
UH0316,2010,SCIAN 2007,19,,Continuidad sin cambio explícito,81,19,19,0
UH0316,2011,SCIAN 2007,19,,Continuidad sin cambio explícito,81,19,19,0
UH0316,2012,SCIAN 2007,19,,Continuidad sin cambio explícito,81,19,19,0
UH0316,2013,SCIAN 2007,19,,Continuidad sin cambio explícito,81,19,19,0
UH0316,2015,SCIAN 2013,28,,Continuidad sin cambio explícito,81,28,28,0
UH0316,2016,SCIAN 2013,29,,Continuidad sin cambio explícito,81,29,29,0
UH0316,2017,SCIAN 2013,29,,Continuidad sin cambio explícito,81,29,29,0
UH0316,2018,SCIAN 2018,29,,Continuidad sin cambio explícito,81,29,29,0
UH0316,2019,SCIAN 2018,43,,Continuidad sin cambio explícito,81,43,43,0
UH0316,2020,SCIAN 2018,43,,Continuidad sin cambio explícito,81,43,43,0
UH0316,2021,SCIAN 2018,43,,Continuidad sin cambio explícito,81,43,43,0
UH0316,2022,SCIAN 2018,43,,Continuidad sin cambio explícito,81,43,43,0
UH0316,2023,SCIAN 2018,43,,Continuidad sin cambio explícito,81,43,43,0
UH0316,2024,SCIAN 2023,50,,Continuidad sin cambio explícito,81,50,50,0
UH0316,2025,SCIAN 2023,50,,Continuidad sin cambio explícito,81,50,50,0
UH0316,2026,SCIAN 2023,50,,Continuidad sin cambio explícito,81,50,50,0
UH0317,2010,SCIAN 2007,38,,Continuidad sin cambio explícito,81,38,38,0
UH0317,2011,SCIAN 2007,38,,Continuidad sin cambio explícito,81,38,38,0
UH0317,2012,SCIAN 2007,38,,Continuidad sin cambio explícito,81,38,38,0
UH0317,2013,SCIAN 2007,38,,Continuidad sin cambio explícito,81,38,38,0
UH0317,2015,SCIAN 2013,55,,Continuidad sin cambio explícito,81,55,55,0
UH0317,2016,SCIAN 2013,56,,Continuidad sin cambio explícito,81,56,56,0
UH0317,2017,SCIAN 2013,56,,Continuidad sin cambio explícito,81,56,56,0
UH0317,2018,SCIAN 2018,56,,Continuidad sin cambio explícito,81,56,56,0
UH0317,2019,SCIAN 2018,46,,Continuidad sin cambio explícito,81,46,46,0
UH0317,2020,SCIAN 2018,46,,Continuidad sin cambio explícito,81,46,46,0
UH0317,2021,SCIAN 2018,46,,Continuidad sin cambio explícito,81,46,46,0
UH0317,2022,SCIAN 2018,46,,Continuidad sin cambio explícito,81,46,46,0
UH0317,2023,SCIAN 2018,46,,Continuidad sin cambio explícito,81,46,46,0
UH0317,2024,SCIAN 2023,52,,Continuidad sin cambio explícito,81,52,52,0
UH0317,2025,SCIAN 2023,50,,Continuidad sin cambio explícito,81,50,50,0
UH0317,2026,SCIAN 2023,51,,Continuidad sin cambio explícito,81,51,51,0
UH0318,2010,SCIAN 2007,138,,Continuidad sin cambio explícito,81,138,138,0
UH0318,2011,SCIAN 2007,139,,Continuidad sin cambio explícito,81,139,139,0
UH0318,2012,SCIAN 2007,139,,Continuidad sin cambio explícito,81,139,139,0
UH0318,2013,SCIAN 2007,140,,Continuidad sin cambio explícito,81,140,140,0
UH0318,2015,SCIAN 2013,146,,Continuidad sin cambio explícito,81,146,146,0
UH0318,2016,SCIAN 2013,149,,Continuidad sin cambio explícito,81,149,149,0
UH0318,2017,SCIAN 2013,149,,Continuidad sin cambio explícito,81,149,149,0
UH0318,2018,SCIAN 2018,149,,Continuidad sin cambio explícito,81,149,149,0
UH0318,2019,SCIAN 2018,123,,Continuidad sin cambio explícito,81,123,123,0
UH0318,2020,SCIAN 2018,125,,Continuidad sin cambio explícito,81,125,125,0
UH0318,2021,SCIAN 2018,125,,Continuidad sin cambio explícito,81,125,125,0
UH0318,2022,SCIAN 2018,125,,Continuidad sin cambio explícito,81,125,125,0
UH0318,2023,SCIAN 2018,125,,Continuidad sin cambio explícito,81,125,125,0
UH0318,2024,SCIAN 2023,124,,Continuidad sin cambio explícito,81,124,124,0
UH0318,2025,SCIAN 2023,125,,Continuidad sin cambio explícito,81,125,125,0
UH0318,2026,SCIAN 2023,126,,Continuidad sin cambio explícito,81,126,126,0
UH0319,2010,SCIAN 2007,22,,Continuidad sin cambio explícito,81,22,22,0
UH0319,2011,SCIAN 2007,22,,Continuidad sin cambio explícito,81,22,22,0
UH0319,2012,SCIAN 2007,22,,Continuidad sin cambio explícito,81,22,22,0
UH0319,2013,SCIAN 2007,22,,Continuidad sin cambio explícito,81,22,22,0
UH0319,2015,SCIAN 2013,25,,Continuidad sin cambio explícito,81,25,25,0
UH0319,2016,SCIAN 2013,25,,Continuidad sin cambio explícito,81,25,25,0
UH0319,2017,SCIAN 2013,25,,Continuidad sin cambio explícito,81,25,25,0
UH0319,2018,SCIAN 2018,25,,Continuidad sin cambio explícito,81,25,25,0
UH0319,2019,SCIAN 2018,21,,Continuidad sin cambio explícito,81,21,21,0
UH0319,2020,SCIAN 2018,21,,Continuidad sin cambio explícito,81,21,21,0
UH0319,2021,SCIAN 2018,21,,Continuidad sin cambio explícito,81,21,21,0
UH0319,2022,SCIAN 2018,21,,Continuidad sin cambio explícito,81,21,21,0
UH0319,2023,SCIAN 2018,21,,Continuidad sin cambio explícito,81,21,21,0
UH0319,2024,SCIAN 2023,25,,Continuidad sin cambio explícito,81,25,25,0
UH0319,2025,SCIAN 2023,26,,Continuidad sin cambio explícito,81,26,26,0
UH0319,2026,SCIAN 2023,27,,Continuidad sin cambio explícito,81,27,27,0
UH0320,2010,SCIAN 2007,172,,Continuidad sin cambio explícito,81,172,172,0
UH0320,2011,SCIAN 2007,172,,Continuidad sin cambio explícito,81,172,172,0
UH0320,2012,SCIAN 2007,172,,Continuidad sin cambio explícito,81,172,172,0
UH0320,2013,SCIAN 2007,175,,Continuidad sin cambio explícito,81,175,175,0
UH0320,2015,SCIAN 2013,215,,Continuidad sin cambio explícito,81,215,215,0
UH0320,2016,SCIAN 2013,216,,Continuidad sin cambio explícito,81,216,216,0
UH0320,2017,SCIAN 2013,216,,Continuidad sin cambio explícito,81,216,216,0
UH0320,2018,SCIAN 2018,216,,Continuidad sin cambio explícito,81,216,216,0
UH0320,2019,SCIAN 2018,214,,Continuidad sin cambio explícito,81,214,214,0
UH0320,2020,SCIAN 2018,214,,Continuidad sin cambio explícito,81,214,214,0
UH0320,2021,SCIAN 2018,214,,Continuidad sin cambio explícito,81,214,214,0
UH0320,2022,SCIAN 2018,214,,Continuidad sin cambio explícito,81,214,214,0
UH0320,2023,SCIAN 2018,215,,Continuidad sin cambio explícito,81,215,215,0
UH0320,2024,SCIAN 2023,206,,Continuidad sin cambio explícito,81,206,206,0
UH0320,2025,SCIAN 2023,209,,Continuidad sin cambio explícito,81,209,209,0
UH0320,2026,SCIAN 2023,209,,Continuidad sin cambio explícito,81,209,209,0
UH0321,2010,SCIAN 2007,174,,Continuidad sin cambio explícito,81,174,174,0
UH0321,2011,SCIAN 2007,174,,Continuidad sin cambio explícito,81,174,174,0
UH0321,2012,SCIAN 2007,174,,Continuidad sin cambio explícito,81,174,174,0
UH0321,2013,SCIAN 2007,174,,Continuidad sin cambio explícito,81,174,174,0
UH0321,2015,SCIAN 2013,200,,Continuidad sin cambio explícito,81,200,200,0
UH0321,2016,SCIAN 2013,202,,Continuidad sin cambio explícito,81,202,202,0
UH0321,2017,SCIAN 2013,202,,Continuidad sin cambio explícito,81,202,202,0
UH0321,2018,SCIAN 2018,202,,Continuidad sin cambio explícito,81,202,202,0
UH0321,2019,SCIAN 2018,216,,Continuidad sin cambio explícito,81,216,216,0
UH0321,2020,SCIAN 2018,217,,Continuidad sin cambio explícito,81,217,217,0
UH0321,2021,SCIAN 2018,217,,Continuidad sin cambio explícito,81,217,217,0
UH0321,2022,SCIAN 2018,217,,Continuidad sin cambio explícito,81,217,217,0
UH0321,2023,SCIAN 2018,217,,Continuidad sin cambio explícito,81,217,217,0
UH0321,2024,SCIAN 2023,249,,Continuidad sin cambio explícito,81,249,249,0
UH0321,2025,SCIAN 2023,249,,Continuidad sin cambio explícito,81,249,249,0
UH0321,2026,SCIAN 2023,249,,Continuidad sin cambio explícito,81,249,249,0
UH0322,2010,SCIAN 2007,86,,Continuidad sin cambio explícito,81,86,86,0
UH0322,2011,SCIAN 2007,86,,Continuidad sin cambio explícito,81,86,86,0
UH0322,2012,SCIAN 2007,88,,Continuidad sin cambio explícito,81,88,88,0
UH0322,2013,SCIAN 2007,91,,Continuidad sin cambio explícito,81,91,91,0
UH0322,2015,SCIAN 2013,75,,Continuidad sin cambio explícito,81,75,75,0
UH0322,2016,SCIAN 2013,76,,Continuidad sin cambio explícito,81,76,76,0
UH0322,2017,SCIAN 2013,76,,Continuidad sin cambio explícito,81,76,76,0
UH0322,2018,SCIAN 2018,76,,Continuidad sin cambio explícito,81,76,76,0
UH0322,2019,SCIAN 2018,70,,Continuidad sin cambio explícito,81,70,70,0
UH0322,2020,SCIAN 2018,72,,Continuidad sin cambio explícito,81,72,72,0
UH0322,2021,SCIAN 2018,72,,Continuidad sin cambio explícito,81,72,72,0
UH0322,2022,SCIAN 2018,72,,Continuidad sin cambio explícito,81,72,72,0
UH0322,2023,SCIAN 2018,72,,Continuidad sin cambio explícito,81,72,72,0
UH0322,2024,SCIAN 2023,78,,Continuidad sin cambio explícito,81,78,78,0
UH0322,2025,SCIAN 2023,80,,Continuidad sin cambio explícito,81,80,80,0
UH0322,2026,SCIAN 2023,80,,Continuidad sin cambio explícito,81,80,80,0
UH0323,2010,SCIAN 2007,159,,Continuidad sin cambio explícito,81,159,159,0
UH0323,2011,SCIAN 2007,159,,Continuidad sin cambio explícito,81,159,159,0
UH0323,2012,SCIAN 2007,159,,Continuidad sin cambio explícito,81,159,159,0
UH0323,2013,SCIAN 2007,164,,Continuidad sin cambio explícito,81,164,164,0
UH0323,2015,SCIAN 2013,137,,Continuidad sin cambio explícito,81,137,137,0
UH0323,2016,SCIAN 2013,138,,Continuidad sin cambio explícito,81,138,138,0
UH0323,2017,SCIAN 2013,138,,Continuidad sin cambio explícito,81,138,138,0
UH0323,2018,SCIAN 2018,138,,Continuidad sin cambio explícito,81,138,138,0
UH0323,2019,SCIAN 2018,110,,Continuidad sin cambio explícito,81,110,110,0
UH0323,2020,SCIAN 2018,110,,Continuidad sin cambio explícito,81,110,110,0
UH0323,2021,SCIAN 2018,110,,Continuidad sin cambio explícito,81,110,110,0
UH0323,2022,SCIAN 2018,110,,Continuidad sin cambio explícito,81,110,110,0
UH0323,2023,SCIAN 2018,110,,Continuidad sin cambio explícito,81,110,110,0
UH0323,2024,SCIAN 2023,92,,Continuidad sin cambio explícito,81,92,92,0
UH0323,2025,SCIAN 2023,89,,Continuidad sin cambio explícito,81,89,89,0
UH0323,2026,SCIAN 2023,90,,Continuidad sin cambio explícito,81,90,90,0
UH0324,2010,SCIAN 2007,136,,Continuidad sin cambio explícito,81,136,136,0
UH0324,2011,SCIAN 2007,136,,Continuidad sin cambio explícito,81,136,136,0
UH0324,2012,SCIAN 2007,136,,Continuidad sin cambio explícito,81,136,136,0
UH0324,2013,SCIAN 2007,169,,Continuidad sin cambio explícito,81,169,169,0
UH0324,2015,SCIAN 2013,134,,Continuidad sin cambio explícito,81,134,134,0
UH0324,2016,SCIAN 2013,140,,Continuidad sin cambio explícito,81,140,140,0
UH0324,2017,SCIAN 2013,140,,Continuidad sin cambio explícito,81,140,140,0
UH0324,2018,SCIAN 2018,140,,Continuidad sin cambio explícito,81,140,140,0
UH0324,2019,SCIAN 2018,222,,Continuidad sin cambio explícito,81,222,222,0
UH0324,2020,SCIAN 2018,220,,Continuidad sin cambio explícito,81,220,220,0
UH0324,2021,SCIAN 2018,215,,Continuidad sin cambio explícito,81,215,215,0
UH0324,2022,SCIAN 2018,214,,Continuidad sin cambio explícito,81,214,214,0
UH0324,2023,SCIAN 2018,213,,Continuidad sin cambio explícito,81,213,213,0
UH0324,2024,SCIAN 2023,239,,Continuidad sin cambio explícito,81,239,239,0
UH0324,2025,SCIAN 2023,252,,Continuidad sin cambio explícito,81,252,252,0
UH0324,2026,SCIAN 2023,252,,Continuidad sin cambio explícito,81,252,252,0
UH0325,2010,SCIAN 2007,4,,Continuidad sin cambio explícito,81,4,4,0
UH0325,2011,SCIAN 2007,4,,Continuidad sin cambio explícito,81,4,4,0
UH0325,2012,SCIAN 2007,4,,Continuidad sin cambio explícito,81,4,4,0
UH0325,2013,SCIAN 2007,4,,Continuidad sin cambio explícito,81,4,4,0
UH0325,2015,SCIAN 2013,8,,Continuidad sin cambio explícito,81,8,8,0
UH0325,2016,SCIAN 2013,8,,Continuidad sin cambio explícito,81,8,8,0
UH0325,2017,SCIAN 2013,8,,Continuidad sin cambio explícito,81,8,8,0
UH0325,2018,SCIAN 2018,8,,Continuidad sin cambio explícito,81,8,8,0
UH0325,2019,SCIAN 2018,8,,Continuidad sin cambio explícito,81,8,8,0
UH0325,2020,SCIAN 2018,9,,Continuidad sin cambio explícito,81,9,9,0
UH0325,2021,SCIAN 2018,9,,Continuidad sin cambio explícito,81,9,9,0
UH0325,2022,SCIAN 2018,9,,Continuidad sin cambio explícito,81,9,9,0
UH0325,2023,SCIAN 2018,9,,Continuidad sin cambio explícito,81,9,9,0
UH0325,2024,SCIAN 2023,9,,Continuidad sin cambio explícito,81,9,9,0
UH0325,2025,SCIAN 2023,8,,Continuidad sin cambio explícito,81,8,8,0
UH0325,2026,SCIAN 2023,8,,Continuidad sin cambio explícito,81,8,8,0
UH0326,2010,SCIAN 2007,67,,Continuidad sin cambio explícito,81,67,67,0
UH0326,2011,SCIAN 2007,67,,Continuidad sin cambio explícito,81,67,67,0
UH0326,2012,SCIAN 2007,69,,Continuidad sin cambio explícito,81,69,69,0
UH0326,2013,SCIAN 2007,69,,Continuidad sin cambio explícito,81,69,69,0
UH0326,2015,SCIAN 2013,93,,Continuidad sin cambio explícito,81,93,93,0
UH0326,2016,SCIAN 2013,92,,Continuidad sin cambio explícito,81,92,92,0
UH0326,2017,SCIAN 2013,91,,Continuidad sin cambio explícito,81,91,91,0
UH0326,2018,SCIAN 2018,91,,Continuidad sin cambio explícito,81,91,91,0
UH0326,2019,SCIAN 2018,92,,Continuidad sin cambio explícito,81,92,92,0
UH0326,2020,SCIAN 2018,91,,Continuidad sin cambio explícito,81,91,91,0
UH0326,2021,SCIAN 2018,89,,Continuidad sin cambio explícito,81,89,89,0
UH0326,2022,SCIAN 2018,90,,Continuidad sin cambio explícito,81,90,90,0
UH0326,2023,SCIAN 2018,90,,Continuidad sin cambio explícito,81,90,90,0
UH0326,2024,SCIAN 2023,91,,Continuidad sin cambio explícito,81,91,91,0
UH0326,2025,SCIAN 2023,90,,Continuidad sin cambio explícito,81,90,90,0
UH0326,2026,SCIAN 2023,92,,Continuidad sin cambio explícito,81,92,92,0
UH0327,2010,SCIAN 2007,6,,Continuidad sin cambio explícito,81,6,6,0
UH0327,2011,SCIAN 2007,6,,Continuidad sin cambio explícito,81,6,6,0
UH0327,2012,SCIAN 2007,6,,Continuidad sin cambio explícito,81,6,6,0
UH0327,2013,SCIAN 2007,6,,Continuidad sin cambio explícito,81,6,6,0
UH0327,2015,SCIAN 2013,5,,Continuidad sin cambio explícito,81,5,5,0
UH0327,2016,SCIAN 2013,4,,Continuidad sin cambio explícito,81,4,4,0
UH0327,2017,SCIAN 2013,4,,Continuidad sin cambio explícito,81,4,4,0
UH0327,2018,SCIAN 2018,4,,Continuidad sin cambio explícito,81,4,4,0
UH0327,2019,SCIAN 2018,8,,Continuidad sin cambio explícito,81,8,8,0
UH0327,2020,SCIAN 2018,7,,Continuidad sin cambio explícito,81,7,7,0
UH0327,2021,SCIAN 2018,6,,Continuidad sin cambio explícito,81,6,6,0
UH0327,2022,SCIAN 2018,6,,Continuidad sin cambio explícito,81,6,6,0
UH0327,2023,SCIAN 2018,6,,Continuidad sin cambio explícito,81,6,6,0
UH0327,2024,SCIAN 2023,7,,Continuidad sin cambio explícito,81,7,7,0
UH0327,2025,SCIAN 2023,7,,Continuidad sin cambio explícito,81,7,7,0
UH0327,2026,SCIAN 2023,7,,Continuidad sin cambio explícito,81,7,7,0
UH0328,2010,SCIAN 2007,6,,Continuidad sin cambio explícito,81,6,6,0
UH0328,2011,SCIAN 2007,6,,Continuidad sin cambio explícito,81,6,6,0
UH0328,2012,SCIAN 2007,6,,Continuidad sin cambio explícito,81,6,6,0
UH0328,2013,SCIAN 2007,7,,Continuidad sin cambio explícito,81,7,7,0
UH0328,2015,SCIAN 2013,3,,Continuidad sin cambio explícito,81,3,3,0
UH0328,2016,SCIAN 2013,4,,Continuidad sin cambio explícito,81,4,4,0
UH0328,2017,SCIAN 2013,4,,Continuidad sin cambio explícito,81,4,4,0
UH0328,2018,SCIAN 2018,4,,Continuidad sin cambio explícito,81,4,4,0
UH0328,2019,SCIAN 2018,18,,Continuidad sin cambio explícito,81,18,18,0
UH0328,2020,SCIAN 2018,16,,Continuidad sin cambio explícito,81,16,16,0
UH0328,2021,SCIAN 2018,16,,Continuidad sin cambio explícito,81,16,16,0
UH0328,2022,SCIAN 2018,16,,Continuidad sin cambio explícito,81,16,16,0
UH0328,2023,SCIAN 2018,16,,Continuidad sin cambio explícito,81,16,16,0
UH0328,2024,SCIAN 2023,20,,Continuidad sin cambio explícito,81,20,20,0
UH0328,2025,SCIAN 2023,25,,Continuidad sin cambio explícito,81,25,25,0
UH0328,2026,SCIAN 2023,25,,Continuidad sin cambio explícito,81,25,25,0
UH0329,2010,SCIAN 2007,84,,Continuidad sin cambio explícito,81,84,84,0
UH0329,2011,SCIAN 2007,84,,Continuidad sin cambio explícito,81,84,84,0
UH0329,2012,SCIAN 2007,84,,Continuidad sin cambio explícito,81,84,84,0
UH0329,2013,SCIAN 2007,84,,Continuidad sin cambio explícito,81,84,84,0
UH0329,2015,SCIAN 2013,116,,Continuidad sin cambio explícito,81,116,116,0
UH0329,2016,SCIAN 2013,116,,Continuidad sin cambio explícito,81,116,116,0
UH0329,2017,SCIAN 2013,116,,Continuidad sin cambio explícito,81,116,116,0
UH0329,2018,SCIAN 2018,116,,Continuidad sin cambio explícito,81,116,116,0
UH0329,2019,SCIAN 2018,109,,Continuidad sin cambio explícito,81,109,109,0
UH0329,2020,SCIAN 2018,114,,Continuidad sin cambio explícito,81,114,114,0
UH0329,2021,SCIAN 2018,112,,Continuidad sin cambio explícito,81,112,112,0
UH0329,2022,SCIAN 2018,112,,Continuidad sin cambio explícito,81,112,112,0
UH0329,2023,SCIAN 2018,111,,Continuidad sin cambio explícito,81,111,111,0
UH0329,2024,SCIAN 2023,121,,Continuidad sin cambio explícito,81,121,121,0
UH0329,2025,SCIAN 2023,121,,Continuidad sin cambio explícito,81,121,121,0
UH0329,2026,SCIAN 2023,121,,Continuidad sin cambio explícito,81,121,121,0
UH0330,2010,SCIAN 2007,92,,Continuidad sin cambio explícito,81,92,92,0
UH0330,2011,SCIAN 2007,92,,Continuidad sin cambio explícito,81,92,92,0
UH0330,2012,SCIAN 2007,92,,Continuidad sin cambio explícito,81,92,92,0
UH0330,2013,SCIAN 2007,91,,Continuidad sin cambio explícito,81,91,91,0
UH0330,2015,SCIAN 2013,109,,Continuidad sin cambio explícito,81,109,109,0
UH0330,2016,SCIAN 2013,97,,Continuidad sin cambio explícito,81,97,97,0
UH0330,2017,SCIAN 2013,97,,Continuidad sin cambio explícito,81,97,97,0
UH0330,2018,SCIAN 2018,97,,Continuidad sin cambio explícito,81,97,97,0
UH0330,2019,SCIAN 2018,102,,Continuidad sin cambio explícito,81,102,102,0
UH0330,2020,SCIAN 2018,103,,Continuidad sin cambio explícito,81,103,103,0
UH0330,2021,SCIAN 2018,104,,Continuidad sin cambio explícito,81,104,104,0
UH0330,2022,SCIAN 2018,104,,Continuidad sin cambio explícito,81,104,104,0
UH0330,2023,SCIAN 2018,104,,Continuidad sin cambio explícito,81,104,104,0
UH0330,2024,SCIAN 2023,97,,Continuidad sin cambio explícito,81,97,97,0
UH0330,2025,SCIAN 2023,98,,Continuidad sin cambio explícito,81,98,98,0
UH0330,2026,SCIAN 2023,98,,Continuidad sin cambio explícito,81,98,98,0
UH0331,2010,SCIAN 2007,133,,Continuidad sin cambio explícito,81,133,133,0
UH0331,2011,SCIAN 2007,133,,Continuidad sin cambio explícito,81,133,133,0
UH0331,2012,SCIAN 2007,133,,Continuidad sin cambio explícito,81,133,133,0
UH0331,2013,SCIAN 2007,133,,Continuidad sin cambio explícito,81,133,133,0
UH0331,2015,SCIAN 2013,133,,Continuidad sin cambio explícito,81,133,133,0
UH0331,2016,SCIAN 2013,134,,Continuidad sin cambio explícito,81,134,134,0
UH0331,2017,SCIAN 2013,134,,Continuidad sin cambio explícito,81,134,134,0
UH0331,2018,SCIAN 2018,134,,Continuidad sin cambio explícito,81,134,134,0
UH0331,2019,SCIAN 2018,108,,Continuidad sin cambio explícito,81,108,108,0
UH0331,2020,SCIAN 2018,108,,Continuidad sin cambio explícito,81,108,108,0
UH0331,2021,SCIAN 2018,108,,Continuidad sin cambio explícito,81,108,108,0
UH0331,2022,SCIAN 2018,108,,Continuidad sin cambio explícito,81,108,108,0
UH0331,2023,SCIAN 2018,108,,Continuidad sin cambio explícito,81,108,108,0
UH0331,2024,SCIAN 2023,97,,Continuidad sin cambio explícito,81,97,97,0
UH0331,2025,SCIAN 2023,100,,Continuidad sin cambio explícito,81,100,100,0
UH0331,2026,SCIAN 2023,100,,Continuidad sin cambio explícito,81,100,100,0
UH0332,2010,SCIAN 2007,99,,Continuidad sin cambio explícito,81,99,99,0
UH0332,2011,SCIAN 2007,101,,Continuidad sin cambio explícito,81,101,101,0
UH0332,2012,SCIAN 2007,101,,Continuidad sin cambio explícito,81,101,101,0
UH0332,2013,SCIAN 2007,100,,Continuidad sin cambio explícito,81,100,100,0
UH0332,2015,SCIAN 2013,121,,Continuidad sin cambio explícito,81,121,121,0
UH0332,2016,SCIAN 2013,122,,Continuidad sin cambio explícito,81,122,122,0
UH0332,2017,SCIAN 2013,122,,Continuidad sin cambio explícito,81,122,122,0
UH0332,2018,SCIAN 2018,122,,Continuidad sin cambio explícito,81,122,122,0
UH0332,2019,SCIAN 2018,135,,Continuidad sin cambio explícito,81,135,135,0
UH0332,2020,SCIAN 2018,136,,Continuidad sin cambio explícito,81,136,136,0
UH0332,2021,SCIAN 2018,135,,Continuidad sin cambio explícito,81,135,135,0
UH0332,2022,SCIAN 2018,135,,Continuidad sin cambio explícito,81,135,135,0
UH0332,2023,SCIAN 2018,135,,Continuidad sin cambio explícito,81,135,135,0
UH0332,2024,SCIAN 2023,145,,Continuidad sin cambio explícito,81,145,145,0
UH0332,2025,SCIAN 2023,146,,Continuidad sin cambio explícito,81,146,146,0
UH0332,2026,SCIAN 2023,147,,Continuidad sin cambio explícito,81,147,147,0
UH0333,2010,SCIAN 2007,57,,Continuidad sin cambio explícito,81,57,57,0
UH0333,2011,SCIAN 2007,57,,Continuidad sin cambio explícito,81,57,57,0
UH0333,2012,SCIAN 2007,58,,Continuidad sin cambio explícito,81,58,58,0
UH0333,2013,SCIAN 2007,59,,Continuidad sin cambio explícito,81,59,59,0
UH0333,2015,SCIAN 2013,79,,Continuidad sin cambio explícito,81,79,79,0
UH0333,2016,SCIAN 2013,80,,Continuidad sin cambio explícito,81,80,80,0
UH0333,2017,SCIAN 2013,80,,Continuidad sin cambio explícito,81,80,80,0
UH0333,2018,SCIAN 2018,80,,Continuidad sin cambio explícito,81,80,80,0
UH0333,2019,SCIAN 2018,99,,Continuidad sin cambio explícito,81,99,99,0
UH0333,2020,SCIAN 2018,100,,Continuidad sin cambio explícito,81,100,100,0
UH0333,2021,SCIAN 2018,99,,Continuidad sin cambio explícito,81,99,99,0
UH0333,2022,SCIAN 2018,99,,Continuidad sin cambio explícito,81,99,99,0
UH0333,2023,SCIAN 2018,98,,Continuidad sin cambio explícito,81,98,98,0
UH0333,2024,SCIAN 2023,124,,Continuidad sin cambio explícito,81,124,124,0
UH0333,2025,SCIAN 2023,126,,Continuidad sin cambio explícito,81,126,126,0
UH0333,2026,SCIAN 2023,126,,Continuidad sin cambio explícito,81,126,126,0
UH0334,2010,SCIAN 2007,46,,Continuidad sin cambio explícito,81,46,46,0
UH0334,2011,SCIAN 2007,46,,Continuidad sin cambio explícito,81,46,46,0
UH0334,2012,SCIAN 2007,46,,Continuidad sin cambio explícito,81,46,46,0
UH0334,2013,SCIAN 2007,45,,Continuidad sin cambio explícito,81,45,45,0
UH0334,2015,SCIAN 2013,56,,Continuidad sin cambio explícito,81,56,56,0
UH0334,2016,SCIAN 2013,56,,Continuidad sin cambio explícito,81,56,56,0
UH0334,2017,SCIAN 2013,56,,Continuidad sin cambio explícito,81,56,56,0
UH0334,2018,SCIAN 2018,56,,Continuidad sin cambio explícito,81,56,56,0
UH0334,2019,SCIAN 2018,59,,Continuidad sin cambio explícito,81,59,59,0
UH0334,2020,SCIAN 2018,59,,Continuidad sin cambio explícito,81,59,59,0
UH0334,2021,SCIAN 2018,60,,Continuidad sin cambio explícito,81,60,60,0
UH0334,2022,SCIAN 2018,60,,Continuidad sin cambio explícito,81,60,60,0
UH0334,2023,SCIAN 2018,60,,Continuidad sin cambio explícito,81,60,60,0
UH0334,2024,SCIAN 2023,59,,Continuidad sin cambio explícito,81,59,59,0
UH0334,2025,SCIAN 2023,58,,Continuidad sin cambio explícito,81,58,58,0
UH0334,2026,SCIAN 2023,59,,Continuidad sin cambio explícito,81,59,59,0
UH0335,2010,SCIAN 2007,220,,Continuidad sin cambio explícito,81,220,220,0
UH0335,2011,SCIAN 2007,220,,Continuidad sin cambio explícito,81,220,220,0
UH0335,2012,SCIAN 2007,220,,Continuidad sin cambio explícito,81,220,220,0
UH0335,2013,SCIAN 2007,220,,Continuidad sin cambio explícito,81,220,220,0
UH0335,2015,SCIAN 2013,406,,Continuidad sin cambio explícito,81,406,406,0
UH0335,2016,SCIAN 2013,402,,Continuidad sin cambio explícito,81,402,402,0
UH0335,2017,SCIAN 2013,402,,Continuidad sin cambio explícito,81,402,402,0
UH0335,2018,SCIAN 2018,402,,Continuidad sin cambio explícito,81,402,402,0
UH0335,2019,SCIAN 2018,315,,Continuidad sin cambio explícito,81,315,315,0
UH0335,2020,SCIAN 2018,315,,Continuidad sin cambio explícito,81,315,315,0
UH0335,2021,SCIAN 2018,315,,Continuidad sin cambio explícito,81,315,315,0
UH0335,2022,SCIAN 2018,315,,Continuidad sin cambio explícito,81,315,315,0
UH0335,2023,SCIAN 2018,315,,Continuidad sin cambio explícito,81,315,315,0
UH0335,2024,SCIAN 2023,309,,Continuidad sin cambio explícito,81,309,309,0
UH0335,2025,SCIAN 2023,315,,Continuidad sin cambio explícito,81,315,315,0
UH0335,2026,SCIAN 2023,316,,Continuidad sin cambio explícito,81,316,316,0
UH0336,2010,SCIAN 2007,1582,,Continuidad sin cambio explícito,81,1582,1582,0
UH0336,2011,SCIAN 2007,1582,,Continuidad sin cambio explícito,81,1582,1582,0
UH0336,2012,SCIAN 2007,1583,,Continuidad sin cambio explícito,81,1583,1583,0
UH0336,2013,SCIAN 2007,1587,,Continuidad sin cambio explícito,81,1587,1587,0
UH0336,2015,SCIAN 2013,1767,,Continuidad sin cambio explícito,81,1767,1767,0
UH0336,2016,SCIAN 2013,1767,,Continuidad sin cambio explícito,81,1767,1767,0
UH0336,2017,SCIAN 2013,1767,,Continuidad sin cambio explícito,81,1767,1767,0
UH0336,2018,SCIAN 2018,1767,,Continuidad sin cambio explícito,81,1767,1767,0
UH0336,2019,SCIAN 2018,2328,,Continuidad sin cambio explícito,81,2328,2328,0
UH0336,2020,SCIAN 2018,2350,,Continuidad sin cambio explícito,81,2350,2350,0
UH0336,2021,SCIAN 2018,2336,,Continuidad sin cambio explícito,81,2336,2336,0
UH0336,2022,SCIAN 2018,2336,,Continuidad sin cambio explícito,81,2336,2336,0
UH0336,2023,SCIAN 2018,2334,,Continuidad sin cambio explícito,81,2334,2334,0
UH0336,2024,SCIAN 2023,3128,,Continuidad sin cambio explícito,81,3128,3128,0
UH0336,2025,SCIAN 2023,3211,,Continuidad sin cambio explícito,81,3211,3211,0
UH0336,2026,SCIAN 2023,3218,,Continuidad sin cambio explícito,81,3218,3218,0
UH0337,2010,SCIAN 2007,5,,Continuidad sin cambio explícito,81,5,5,0
UH0337,2011,SCIAN 2007,5,,Continuidad sin cambio explícito,81,5,5,0
UH0337,2012,SCIAN 2007,5,,Continuidad sin cambio explícito,81,5,5,0
UH0337,2013,SCIAN 2007,5,,Continuidad sin cambio explícito,81,5,5,0
UH0337,2015,SCIAN 2013,1,,Continuidad sin cambio explícito,81,1,1,0
UH0337,2016,SCIAN 2013,1,,Continuidad sin cambio explícito,81,1,1,0
UH0337,2017,SCIAN 2013,1,,Continuidad sin cambio explícito,81,1,1,0
UH0337,2018,SCIAN 2018,1,,Continuidad sin cambio explícito,81,1,1,0
UH0337,2019,SCIAN 2018,3,,Continuidad sin cambio explícito,81,3,3,0
UH0337,2020,SCIAN 2018,4,,Continuidad sin cambio explícito,81,4,4,0
UH0337,2021,SCIAN 2018,4,,Continuidad sin cambio explícito,81,4,4,0
UH0337,2022,SCIAN 2018,4,,Continuidad sin cambio explícito,81,4,4,0
UH0337,2023,SCIAN 2018,4,,Continuidad sin cambio explícito,81,4,4,0
UH0337,2024,SCIAN 2023,3,,Continuidad sin cambio explícito,81,3,3,0
UH0337,2025,SCIAN 2023,3,,Continuidad sin cambio explícito,81,3,3,0
UH0337,2026,SCIAN 2023,3,,Continuidad sin cambio explícito,81,3,3,0
UH0338,2010,SCIAN 2007,26,,Continuidad sin cambio explícito,81,26,26,0
UH0338,2011,SCIAN 2007,26,,Continuidad sin cambio explícito,81,26,26,0
UH0338,2012,SCIAN 2007,26,,Continuidad sin cambio explícito,81,26,26,0
UH0338,2013,SCIAN 2007,26,,Continuidad sin cambio explícito,81,26,26,0
UH0338,2015,SCIAN 2013,40,,Continuidad sin cambio explícito,81,40,40,0
UH0338,2016,SCIAN 2013,39,,Continuidad sin cambio explícito,81,39,39,0
UH0338,2017,SCIAN 2013,39,,Continuidad sin cambio explícito,81,39,39,0
UH0338,2018,SCIAN 2018,39,,Continuidad sin cambio explícito,81,39,39,0
UH0338,2019,SCIAN 2018,44,,Continuidad sin cambio explícito,81,44,44,0
UH0338,2020,SCIAN 2018,43,,Continuidad sin cambio explícito,81,43,43,0
UH0338,2021,SCIAN 2018,40,,Continuidad sin cambio explícito,81,40,40,0
UH0338,2022,SCIAN 2018,40,,Continuidad sin cambio explícito,81,40,40,0
UH0338,2023,SCIAN 2018,40,,Continuidad sin cambio explícito,81,40,40,0
UH0338,2024,SCIAN 2023,53,,Continuidad sin cambio explícito,81,53,53,0
UH0338,2025,SCIAN 2023,56,,Continuidad sin cambio explícito,81,56,56,0
UH0338,2026,SCIAN 2023,56,,Continuidad sin cambio explícito,81,56,56,0
UH0339,2010,SCIAN 2007,246,,Continuidad sin cambio explícito,81,246,246,0
UH0339,2011,SCIAN 2007,246,,Continuidad sin cambio explícito,81,246,246,0
UH0339,2012,SCIAN 2007,246,,Continuidad sin cambio explícito,81,246,246,0
UH0339,2013,SCIAN 2007,249,,Continuidad sin cambio explícito,81,249,249,0
UH0339,2015,SCIAN 2013,303,,Continuidad sin cambio explícito,81,303,303,0
UH0339,2016,SCIAN 2013,303,,Continuidad sin cambio explícito,81,303,303,0
UH0339,2017,SCIAN 2013,303,,Continuidad sin cambio explícito,81,303,303,0
UH0339,2018,SCIAN 2018,303,,Continuidad sin cambio explícito,81,303,303,0
UH0339,2019,SCIAN 2018,363,,Continuidad sin cambio explícito,81,363,363,0
UH0339,2020,SCIAN 2018,367,,Continuidad sin cambio explícito,81,367,367,0
UH0339,2021,SCIAN 2018,366,,Continuidad sin cambio explícito,81,366,366,0
UH0339,2022,SCIAN 2018,366,,Continuidad sin cambio explícito,81,366,366,0
UH0339,2023,SCIAN 2018,365,,Continuidad sin cambio explícito,81,365,365,0
UH0339,2024,SCIAN 2023,397,,Continuidad sin cambio explícito,81,397,397,0
UH0339,2025,SCIAN 2023,403,,Continuidad sin cambio explícito,81,403,403,0
UH0339,2026,SCIAN 2023,404,,Continuidad sin cambio explícito,81,404,404,0
UH0340,2010,SCIAN 2007,24,,Continuidad sin cambio explícito,81,24,24,0
UH0340,2011,SCIAN 2007,23,,Continuidad sin cambio explícito,81,23,23,0
UH0340,2012,SCIAN 2007,23,,Continuidad sin cambio explícito,81,23,23,0
UH0340,2013,SCIAN 2007,25,,Continuidad sin cambio explícito,81,25,25,0
UH0340,2015,SCIAN 2013,24,,Continuidad sin cambio explícito,81,24,24,0
UH0340,2016,SCIAN 2013,26,,Continuidad sin cambio explícito,81,26,26,0
UH0340,2017,SCIAN 2013,25,,Continuidad sin cambio explícito,81,25,25,0
UH0340,2018,SCIAN 2018,25,,Continuidad sin cambio explícito,81,25,25,0
UH0340,2019,SCIAN 2018,27,,Continuidad sin cambio explícito,81,27,27,0
UH0340,2020,SCIAN 2018,29,,Continuidad sin cambio explícito,81,29,29,0
UH0340,2021,SCIAN 2018,29,,Continuidad sin cambio explícito,81,29,29,0
UH0340,2022,SCIAN 2018,29,,Continuidad sin cambio explícito,81,29,29,0
UH0340,2023,SCIAN 2018,28,,Continuidad sin cambio explícito,81,28,28,0
UH0340,2024,SCIAN 2023,28,,Continuidad sin cambio explícito,81,28,28,0
UH0340,2025,SCIAN 2023,30,,Continuidad sin cambio explícito,81,30,30,0
UH0340,2026,SCIAN 2023,30,,Continuidad sin cambio explícito,81,30,30,0
UH0341,2010,SCIAN 2007,134,,Continuidad sin cambio explícito,81,134,134,0
UH0341,2011,SCIAN 2007,134,,Continuidad sin cambio explícito,81,134,134,0
UH0341,2012,SCIAN 2007,133,,Continuidad sin cambio explícito,81,133,133,0
UH0341,2013,SCIAN 2007,133,,Continuidad sin cambio explícito,81,133,133,0
UH0341,2015,SCIAN 2013,170,,Continuidad sin cambio explícito,81,170,170,0
UH0341,2016,SCIAN 2013,176,,Continuidad sin cambio explícito,81,176,176,0
UH0341,2017,SCIAN 2013,176,,Continuidad sin cambio explícito,81,176,176,0
UH0341,2018,SCIAN 2018,176,,Continuidad sin cambio explícito,81,176,176,0
UH0341,2019,SCIAN 2018,185,,Continuidad sin cambio explícito,81,185,185,0
UH0341,2020,SCIAN 2018,188,,Continuidad sin cambio explícito,81,188,188,0
UH0341,2021,SCIAN 2018,185,,Continuidad sin cambio explícito,81,185,185,0
UH0341,2022,SCIAN 2018,186,,Continuidad sin cambio explícito,81,186,186,0
UH0341,2023,SCIAN 2018,186,,Continuidad sin cambio explícito,81,186,186,0
UH0341,2024,SCIAN 2023,209,,Continuidad sin cambio explícito,81,209,209,0
UH0341,2025,SCIAN 2023,209,,Continuidad sin cambio explícito,81,209,209,0
UH0341,2026,SCIAN 2023,211,,Continuidad sin cambio explícito,81,211,211,0
UH0342,2010,SCIAN 2007,21,,Continuidad sin cambio explícito,81,21,21,0
UH0342,2011,SCIAN 2007,17,,Continuidad sin cambio explícito,81,17,17,0
UH0342,2012,SCIAN 2007,17,,Continuidad sin cambio explícito,81,17,17,0
UH0342,2013,SCIAN 2007,16,,Continuidad sin cambio explícito,81,16,16,0
UH0342,2015,SCIAN 2013,11,,Continuidad sin cambio explícito,81,11,11,0
UH0342,2016,SCIAN 2013,12,,Continuidad sin cambio explícito,81,12,12,0
UH0342,2017,SCIAN 2013,10,,Continuidad sin cambio explícito,81,10,10,0
UH0342,2018,SCIAN 2018,10,,Continuidad sin cambio explícito,81,10,10,0
UH0342,2019,SCIAN 2018,5,,Continuidad sin cambio explícito,81,5,5,0
UH0342,2020,SCIAN 2018,5,,Continuidad sin cambio explícito,81,5,5,0
UH0342,2021,SCIAN 2018,5,,Continuidad sin cambio explícito,81,5,5,0
UH0342,2022,SCIAN 2018,5,,Continuidad sin cambio explícito,81,5,5,0
UH0342,2023,SCIAN 2018,5,,Continuidad sin cambio explícito,81,5,5,0
UH0342,2024,SCIAN 2023,12,,Continuidad sin cambio explícito,81,12,12,0
UH0342,2025,SCIAN 2023,9,,Continuidad sin cambio explícito,81,9,9,0
UH0342,2026,SCIAN 2023,9,,Continuidad sin cambio explícito,81,9,9,0
UH0343,2010,SCIAN 2007,46,,Continuidad sin cambio explícito,81,46,46,0
UH0343,2011,SCIAN 2007,46,,Continuidad sin cambio explícito,81,46,46,0
UH0343,2012,SCIAN 2007,46,,Continuidad sin cambio explícito,81,46,46,0
UH0343,2013,SCIAN 2007,47,,Continuidad sin cambio explícito,81,47,47,0
UH0343,2015,SCIAN 2013,49,,Continuidad sin cambio explícito,81,49,49,0
UH0343,2016,SCIAN 2013,41,,Continuidad sin cambio explícito,81,41,41,0
UH0343,2017,SCIAN 2013,41,,Continuidad sin cambio explícito,81,41,41,0
UH0343,2018,SCIAN 2018,41,,Continuidad sin cambio explícito,81,41,41,0
UH0343,2019,SCIAN 2018,59,,Continuidad sin cambio explícito,81,59,59,0
UH0343,2020,SCIAN 2018,69,,Continuidad sin cambio explícito,81,69,69,0
UH0343,2021,SCIAN 2018,69,,Continuidad sin cambio explícito,81,69,69,0
UH0343,2022,SCIAN 2018,69,,Continuidad sin cambio explícito,81,69,69,0
UH0343,2023,SCIAN 2018,69,,Continuidad sin cambio explícito,81,69,69,0
UH0343,2024,SCIAN 2023,69,,Continuidad sin cambio explícito,81,69,69,0
UH0343,2025,SCIAN 2023,73,,Continuidad sin cambio explícito,81,73,73,0
UH0343,2026,SCIAN 2023,73,,Continuidad sin cambio explícito,81,73,73,0
UH0344,2010,SCIAN 2007,43,,Continuidad sin cambio explícito,81,43,43,0
UH0344,2011,SCIAN 2007,43,,Continuidad sin cambio explícito,81,43,43,0
UH0344,2012,SCIAN 2007,43,,Continuidad sin cambio explícito,81,43,43,0
UH0344,2013,SCIAN 2007,44,,Continuidad sin cambio explícito,81,44,44,0
UH0344,2015,SCIAN 2013,29,,Continuidad sin cambio explícito,81,29,29,0
UH0344,2016,SCIAN 2013,38,,Continuidad sin cambio explícito,81,38,38,0
UH0344,2017,SCIAN 2013,38,,Continuidad sin cambio explícito,81,38,38,0
UH0344,2018,SCIAN 2018,38,,Continuidad sin cambio explícito,81,38,38,0
UH0344,2019,SCIAN 2018,38,,Continuidad sin cambio explícito,81,38,38,0
UH0344,2020,SCIAN 2018,42,,Continuidad sin cambio explícito,81,42,42,0
UH0344,2021,SCIAN 2018,42,,Continuidad sin cambio explícito,81,42,42,0
UH0344,2022,SCIAN 2018,42,,Continuidad sin cambio explícito,81,42,42,0
UH0344,2023,SCIAN 2018,42,,Continuidad sin cambio explícito,81,42,42,0
UH0344,2024,SCIAN 2023,30,,Continuidad sin cambio explícito,81,30,30,0
UH0344,2025,SCIAN 2023,31,,Continuidad sin cambio explícito,81,31,31,0
UH0344,2026,SCIAN 2023,31,,Continuidad sin cambio explícito,81,31,31,0
UH0345,2010,SCIAN 2007,42,,Continuidad sin cambio explícito,81,42,42,0
UH0345,2011,SCIAN 2007,42,,Continuidad sin cambio explícito,81,42,42,0
UH0345,2012,SCIAN 2007,42,,Continuidad sin cambio explícito,81,42,42,0
UH0345,2013,SCIAN 2007,44,,Continuidad sin cambio explícito,81,44,44,0
UH0345,2015,SCIAN 2013,62,,Continuidad sin cambio explícito,81,62,62,0
UH0345,2016,SCIAN 2013,64,,Continuidad sin cambio explícito,81,64,64,0
UH0345,2017,SCIAN 2013,65,,Continuidad sin cambio explícito,81,65,65,0
UH0345,2018,SCIAN 2018,65,,Continuidad sin cambio explícito,81,65,65,0
UH0345,2019,SCIAN 2018,61,,Continuidad sin cambio explícito,81,61,61,0
UH0345,2020,SCIAN 2018,60,,Continuidad sin cambio explícito,81,60,60,0
UH0345,2021,SCIAN 2018,60,,Continuidad sin cambio explícito,81,60,60,0
UH0345,2022,SCIAN 2018,60,,Continuidad sin cambio explícito,81,60,60,0
UH0345,2023,SCIAN 2018,64,,Continuidad sin cambio explícito,81,64,64,0
UH0345,2024,SCIAN 2023,64,,Continuidad sin cambio explícito,81,64,64,0
UH0345,2025,SCIAN 2023,68,,Continuidad sin cambio explícito,81,68,68,0
UH0345,2026,SCIAN 2023,70,,Continuidad sin cambio explícito,81,70,70,0
UH0346,2010,SCIAN 2007,7,,Continuidad sin cambio explícito,81,7,7,0
UH0346,2011,SCIAN 2007,7,,Continuidad sin cambio explícito,81,7,7,0
UH0346,2012,SCIAN 2007,7,,Continuidad sin cambio explícito,81,7,7,0
UH0346,2013,SCIAN 2007,7,,Continuidad sin cambio explícito,81,7,7,0
UH0346,2015,SCIAN 2013,9,,Continuidad sin cambio explícito,81,9,9,0
UH0346,2016,SCIAN 2013,10,,Continuidad sin cambio explícito,81,10,10,0
UH0346,2017,SCIAN 2013,10,,Continuidad sin cambio explícito,81,10,10,0
UH0346,2018,SCIAN 2018,10,,Continuidad sin cambio explícito,81,10,10,0
UH0346,2019,SCIAN 2018,10,,Continuidad sin cambio explícito,81,10,10,0
UH0346,2020,SCIAN 2018,9,,Continuidad sin cambio explícito,81,9,9,0
UH0346,2021,SCIAN 2018,9,,Continuidad sin cambio explícito,81,9,9,0
UH0346,2022,SCIAN 2018,9,,Continuidad sin cambio explícito,81,9,9,0
UH0346,2023,SCIAN 2018,9,,Continuidad sin cambio explícito,81,9,9,0
UH0346,2024,SCIAN 2023,7,,Continuidad sin cambio explícito,81,7,7,0
UH0346,2025,SCIAN 2023,7,,Continuidad sin cambio explícito,81,7,7,0
UH0346,2026,SCIAN 2023,8,,Continuidad sin cambio explícito,81,8,8,0
UH0347,2010,SCIAN 2007,0,,Continuidad sin cambio explícito,81,0,0,0
UH0347,2011,SCIAN 2007,0,,Continuidad sin cambio explícito,81,0,0,0
UH0347,2012,SCIAN 2007,0,,Continuidad sin cambio explícito,81,0,0,0
UH0347,2013,SCIAN 2007,0,,Continuidad sin cambio explícito,81,0,0,0
UH0347,2015,SCIAN 2013,1,,Continuidad sin cambio explícito,81,1,1,0
UH0347,2016,SCIAN 2013,1,,Continuidad sin cambio explícito,81,1,1,0
UH0347,2017,SCIAN 2013,1,,Continuidad sin cambio explícito,81,1,1,0
UH0347,2018,SCIAN 2018,1,,Continuidad sin cambio explícito,81,1,1,0
UH0347,2019,SCIAN 2018,1,,Continuidad sin cambio explícito,81,1,1,0
UH0347,2020,SCIAN 2018,2,,Continuidad sin cambio explícito,81,2,2,0
UH0347,2021,SCIAN 2018,2,,Continuidad sin cambio explícito,81,2,2,0
UH0347,2022,SCIAN 2018,2,,Continuidad sin cambio explícito,81,2,2,0
UH0347,2023,SCIAN 2018,2,,Continuidad sin cambio explícito,81,2,2,0
UH0347,2024,SCIAN 2023,1,,Continuidad sin cambio explícito,81,1,1,0
UH0347,2025,SCIAN 2023,1,,Continuidad sin cambio explícito,81,1,1,0
UH0347,2026,SCIAN 2023,1,,Continuidad sin cambio explícito,81,1,1,0
UH0348,2010,SCIAN 2007,324,,Continuidad sin cambio explícito,81,324,324,0
UH0348,2011,SCIAN 2007,325,,Continuidad sin cambio explícito,81,325,325,0
UH0348,2012,SCIAN 2007,325,,Continuidad sin cambio explícito,81,325,325,0
UH0348,2013,SCIAN 2007,324,,Continuidad sin cambio explícito,81,324,324,0
UH0348,2015,SCIAN 2013,378,,Continuidad sin cambio explícito,81,378,378,0
UH0348,2016,SCIAN 2013,383,,Continuidad sin cambio explícito,81,383,383,0
UH0348,2017,SCIAN 2013,383,,Continuidad sin cambio explícito,81,383,383,0
UH0348,2018,SCIAN 2018,383,,Continuidad sin cambio explícito,81,383,383,0
UH0348,2019,SCIAN 2018,439,,Continuidad sin cambio explícito,81,439,439,0
UH0348,2020,SCIAN 2018,442,,Continuidad sin cambio explícito,81,442,442,0
UH0348,2021,SCIAN 2018,441,,Continuidad sin cambio explícito,81,441,441,0
UH0348,2022,SCIAN 2018,441,,Continuidad sin cambio explícito,81,441,441,0
UH0348,2023,SCIAN 2018,441,,Continuidad sin cambio explícito,81,441,441,0
UH0348,2024,SCIAN 2023,482,,Continuidad sin cambio explícito,81,482,482,0
UH0348,2025,SCIAN 2023,483,,Continuidad sin cambio explícito,81,483,483,0
UH0348,2026,SCIAN 2023,483,,Continuidad sin cambio explícito,81,483,483,0
UH0349,2010,SCIAN 2007,73,,Continuidad sin cambio explícito,81,73,73,0
UH0349,2011,SCIAN 2007,75,,Continuidad sin cambio explícito,81,75,75,0
UH0349,2012,SCIAN 2007,76,,Continuidad sin cambio explícito,81,76,76,0
UH0349,2013,SCIAN 2007,77,,Continuidad sin cambio explícito,81,77,77,0
UH0349,2015,SCIAN 2013,97,,Continuidad sin cambio explícito,81,97,97,0
UH0349,2016,SCIAN 2013,98,,Continuidad sin cambio explícito,81,98,98,0
UH0349,2017,SCIAN 2013,98,,Continuidad sin cambio explícito,81,98,98,0
UH0349,2018,SCIAN 2018,98,,Continuidad sin cambio explícito,81,98,98,0
UH0349,2019,SCIAN 2018,114,,Continuidad sin cambio explícito,81,114,114,0
UH0349,2020,SCIAN 2018,116,,Continuidad sin cambio explícito,81,116,116,0
UH0349,2021,SCIAN 2018,115,,Continuidad sin cambio explícito,81,115,115,0
UH0349,2022,SCIAN 2018,115,,Continuidad sin cambio explícito,81,115,115,0
UH0349,2023,SCIAN 2018,114,,Continuidad sin cambio explícito,81,114,114,0
UH0349,2024,SCIAN 2023,104,,Continuidad sin cambio explícito,81,104,104,0
UH0349,2025,SCIAN 2023,100,,Continuidad sin cambio explícito,81,100,100,0
UH0349,2026,SCIAN 2023,103,,Continuidad sin cambio explícito,81,103,103,0
UH0350,2010,SCIAN 2007,0,,Agregación directa,56 | 93,0,0,0
UH0350,2011,SCIAN 2007,0,,Agregación directa,56 | 93,0,0,0
UH0350,2012,SCIAN 2007,0,,Agregación directa,56 | 93,0,0,0
UH0350,2013,SCIAN 2007,0,,Agregación directa,56 | 93,0,0,0
UH0350,2015,SCIAN 2013,0,,Agregación directa,56 | 93,0,0,0
UH0350,2016,SCIAN 2013,0,,Agregación directa,56 | 93,0,0,0
UH0350,2017,SCIAN 2013,0,,Agregación directa,56 | 93,0,0,0
UH0350,2018,SCIAN 2018,7,,Agregación directa,56 | 93,7,7,0
UH0350,2019,SCIAN 2018,1,,Agregación directa,56 | 93,1,1,0
UH0350,2020,SCIAN 2018,0,,Agregación directa,56 | 93,0,0,0
UH0350,2021,SCIAN 2018,0,,Agregación directa,56 | 93,0,0,0
UH0350,2022,SCIAN 2018,0,,Agregación directa,56 | 93,0,0,0
UH0350,2023,SCIAN 2018,0,,Agregación directa,56 | 93,0,0,0
UH0350,2024,SCIAN 2023,1,,Agregación directa,56 | 93,1,1,0
UH0350,2025,SCIAN 2023,1,,Agregación directa,56 | 93,1,1,0
UH0350,2026,SCIAN 2023,1,,Agregación directa,56 | 93,1,1,0
UH0370,2010,SCIAN 2007,0,,Continuidad sin cambio explícito,48,0,0,0
UH0370,2011,SCIAN 2007,0,,Continuidad sin cambio explícito,48,0,0,0
UH0370,2012,SCIAN 2007,0,,Continuidad sin cambio explícito,48,0,0,0
UH0370,2013,SCIAN 2007,0,,Continuidad sin cambio explícito,48,0,0,0
UH0370,2015,SCIAN 2013,0,,Continuidad sin cambio explícito,48,0,0,0
UH0370,2016,SCIAN 2013,0,,Continuidad sin cambio explícito,48,0,0,0
UH0370,2017,SCIAN 2013,0,,Continuidad sin cambio explícito,48,0,0,0
UH0370,2018,SCIAN 2018,0,,Continuidad sin cambio explícito,48,0,0,0
UH0370,2019,SCIAN 2018,1,,Continuidad sin cambio explícito,48,1,1,0
UH0370,2020,SCIAN 2018,1,,Continuidad sin cambio explícito,48,1,1,0
UH0370,2021,SCIAN 2018,1,,Continuidad sin cambio explícito,48,1,1,0
UH0370,2022,SCIAN 2018,1,,Continuidad sin cambio explícito,48,1,1,0
UH0370,2023,SCIAN 2018,1,,Continuidad sin cambio explícito,48,1,1,0
UH0370,2024,SCIAN 2023,1,,Continuidad sin cambio explícito,48,1,1,0
UH0370,2025,SCIAN 2023,1,,Continuidad sin cambio explícito,48,1,1,0
UH0370,2026,SCIAN 2023,1,,Continuidad sin cambio explícito,48,1,1,0
UH0371,2010,SCIAN 2007,0,,Continuidad sin cambio explícito,52,0,0,0
UH0371,2011,SCIAN 2007,0,,Continuidad sin cambio explícito,52,0,0,0
UH0371,2012,SCIAN 2007,0,,Continuidad sin cambio explícito,52,0,0,0
UH0371,2013,SCIAN 2007,0,,Continuidad sin cambio explícito,52,0,0,0
UH0371,2015,SCIAN 2013,0,,Continuidad sin cambio explícito,52,0,0,0
UH0371,2016,SCIAN 2013,0,,Continuidad sin cambio explícito,52,0,0,0
UH0371,2017,SCIAN 2013,0,,Continuidad sin cambio explícito,52,0,0,0
UH0371,2018,SCIAN 2018,0,,Continuidad sin cambio explícito,52,0,0,0
UH0371,2019,SCIAN 2018,0,,Continuidad sin cambio explícito,52,0,0,0
UH0371,2020,SCIAN 2018,0,,Continuidad sin cambio explícito,52,0,0,0
UH0371,2021,SCIAN 2018,0,,Continuidad sin cambio explícito,52,0,0,0
UH0371,2022,SCIAN 2018,0,,Continuidad sin cambio explícito,52,0,0,0
UH0371,2023,SCIAN 2018,1,,Continuidad sin cambio explícito,52,1,1,0
UH0371,2024,SCIAN 2023,1,,Continuidad sin cambio explícito,52,1,1,0
UH0371,2025,SCIAN 2023,1,,Continuidad sin cambio explícito,52,1,1,0
UH0371,2026,SCIAN 2023,1,,Continuidad sin cambio explícito,52,1,1,0
UH0372,2010,SCIAN 2007,0,,Continuidad sin cambio explícito,53,0,0,0
UH0372,2011,SCIAN 2007,0,,Continuidad sin cambio explícito,53,0,0,0
UH0372,2012,SCIAN 2007,0,,Continuidad sin cambio explícito,53,0,0,0
UH0372,2013,SCIAN 2007,0,,Continuidad sin cambio explícito,53,0,0,0
UH0372,2015,SCIAN 2013,0,,Continuidad sin cambio explícito,53,0,0,0
UH0372,2016,SCIAN 2013,0,,Continuidad sin cambio explícito,53,0,0,0
UH0372,2017,SCIAN 2013,0,,Continuidad sin cambio explícito,53,0,0,0
UH0372,2018,SCIAN 2018,0,,Continuidad sin cambio explícito,53,0,0,0
UH0372,2019,SCIAN 2018,2,,Continuidad sin cambio explícito,53,2,2,0
UH0372,2020,SCIAN 2018,2,,Continuidad sin cambio explícito,53,2,2,0
UH0372,2021,SCIAN 2018,1,,Continuidad sin cambio explícito,53,1,1,0
UH0372,2022,SCIAN 2018,1,,Continuidad sin cambio explícito,53,1,1,0
UH0372,2023,SCIAN 2018,1,,Continuidad sin cambio explícito,53,1,1,0
UH0372,2024,SCIAN 2023,1,,Continuidad sin cambio explícito,53,1,1,0
UH0372,2025,SCIAN 2023,1,,Continuidad sin cambio explícito,53,1,1,0
UH0372,2026,SCIAN 2023,1,,Continuidad sin cambio explícito,53,1,1,0
UH0373,2010,SCIAN 2007,0,,Continuidad sin cambio explícito,53,0,0,0
UH0373,2011,SCIAN 2007,0,,Continuidad sin cambio explícito,53,0,0,0
UH0373,2012,SCIAN 2007,0,,Continuidad sin cambio explícito,53,0,0,0
UH0373,2013,SCIAN 2007,0,,Continuidad sin cambio explícito,53,0,0,0
UH0373,2015,SCIAN 2013,0,,Continuidad sin cambio explícito,53,0,0,0
UH0373,2016,SCIAN 2013,0,,Continuidad sin cambio explícito,53,0,0,0
UH0373,2017,SCIAN 2013,0,,Continuidad sin cambio explícito,53,0,0,0
UH0373,2018,SCIAN 2018,0,,Continuidad sin cambio explícito,53,0,0,0
UH0373,2019,SCIAN 2018,1,,Continuidad sin cambio explícito,53,1,1,0
UH0373,2020,SCIAN 2018,1,,Continuidad sin cambio explícito,53,1,1,0
UH0373,2021,SCIAN 2018,1,,Continuidad sin cambio explícito,53,1,1,0
UH0373,2022,SCIAN 2018,1,,Continuidad sin cambio explícito,53,1,1,0
UH0373,2023,SCIAN 2018,1,,Continuidad sin cambio explícito,53,1,1,0
UH0373,2024,SCIAN 2023,0,,Continuidad sin cambio explícito,53,0,0,0
UH0373,2025,SCIAN 2023,0,,Continuidad sin cambio explícito,53,0,0,0
UH0373,2026,SCIAN 2023,0,,Continuidad sin cambio explícito,53,0,0,0
UH0374,2010,SCIAN 2007,0,,Continuidad sin cambio explícito,53,0,0,0
UH0374,2011,SCIAN 2007,0,,Continuidad sin cambio explícito,53,0,0,0
UH0374,2012,SCIAN 2007,0,,Continuidad sin cambio explícito,53,0,0,0
UH0374,2013,SCIAN 2007,0,,Continuidad sin cambio explícito,53,0,0,0
UH0374,2015,SCIAN 2013,0,,Continuidad sin cambio explícito,53,0,0,0
UH0374,2016,SCIAN 2013,0,,Continuidad sin cambio explícito,53,0,0,0
UH0374,2017,SCIAN 2013,0,,Continuidad sin cambio explícito,53,0,0,0
UH0374,2018,SCIAN 2018,0,,Continuidad sin cambio explícito,53,0,0,0
UH0374,2019,SCIAN 2018,0,,Continuidad sin cambio explícito,53,0,0,0
UH0374,2020,SCIAN 2018,1,,Continuidad sin cambio explícito,53,1,1,0
UH0374,2021,SCIAN 2018,1,,Continuidad sin cambio explícito,53,1,1,0
UH0374,2022,SCIAN 2018,1,,Continuidad sin cambio explícito,53,1,1,0
UH0374,2023,SCIAN 2018,1,,Continuidad sin cambio explícito,53,1,1,0
UH0374,2024,SCIAN 2023,1,,Continuidad sin cambio explícito,53,1,1,0
UH0374,2025,SCIAN 2023,1,,Continuidad sin cambio explícito,53,1,1,0
UH0374,2026,SCIAN 2023,1,,Continuidad sin cambio explícito,53,1,1,0
UH0375,2010,SCIAN 2007,0,,Continuidad sin cambio explícito,54,0,0,0
UH0375,2011,SCIAN 2007,0,,Continuidad sin cambio explícito,54,0,0,0
UH0375,2012,SCIAN 2007,0,,Continuidad sin cambio explícito,54,0,0,0
UH0375,2013,SCIAN 2007,0,,Continuidad sin cambio explícito,54,0,0,0
UH0375,2015,SCIAN 2013,0,,Continuidad sin cambio explícito,54,0,0,0
UH0375,2016,SCIAN 2013,0,,Continuidad sin cambio explícito,54,0,0,0
UH0375,2017,SCIAN 2013,0,,Continuidad sin cambio explícito,54,0,0,0
UH0375,2018,SCIAN 2018,0,,Continuidad sin cambio explícito,54,0,0,0
UH0375,2019,SCIAN 2018,1,,Continuidad sin cambio explícito,54,1,1,0
UH0375,2020,SCIAN 2018,1,,Continuidad sin cambio explícito,54,1,1,0
UH0375,2021,SCIAN 2018,1,,Continuidad sin cambio explícito,54,1,1,0
UH0375,2022,SCIAN 2018,1,,Continuidad sin cambio explícito,54,1,1,0
UH0375,2023,SCIAN 2018,1,,Continuidad sin cambio explícito,54,1,1,0
UH0375,2024,SCIAN 2023,0,,Continuidad sin cambio explícito,54,0,0,0
UH0375,2025,SCIAN 2023,1,,Continuidad sin cambio explícito,54,1,1,0
UH0375,2026,SCIAN 2023,1,,Continuidad sin cambio explícito,54,1,1,0
UH0376,2010,SCIAN 2007,0,,Continuidad sin cambio explícito,54,0,0,0
UH0376,2011,SCIAN 2007,0,,Continuidad sin cambio explícito,54,0,0,0
UH0376,2012,SCIAN 2007,0,,Continuidad sin cambio explícito,54,0,0,0
UH0376,2013,SCIAN 2007,0,,Continuidad sin cambio explícito,54,0,0,0
UH0376,2015,SCIAN 2013,0,,Continuidad sin cambio explícito,54,0,0,0
UH0376,2016,SCIAN 2013,0,,Continuidad sin cambio explícito,54,0,0,0
UH0376,2017,SCIAN 2013,0,,Continuidad sin cambio explícito,54,0,0,0
UH0376,2018,SCIAN 2018,0,,Continuidad sin cambio explícito,54,0,0,0
UH0376,2019,SCIAN 2018,2,,Continuidad sin cambio explícito,54,2,2,0
UH0376,2020,SCIAN 2018,2,,Continuidad sin cambio explícito,54,2,2,0
UH0376,2021,SCIAN 2018,2,,Continuidad sin cambio explícito,54,2,2,0
UH0376,2022,SCIAN 2018,2,,Continuidad sin cambio explícito,54,2,2,0
UH0376,2023,SCIAN 2018,2,,Continuidad sin cambio explícito,54,2,2,0
UH0376,2024,SCIAN 2023,0,,Continuidad sin cambio explícito,54,0,0,0
UH0376,2025,SCIAN 2023,0,,Continuidad sin cambio explícito,54,0,0,0
UH0376,2026,SCIAN 2023,0,,Continuidad sin cambio explícito,54,0,0,0
UH0378,2010,SCIAN 2007,0,,Continuidad sin cambio explícito,61,0,0,0
UH0378,2011,SCIAN 2007,0,,Continuidad sin cambio explícito,61,0,0,0
UH0378,2012,SCIAN 2007,0,,Continuidad sin cambio explícito,61,0,0,0
UH0378,2013,SCIAN 2007,0,,Continuidad sin cambio explícito,61,0,0,0
UH0378,2015,SCIAN 2013,0,,Continuidad sin cambio explícito,61,0,0,0
UH0378,2016,SCIAN 2013,0,,Continuidad sin cambio explícito,61,0,0,0
UH0378,2017,SCIAN 2013,0,,Continuidad sin cambio explícito,61,0,0,0
UH0378,2018,SCIAN 2018,0,,Continuidad sin cambio explícito,61,0,0,0
UH0378,2019,SCIAN 2018,2,,Continuidad sin cambio explícito,61,2,2,0
UH0378,2020,SCIAN 2018,0,,Continuidad sin cambio explícito,61,0,0,0
UH0378,2021,SCIAN 2018,0,,Continuidad sin cambio explícito,61,0,0,0
UH0378,2022,SCIAN 2018,0,,Continuidad sin cambio explícito,61,0,0,0
UH0378,2023,SCIAN 2018,0,,Continuidad sin cambio explícito,61,0,0,0
UH0378,2024,SCIAN 2023,0,,Continuidad sin cambio explícito,61,0,0,0
UH0378,2025,SCIAN 2023,0,,Continuidad sin cambio explícito,61,0,0,0
UH0378,2026,SCIAN 2023,0,,Continuidad sin cambio explícito,61,0,0,0
UH0379,2010,SCIAN 2007,0,,Continuidad sin cambio explícito,61,0,0,0
UH0379,2011,SCIAN 2007,0,,Continuidad sin cambio explícito,61,0,0,0
UH0379,2012,SCIAN 2007,0,,Continuidad sin cambio explícito,61,0,0,0
UH0379,2013,SCIAN 2007,0,,Continuidad sin cambio explícito,61,0,0,0
UH0379,2015,SCIAN 2013,0,,Continuidad sin cambio explícito,61,0,0,0
UH0379,2016,SCIAN 2013,0,,Continuidad sin cambio explícito,61,0,0,0
UH0379,2017,SCIAN 2013,0,,Continuidad sin cambio explícito,61,0,0,0
UH0379,2018,SCIAN 2018,0,,Continuidad sin cambio explícito,61,0,0,0
UH0379,2019,SCIAN 2018,2,,Continuidad sin cambio explícito,61,2,2,0
UH0379,2020,SCIAN 2018,2,,Continuidad sin cambio explícito,61,2,2,0
UH0379,2021,SCIAN 2018,2,,Continuidad sin cambio explícito,61,2,2,0
UH0379,2022,SCIAN 2018,2,,Continuidad sin cambio explícito,61,2,2,0
UH0379,2023,SCIAN 2018,2,,Continuidad sin cambio explícito,61,2,2,0
UH0379,2024,SCIAN 2023,1,,Continuidad sin cambio explícito,61,1,1,0
UH0379,2025,SCIAN 2023,1,,Continuidad sin cambio explícito,61,1,1,0
UH0379,2026,SCIAN 2023,1,,Continuidad sin cambio explícito,61,1,1,0
UH0380,2010,SCIAN 2007,0,,Continuidad sin cambio explícito,62,0,0,0
UH0380,2011,SCIAN 2007,0,,Continuidad sin cambio explícito,62,0,0,0
UH0380,2012,SCIAN 2007,0,,Continuidad sin cambio explícito,62,0,0,0
UH0380,2013,SCIAN 2007,0,,Continuidad sin cambio explícito,62,0,0,0
UH0380,2015,SCIAN 2013,0,,Continuidad sin cambio explícito,62,0,0,0
UH0380,2016,SCIAN 2013,0,,Continuidad sin cambio explícito,62,0,0,0
UH0380,2017,SCIAN 2013,0,,Continuidad sin cambio explícito,62,0,0,0
UH0380,2018,SCIAN 2018,0,,Continuidad sin cambio explícito,62,0,0,0
UH0380,2019,SCIAN 2018,1,,Continuidad sin cambio explícito,62,1,1,0
UH0380,2020,SCIAN 2018,1,,Continuidad sin cambio explícito,62,1,1,0
UH0380,2021,SCIAN 2018,1,,Continuidad sin cambio explícito,62,1,1,0
UH0380,2022,SCIAN 2018,1,,Continuidad sin cambio explícito,62,1,1,0
UH0380,2023,SCIAN 2018,1,,Continuidad sin cambio explícito,62,1,1,0
UH0380,2024,SCIAN 2023,1,,Continuidad sin cambio explícito,62,1,1,0
UH0380,2025,SCIAN 2023,0,,Continuidad sin cambio explícito,62,0,0,0
UH0380,2026,SCIAN 2023,0,,Continuidad sin cambio explícito,62,0,0,0
UH0381,2010,SCIAN 2007,0,,Continuidad sin cambio explícito,62,0,0,0
UH0381,2011,SCIAN 2007,0,,Continuidad sin cambio explícito,62,0,0,0
UH0381,2012,SCIAN 2007,0,,Continuidad sin cambio explícito,62,0,0,0
UH0381,2013,SCIAN 2007,0,,Continuidad sin cambio explícito,62,0,0,0
UH0381,2015,SCIAN 2013,0,,Continuidad sin cambio explícito,62,0,0,0
UH0381,2016,SCIAN 2013,0,,Continuidad sin cambio explícito,62,0,0,0
UH0381,2017,SCIAN 2013,0,,Continuidad sin cambio explícito,62,0,0,0
UH0381,2018,SCIAN 2018,0,,Continuidad sin cambio explícito,62,0,0,0
UH0381,2019,SCIAN 2018,1,,Continuidad sin cambio explícito,62,1,1,0
UH0381,2020,SCIAN 2018,1,,Continuidad sin cambio explícito,62,1,1,0
UH0381,2021,SCIAN 2018,1,,Continuidad sin cambio explícito,62,1,1,0
UH0381,2022,SCIAN 2018,1,,Continuidad sin cambio explícito,62,1,1,0
UH0381,2023,SCIAN 2018,1,,Continuidad sin cambio explícito,62,1,1,0
UH0381,2024,SCIAN 2023,0,,Continuidad sin cambio explícito,62,0,0,0
UH0381,2025,SCIAN 2023,0,,Continuidad sin cambio explícito,62,0,0,0
UH0381,2026,SCIAN 2023,0,,Continuidad sin cambio explícito,62,0,0,0
UH0382,2010,SCIAN 2007,0,,Continuidad sin cambio explícito,62,0,0,0
UH0382,2011,SCIAN 2007,0,,Continuidad sin cambio explícito,62,0,0,0
UH0382,2012,SCIAN 2007,0,,Continuidad sin cambio explícito,62,0,0,0
UH0382,2013,SCIAN 2007,0,,Continuidad sin cambio explícito,62,0,0,0
UH0382,2015,SCIAN 2013,0,,Continuidad sin cambio explícito,62,0,0,0
UH0382,2016,SCIAN 2013,0,,Continuidad sin cambio explícito,62,0,0,0
UH0382,2017,SCIAN 2013,0,,Continuidad sin cambio explícito,62,0,0,0
UH0382,2018,SCIAN 2018,0,,Continuidad sin cambio explícito,62,0,0,0
UH0382,2019,SCIAN 2018,0,,Continuidad sin cambio explícito,62,0,0,0
UH0382,2020,SCIAN 2018,1,,Continuidad sin cambio explícito,62,1,1,0
UH0382,2021,SCIAN 2018,1,,Continuidad sin cambio explícito,62,1,1,0
UH0382,2022,SCIAN 2018,1,,Continuidad sin cambio explícito,62,1,1,0
UH0382,2023,SCIAN 2018,1,,Continuidad sin cambio explícito,62,1,1,0
UH0382,2024,SCIAN 2023,1,,Continuidad sin cambio explícito,62,1,1,0
UH0382,2025,SCIAN 2023,1,,Continuidad sin cambio explícito,62,1,1,0
UH0382,2026,SCIAN 2023,1,,Continuidad sin cambio explícito,62,1,1,0
UH0383,2010,SCIAN 2007,0,,Continuidad sin cambio explícito,62,0,0,0
UH0383,2011,SCIAN 2007,0,,Continuidad sin cambio explícito,62,0,0,0
UH0383,2012,SCIAN 2007,0,,Continuidad sin cambio explícito,62,0,0,0
UH0383,2013,SCIAN 2007,0,,Continuidad sin cambio explícito,62,0,0,0
UH0383,2015,SCIAN 2013,0,,Continuidad sin cambio explícito,62,0,0,0
UH0383,2016,SCIAN 2013,0,,Continuidad sin cambio explícito,62,0,0,0
UH0383,2017,SCIAN 2013,0,,Continuidad sin cambio explícito,62,0,0,0
UH0383,2018,SCIAN 2018,0,,Continuidad sin cambio explícito,62,0,0,0
UH0383,2019,SCIAN 2018,2,,Continuidad sin cambio explícito,62,2,2,0
UH0383,2020,SCIAN 2018,2,,Continuidad sin cambio explícito,62,2,2,0
UH0383,2021,SCIAN 2018,2,,Continuidad sin cambio explícito,62,2,2,0
UH0383,2022,SCIAN 2018,2,,Continuidad sin cambio explícito,62,2,2,0
UH0383,2023,SCIAN 2018,3,,Continuidad sin cambio explícito,62,3,3,0
UH0383,2024,SCIAN 2023,4,,Continuidad sin cambio explícito,62,4,4,0
UH0383,2025,SCIAN 2023,2,,Continuidad sin cambio explícito,62,2,2,0
UH0383,2026,SCIAN 2023,2,,Continuidad sin cambio explícito,62,2,2,0
UH0384,2010,SCIAN 2007,0,,Continuidad sin cambio explícito,62,0,0,0
UH0384,2011,SCIAN 2007,0,,Continuidad sin cambio explícito,62,0,0,0
UH0384,2012,SCIAN 2007,0,,Continuidad sin cambio explícito,62,0,0,0
UH0384,2013,SCIAN 2007,0,,Continuidad sin cambio explícito,62,0,0,0
UH0384,2015,SCIAN 2013,0,,Continuidad sin cambio explícito,62,0,0,0
UH0384,2016,SCIAN 2013,0,,Continuidad sin cambio explícito,62,0,0,0
UH0384,2017,SCIAN 2013,0,,Continuidad sin cambio explícito,62,0,0,0
UH0384,2018,SCIAN 2018,0,,Continuidad sin cambio explícito,62,0,0,0
UH0384,2019,SCIAN 2018,1,,Continuidad sin cambio explícito,62,1,1,0
UH0384,2020,SCIAN 2018,1,,Continuidad sin cambio explícito,62,1,1,0
UH0384,2021,SCIAN 2018,1,,Continuidad sin cambio explícito,62,1,1,0
UH0384,2022,SCIAN 2018,1,,Continuidad sin cambio explícito,62,1,1,0
UH0384,2023,SCIAN 2018,1,,Continuidad sin cambio explícito,62,1,1,0
UH0384,2024,SCIAN 2023,0,,Continuidad sin cambio explícito,62,0,0,0
UH0384,2025,SCIAN 2023,1,,Continuidad sin cambio explícito,62,1,1,0
UH0384,2026,SCIAN 2023,1,,Continuidad sin cambio explícito,62,1,1,0
UH0385,2010,SCIAN 2007,0,,Continuidad sin cambio explícito,62,0,0,0
UH0385,2011,SCIAN 2007,0,,Continuidad sin cambio explícito,62,0,0,0
UH0385,2012,SCIAN 2007,0,,Continuidad sin cambio explícito,62,0,0,0
UH0385,2013,SCIAN 2007,0,,Continuidad sin cambio explícito,62,0,0,0
UH0385,2015,SCIAN 2013,0,,Continuidad sin cambio explícito,62,0,0,0
UH0385,2016,SCIAN 2013,0,,Continuidad sin cambio explícito,62,0,0,0
UH0385,2017,SCIAN 2013,0,,Continuidad sin cambio explícito,62,0,0,0
UH0385,2018,SCIAN 2018,0,,Continuidad sin cambio explícito,62,0,0,0
UH0385,2019,SCIAN 2018,3,,Continuidad sin cambio explícito,62,3,3,0
UH0385,2020,SCIAN 2018,3,,Continuidad sin cambio explícito,62,3,3,0
UH0385,2021,SCIAN 2018,3,,Continuidad sin cambio explícito,62,3,3,0
UH0385,2022,SCIAN 2018,3,,Continuidad sin cambio explícito,62,3,3,0
UH0385,2023,SCIAN 2018,3,,Continuidad sin cambio explícito,62,3,3,0
UH0385,2024,SCIAN 2023,3,,Continuidad sin cambio explícito,62,3,3,0
UH0385,2025,SCIAN 2023,3,,Continuidad sin cambio explícito,62,3,3,0
UH0385,2026,SCIAN 2023,4,,Continuidad sin cambio explícito,62,4,4,0
UH0386,2010,SCIAN 2007,0,,Continuidad sin cambio explícito,71,0,0,0
UH0386,2011,SCIAN 2007,0,,Continuidad sin cambio explícito,71,0,0,0
UH0386,2012,SCIAN 2007,0,,Continuidad sin cambio explícito,71,0,0,0
UH0386,2013,SCIAN 2007,0,,Continuidad sin cambio explícito,71,0,0,0
UH0386,2015,SCIAN 2013,0,,Continuidad sin cambio explícito,71,0,0,0
UH0386,2016,SCIAN 2013,0,,Continuidad sin cambio explícito,71,0,0,0
UH0386,2017,SCIAN 2013,0,,Continuidad sin cambio explícito,71,0,0,0
UH0386,2018,SCIAN 2018,0,,Continuidad sin cambio explícito,71,0,0,0
UH0386,2019,SCIAN 2018,2,,Continuidad sin cambio explícito,71,2,2,0
UH0386,2020,SCIAN 2018,2,,Continuidad sin cambio explícito,71,2,2,0
UH0386,2021,SCIAN 2018,2,,Continuidad sin cambio explícito,71,2,2,0
UH0386,2022,SCIAN 2018,2,,Continuidad sin cambio explícito,71,2,2,0
UH0386,2023,SCIAN 2018,2,,Continuidad sin cambio explícito,71,2,2,0
UH0386,2024,SCIAN 2023,1,,Continuidad sin cambio explícito,71,1,1,0
UH0386,2025,SCIAN 2023,1,,Continuidad sin cambio explícito,71,1,1,0
UH0386,2026,SCIAN 2023,1,,Continuidad sin cambio explícito,71,1,1,0
UH0387,2010,SCIAN 2007,0,,Continuidad sin cambio explícito,72,0,0,0
UH0387,2011,SCIAN 2007,0,,Continuidad sin cambio explícito,72,0,0,0
UH0387,2012,SCIAN 2007,0,,Continuidad sin cambio explícito,72,0,0,0
UH0387,2013,SCIAN 2007,0,,Continuidad sin cambio explícito,72,0,0,0
UH0387,2015,SCIAN 2013,0,,Continuidad sin cambio explícito,72,0,0,0
UH0387,2016,SCIAN 2013,0,,Continuidad sin cambio explícito,72,0,0,0
UH0387,2017,SCIAN 2013,0,,Continuidad sin cambio explícito,72,0,0,0
UH0387,2018,SCIAN 2018,0,,Continuidad sin cambio explícito,72,0,0,0
UH0387,2019,SCIAN 2018,6,,Continuidad sin cambio explícito,72,6,6,0
UH0387,2020,SCIAN 2018,0,,Continuidad sin cambio explícito,72,0,0,0
UH0387,2021,SCIAN 2018,0,,Continuidad sin cambio explícito,72,0,0,0
UH0387,2022,SCIAN 2018,0,,Continuidad sin cambio explícito,72,0,0,0
UH0387,2023,SCIAN 2018,0,,Continuidad sin cambio explícito,72,0,0,0
UH0387,2024,SCIAN 2023,13,,Continuidad sin cambio explícito,72,13,13,0
UH0387,2025,SCIAN 2023,5,,Continuidad sin cambio explícito,72,5,5,0
UH0387,2026,SCIAN 2023,5,,Continuidad sin cambio explícito,72,5,5,0
UH0389,2010,SCIAN 2007,0,,Continuidad sin cambio explícito,48,0,0,0
UH0389,2011,SCIAN 2007,0,,Continuidad sin cambio explícito,48,0,0,0
UH0389,2012,SCIAN 2007,0,,Continuidad sin cambio explícito,48,0,0,0
UH0389,2013,SCIAN 2007,0,,Continuidad sin cambio explícito,48,0,0,0
UH0389,2015,SCIAN 2013,0,,Continuidad sin cambio explícito,48,0,0,0
UH0389,2016,SCIAN 2013,0,,Continuidad sin cambio explícito,48,0,0,0
UH0389,2017,SCIAN 2013,0,,Continuidad sin cambio explícito,48,0,0,0
UH0389,2018,SCIAN 2018,0,,Continuidad sin cambio explícito,48,0,0,0
UH0389,2019,SCIAN 2018,0,,Continuidad sin cambio explícito,48,0,0,0
UH0389,2020,SCIAN 2018,0,,Continuidad sin cambio explícito,48,0,0,0
UH0389,2021,SCIAN 2018,0,,Continuidad sin cambio explícito,48,0,0,0
UH0389,2022,SCIAN 2018,0,,Continuidad sin cambio explícito,48,0,0,0
UH0389,2023,SCIAN 2018,0,,Continuidad sin cambio explícito,48,0,0,0
UH0389,2024,SCIAN 2023,1,,Continuidad sin cambio explícito,48,1,1,0
UH0389,2025,SCIAN 2023,1,,Continuidad sin cambio explícito,48,1,1,0
UH0389,2026,SCIAN 2023,1,,Continuidad sin cambio explícito,48,1,1,0
UH0390,2010,SCIAN 2007,0,,Continuidad sin cambio explícito,54,0,0,0
UH0390,2011,SCIAN 2007,0,,Continuidad sin cambio explícito,54,0,0,0
UH0390,2012,SCIAN 2007,0,,Continuidad sin cambio explícito,54,0,0,0
UH0390,2013,SCIAN 2007,0,,Continuidad sin cambio explícito,54,0,0,0
UH0390,2015,SCIAN 2013,0,,Continuidad sin cambio explícito,54,0,0,0
UH0390,2016,SCIAN 2013,0,,Continuidad sin cambio explícito,54,0,0,0
UH0390,2017,SCIAN 2013,0,,Continuidad sin cambio explícito,54,0,0,0
UH0390,2018,SCIAN 2018,0,,Continuidad sin cambio explícito,54,0,0,0
UH0390,2019,SCIAN 2018,0,,Continuidad sin cambio explícito,54,0,0,0
UH0390,2020,SCIAN 2018,0,,Continuidad sin cambio explícito,54,0,0,0
UH0390,2021,SCIAN 2018,0,,Continuidad sin cambio explícito,54,0,0,0
UH0390,2022,SCIAN 2018,0,,Continuidad sin cambio explícito,54,0,0,0
UH0390,2023,SCIAN 2018,0,,Continuidad sin cambio explícito,54,0,0,0
UH0390,2024,SCIAN 2023,1,,Continuidad sin cambio explícito,54,1,1,0
UH0390,2025,SCIAN 2023,1,,Continuidad sin cambio explícito,54,1,1,0
UH0390,2026,SCIAN 2023,1,,Continuidad sin cambio explícito,54,1,1,0
UH0391,2010,SCIAN 2007,0,,Continuidad sin cambio explícito,71,0,0,0
UH0391,2011,SCIAN 2007,0,,Continuidad sin cambio explícito,71,0,0,0
UH0391,2012,SCIAN 2007,0,,Continuidad sin cambio explícito,71,0,0,0
UH0391,2013,SCIAN 2007,0,,Continuidad sin cambio explícito,71,0,0,0
UH0391,2015,SCIAN 2013,0,,Continuidad sin cambio explícito,71,0,0,0
UH0391,2016,SCIAN 2013,0,,Continuidad sin cambio explícito,71,0,0,0
UH0391,2017,SCIAN 2013,0,,Continuidad sin cambio explícito,71,0,0,0
UH0391,2018,SCIAN 2018,0,,Continuidad sin cambio explícito,71,0,0,0
UH0391,2019,SCIAN 2018,0,,Continuidad sin cambio explícito,71,0,0,0
UH0391,2020,SCIAN 2018,0,,Continuidad sin cambio explícito,71,0,0,0
UH0391,2021,SCIAN 2018,0,,Continuidad sin cambio explícito,71,0,0,0
UH0391,2022,SCIAN 2018,0,,Continuidad sin cambio explícito,71,0,0,0
UH0391,2023,SCIAN 2018,0,,Continuidad sin cambio explícito,71,0,0,0
UH0391,2024,SCIAN 2023,1,,Continuidad sin cambio explícito,71,1,1,0
UH0391,2025,SCIAN 2023,1,,Continuidad sin cambio explícito,71,1,1,0
UH0391,2026,SCIAN 2023,1,,Continuidad sin cambio explícito,71,1,1,0
UH0392,2010,SCIAN 2007,0,,Continuidad sin cambio explícito,71,0,0,0
UH0392,2011,SCIAN 2007,0,,Continuidad sin cambio explícito,71,0,0,0
UH0392,2012,SCIAN 2007,0,,Continuidad sin cambio explícito,71,0,0,0
UH0392,2013,SCIAN 2007,0,,Continuidad sin cambio explícito,71,0,0,0
UH0392,2015,SCIAN 2013,0,,Continuidad sin cambio explícito,71,0,0,0
UH0392,2016,SCIAN 2013,0,,Continuidad sin cambio explícito,71,0,0,0
UH0392,2017,SCIAN 2013,0,,Continuidad sin cambio explícito,71,0,0,0
UH0392,2018,SCIAN 2018,0,,Continuidad sin cambio explícito,71,0,0,0
UH0392,2019,SCIAN 2018,0,,Continuidad sin cambio explícito,71,0,0,0
UH0392,2020,SCIAN 2018,0,,Continuidad sin cambio explícito,71,0,0,0
UH0392,2021,SCIAN 2018,0,,Continuidad sin cambio explícito,71,0,0,0
UH0392,2022,SCIAN 2018,0,,Continuidad sin cambio explícito,71,0,0,0
UH0392,2023,SCIAN 2018,0,,Continuidad sin cambio explícito,71,0,0,0
UH0392,2024,SCIAN 2023,1,,Continuidad sin cambio explícito,71,1,1,0
UH0392,2025,SCIAN 2023,1,,Continuidad sin cambio explícito,71,1,1,0
UH0392,2026,SCIAN 2023,0,,Continuidad sin cambio explícito,71,0,0,0
